date,open,high,low,close,volume,log_return,rvol_5d,rvol_21d,rvol_63d
2021-04-13,384.36197181036624,386.22993756231864,383.97903541086856,385.6041564941406,56551000,0.0029591496363533957,,,
2021-04-14,385.5761956165632,386.6316009841835,383.7455968876172,384.2873229980469,61659900,-0.003420832195998302,,,
2021-04-15,386.4261388821726,388.6863904096903,386.3794511307246,388.41552734375,60229800,0.010685203559055969,,,
2021-04-16,389.7044266833597,390.3208589152381,388.2847827117887,389.7137756347656,82037300,0.0033368477209734263,,,
2021-04-19,388.77974091961784,389.228034481116,386.4728019580856,387.7990417480469,78498500,-0.004925289241848318,0.09885381904161626,,
2021-04-20,386.58486845168517,387.6869614412357,383.4840383597904,384.9597473144531,81851800,-0.007348495418454929,0.11630435861114936,,
2021-04-21,384.34336511048394,388.80780284580254,384.2032448539139,388.6023254394531,66793000,0.0094177446804459,0.12977469407534717,,
2021-04-22,388.43420402767475,389.26543407718646,383.9884358212958,385.05316162109375,97582800,-0.009175114184216815,0.12478207724620473,,
2021-04-23,385.6134878217857,390.6383200253725,385.53878173639555,389.2279968261719,73209200,0.010783875127962418,0.15208000495110338,,
2021-04-26,389.8818882565418,390.61039389838606,389.2934743721866,390.0406494140625,52182400,0.0020856809430287327,0.14654393984403216,,
2021-04-27,390.3394793906885,390.53563632822335,388.81708265316865,389.95654296875,51303100,-0.00021565832918329198,0.12805845637680224,,
2021-04-28,390.22741885643023,391.34820981136744,389.37749094113417,389.844482421875,51238900,-0.000287408054100125,0.11306530732398008,,
2021-04-29,392.57179370789436,392.9453812570922,388.94793462457886,392.3289489746094,78544300,0.0063527468680248935,0.07573594818157998,,
2021-04-30,390.05929844599274,390.90922633880604,388.8544524767412,389.7510681152344,85527000,-0.006592394995886395,0.07443076225663064,,
2021-05-03,391.7404249655094,392.12336135927444,390.0966345103683,390.5916442871094,68128300,0.002154377771797514,0.07453794046409787,,
2021-05-04,388.6023105837801,389.0973204297574,384.49279111679294,388.1820068359375,101591200,-0.006188306801279021,0.08791225755479493,,
2021-05-05,389.8257718711052,390.05926758682625,387.74297982583107,388.3033752441406,60162200,0.0003126096433815627,0.08828332537604865,,
2021-05-06,388.3780814635263,391.53494810160834,386.37002400822354,391.4042053222656,74321400,0.007953870150767104,0.0967707703501341,,
2021-05-07,392.17010496663084,394.9066681025146,391.4882871687611,394.25286865234375,67733800,0.007251702830744717,0.09136735615514814,,
2021-05-10,394.60780651677413,394.8319533096077,390.22742408846256,390.3488464355469,81852400,-0.009951684686824534,0.12630034429444648,,
2021-05-11,385.8283743617133,387.85510146471046,382.9890581244751,386.8650817871094,116888000,-0.00896481098391669,0.13587390107575353,0.1087105515029536,
2021-05-12,384.0818451111226,385.35204832878026,377.3291376588085,378.64605712890625,134811000,-0.02147412383694432,0.19915008090279646,0.13169009404597243,
2021-05-13,380.1964417898234,385.1278705672436,380.14972554113865,383.19451904296875,106394000,0.011940860335030272,0.21676721572860574,0.1385116584076681,
2021-05-14,385.93109523135814,389.9285412046908,385.9030768823611,389.07861328125,82201600,0.015238671027534857,0.24853068486472643,0.14379133520062556,
2021-05-17,387.96716817788194,388.9011510722619,386.0711555395105,388.08856201171875,65129200,-0.0025478477130399875,0.24023194464248723,0.1435573516640594,
2021-05-18,388.3500945443385,388.59293922934893,384.5861444411635,384.74493408203125,59810200,-0.008652960331173324,0.23960315063132845,0.1456689209312705,
2021-05-19,380.0564000490199,383.9137261518179,378.5713418982046,383.73626708984375,106467100,-0.002625093677987469,0.16409084228948673,0.14372643133587693,
2021-05-20,384.6142002311314,389.1253542262279,384.4928063797059,387.8644714355469,78022200,0.010700466003850346,0.15985781953419478,0.14486668374031908,
2021-05-21,389.3494858539395,390.59169919664373,387.0892629717918,387.5469055175781,76578700,-0.0008190902149808509,0.11233819334000399,0.14110730147396286,
2021-05-24,389.78844536691764,392.5717248506236,389.54560067622776,391.4976501464844,51376700,0.010142625267886663,0.1338810881354043,0.14052370065351857,
2021-05-25,392.5811106477631,392.9360287923444,390.0500243839531,390.62908935546875,57451400,-0.0022210240468590963,0.1076059124397182,0.14061711972050064,
2021-05-26,391.21739734846744,391.9085355463097,390.1806900517041,391.4042053222656,43088600,0.0019823100266796226,0.09676118499415731,0.1407665652300368,
2021-05-27,392.43165081383626,392.9453300641983,391.3295292083679,391.6097412109375,56707700,0.0005249865453930844,0.07704133833484673,0.14076096547486258,
2021-05-28,393.178808495256,393.44032258439506,392.07671544123446,392.3102111816406,58520200,0.0017870961314104816,0.07333205245976789,0.13913170902409716,
2021-06-01,394.67317493272026,394.81326667212426,391.5256570082224,391.9646301269531,54216600,-0.0008812754377715133,0.028424073743466328,0.13711521990827016,
2021-06-02,392.61848302859596,393.4217233403322,391.6097937914491,392.58111572265625,49097100,0.0015715736803103377,0.0189098940136334,0.13702911950065558,
2021-06-03,390.26480554943856,392.2635143648258,388.7984453863478,391.1240539550781,58138800,-0.0037183969247329245,0.03588459943016092,0.13583061481917036,
2021-06-04,392.9733282256469,395.0000837788047,391.1894173616605,394.7012023925781,55938800,0.009104245802526872,0.07562826606923585,0.139165626603753,
2021-06-07,394.6919163983461,394.869375468293,393.38434575366006,394.3183288574219,51555000,-0.0009705046581074992,0.0776426625688063,0.13678098268048847,
2021-06-08,395.1775982610188,395.27100227691767,392.57180578573457,394.40240478515625,47134300,0.0002131956837612612,0.076330908895605,0.13446166213286928,
2021-06-09,395.242896577049,395.3176311744139,393.5897570222941,393.81390380859375,48436300,-0.0014932476770626209,0.07856072300262357,0.1296665097944992,
2021-06-10,395.0374479909109,396.5972121670287,393.7205285195885,395.64453125,51020100,0.004637687410068282,0.07152439578713633,0.12576365868860942,
2021-06-11,396.1955848814836,396.410382721431,394.90668383020704,396.2983093261719,45570800,0.00165107427252036,0.03903797048789191,0.09537779004570902,
2021-06-14,396.4103556235315,397.2883018302443,395.1681709071251,397.1855773925781,42358500,0.0022363867774953324,0.036383953908153695,0.08852965480489615,
2021-06-15,397.3350079519186,397.3723467449024,395.5791155832376,396.4570617675781,51508500,-0.0018358787536661382,0.04306362737198383,0.07425549091895645,
2021-06-16,396.59718555484613,396.8213323424478,392.19813383077667,394.2435302734375,80386100,-0.00559892656941622,0.06335712602674083,0.07674806866807068,
2021-06-17,393.832670472112,395.0935248680887,391.6378044633818,394.11285400390625,90949700,-0.00033151572901340195,0.049914343405484556,0.06891709544036421,
2021-06-18,390.82940868218697,391.52280806426444,388.5899013988071,388.7960510253906,118676300,-0.013582384059259886,0.09761685642026872,0.08503810108615148,
2021-06-21,390.5577162541795,394.5495102417298,389.742497165714,394.3620910644531,72822000,0.014214584411108757,0.16094918479783316,0.09095062233477956,
2021-06-22,394.352770816312,397.30443721316965,393.6312326641742,396.470458984375,57700300,0.00533203372816872,0.16770420273708253,0.09206766865871627,
2021-06-23,396.5453419827774,397.35118140093033,395.908162638729,395.99249267578125,49445400,-0.0012062806609453405,0.16122836985676023,0.08620520953074436,
2021-06-24,398.13831292432985,398.75673318670397,397.88529422084855,398.3350830078125,45110300,0.005898314990750372,0.16430310656788277,0.0875029050995171,
2021-06-25,399.08474110668726,400.19981934817787,398.7567718716343,399.7500305175781,58129500,0.0035458598796328316,0.08870836474231412,0.08790647118720124,
2021-06-28,400.274777553691,400.72453776466034,399.07536933086004,400.5558776855469,53159600,0.002013848534809786,0.045411711371261876,0.08795538528347632,
2021-06-29,400.9401139563176,401.57729339402437,400.237334948101,400.7714538574219,35970500,0.0005380477330295838,0.043386746816807945,0.08793449853925812,
2021-06-30,400.3122456149289,401.78340305544015,400.2841356012442,401.1087341308594,64827900,0.0008412236600421736,0.03501107594655736,0.08766823843760603,
2021-07-01,401.86778124712555,403.48886848690523,401.8021816752853,403.3295593261719,53441000,0.005521444852749479,0.03278362372796996,0.08899472940795408,
2021-07-02,404.49143596219454,406.7684327334074,403.41381877275404,406.412353515625,57697700,0.00761430039610858,0.049489262340697074,0.08962132113743448,
2021-07-06,406.468546524495,406.68407566728763,402.93592178588835,405.67205810546875,68710400,-0.0018231986838500678,0.06177237988560057,0.08637496667469681,
2021-07-07,406.35612403799763,407.38687211913964,404.34149695894274,407.1057434082031,63549500,0.003527868962508127,0.05926888002197271,0.08628702423477544,
2021-07-08,401.78332881021294,404.5476035617082,400.602651261336,403.7886047363281,97595200,-0.00818147809910254,0.10111891144850306,0.09256073706555781,
2021-07-09,405.2973236629894,408.3989192878367,403.5919064673389,408.09906005859375,76238600,0.010618453783649333,0.1192690064636097,0.09762280028557328,
2021-07-12,408.01468314938586,409.8138097220538,407.58365342944904,409.560791015625,52889600,0.003575404888188731,0.11121534597000778,0.09728835810628023,0.1097537053407344
2021-07-13,408.7736505814926,410.2729178438437,407.9022116726275,408.1645812988281,52911300,-0.0034148654814201455,0.11476807117597851,0.0988552534658591,0.11003211968600704
2021-07-14,409.8606497735151,410.3479281135863,407.52743297051677,408.773681640625,64130400,0.001491178666236602,0.11309211022168136,0.09880997304958303,0.10968567604097992
2021-07-15,407.43375298751454,408.10842192602513,405.4753457373174,407.3775329589844,55126400,-0.0034213023727179244,0.09238118421069719,0.09960740064124018,0.10823151487687979
2021-07-16,408.5582032401322,408.60504373099667,403.7886802665075,404.1822204589844,75874700,-0.007874537883039745,0.07177853120655088,0.10187761787161659,0.10946086937047637
2021-07-19,399.35647556745073,404.24781810954704,395.4021716073947,398.2132873535156,147987000,-0.014878057397304155,0.09755408779903521,0.11607925958969119,0.11323963037322497
2021-07-20,398.8786488172806,405.1943094468539,398.08216015939104,403.919921875,99608200,0.014228885518020765,0.17351543643966416,0.11354043990878138,0.11542450120774239
2021-07-21,405.11927714998365,407.3307031828911,403.8730283565818,407.19012451171875,64724400,0.008063567627158465,0.18775245468479965,0.10688213694789231,0.11504294629450262
2021-07-22,407.3681167667281,408.2864248103382,406.3842377598322,408.04278564453125,47878500,0.002091822921050709,0.1869371577861811,0.10601351953638058,0.11328894876600692
2021-07-23,409.97316793833465,412.57813441994017,409.2891479785124,412.2408142089844,63766600,0.010235643421044742,0.18100329276150326,0.1098500579861088,0.11310009297994242
2021-07-26,411.65041860813767,413.2621261186514,411.60357811733337,413.25274658203125,43719200,0.002451703872670837,0.08240086290261231,0.10892017673881244,0.11311790198841182
2021-07-27,412.21268332890685,412.2407933450638,408.5394791728748,411.3693542480469,67397100,-0.0045678999069929645,0.09196529450375802,0.11084476726177206,0.11362887701080612
2021-07-28,411.99714163798257,412.5781010183634,409.77636464052375,411.2006530761719,52472400,-0.0004101807086040059,0.08584596336731944,0.11098378497159345,0.11363413068351508
2021-07-29,412.12830695326727,413.9836250033735,412.11892741688575,412.9060363769531,47435300,0.004138749889872723,0.08726192471724432,0.11139333570230242,0.11328382224662677
2021-07-30,410.33855849930256,412.3531856804309,410.207359374989,410.9007873535156,68951200,-0.004868260194095459,0.06436220182932241,0.11350324781624518,0.11287757278256008
2021-08-02,412.61555230549715,413.16840161930367,409.68261706413523,410.0386962890625,58783300,-0.002100255618169379,0.058370797417770466,0.11287240644069946,0.11299669440716394
2021-08-03,410.8352061543172,413.49639234731455,408.642539261414,413.37457275390625,58053900,0.008102601308143201,0.08184675026619542,0.11325665468325617,0.11303394373291459
2021-08-04,412.09086705960937,413.3464954516936,411.1069878900075,411.34124755859375,46732200,-0.004930981715603546,0.09228525971878766,0.11466953155593673,0.11364801960154527
2021-08-05,412.5031195904007,414.0304970317783,412.18452990878626,413.9461669921875,38969700,0.006312777920555321,0.09934670870413385,0.1159455731044229,0.11328168981699811
2021-08-06,414.2647578157139,415.0518667835452,413.983629086822,414.63018798828125,46930000,0.001651075721318587,0.08717547348333227,0.1112641374183811,0.11255452758919596
2021-08-09,414.6021178906313,414.92070760379596,413.5245291498375,414.29290771484375,41222600,-0.0008137794538459559,0.08396200737672085,0.10607756048175548,0.11047114217577592
2021-08-10,414.74262797604996,415.52038600343246,414.05860812109773,414.8082275390625,43339300,0.001243080894875734,0.06482455681355923,0.10559233762294144,0.10862026502464987
2021-08-11,415.87644828844924,415.93266831269824,414.75199061117655,415.8389587402344,44034300,0.0024817557856811334,0.0414648995718765,0.10473522998366772,0.098470783655585
2021-08-12,415.68902682349017,417.2257837341095,414.7894778443805,417.085205078125,38909400,0.0029924627523622927,0.023321348606347388,0.1049731922490802,0.09621005817361312
2021-08-13,417.5349995492506,417.86296875743454,417.0477498031309,417.84423828125,39470300,0.0018181977369841119,0.023414617030353226,0.10378105856142268,0.09198422372181608
2021-08-16,416.5417789840265,418.95932605512974,414.9862914344037,418.8281555175781,73740000,0.002351978378132777,0.010617588831296392,0.09841157749443345,0.09170906172404138
2021-08-17,416.2700627013434,416.9447317088072,413.0935163801424,416.0826721191406,92673900,-0.006576734193678635,0.06415094418671638,0.08393336635059263,0.09089186680735065
2021-08-18,415.07056886412056,416.6354357523996,411.2849538867955,411.528564453125,89351900,-0.011005538425562037,0.1005415542460592,0.08346917858418651,0.09383904460718491
2021-08-19,408.8018367196642,413.36523891211175,408.6612866430519,412.1658020019531,92812200,0.001547267292118152,0.09638197862703941,0.0793627882343386,0.09180025977348295
2021-08-20,412.51243676360053,415.77331218605866,412.0251584803231,415.4453430175781,72008700,0.007925360119596271,0.11997661055749835,0.0832424252543381,0.09277045724969527
2021-08-23,417.1321276721808,420.00884318252696,415.52042005494565,419.09991455078125,54973000,0.008758290484941048,0.1388915528667391,0.0812791491265066,0.09226213812739635
2021-08-24,419.76513671875,420.2992555252089,419.2497769837676,419.76513671875,38744700,0.0015860055354658554,0.12550457846318933,0.08111072964579433,0.09202213629024752
2021-08-25,419.9525966891945,421.16135587884156,419.57775837696613,420.64599609375,40529700,0.0020962589931802426,0.057666880460100836,0.07886522289310961,0.09202664839053398
2021-08-26,420.3647982049888,420.5990578135191,418.0690711990779,418.16278076171875,57829600,-0.005920831195128699,0.09383192268477661,0.08239270371927748,0.09309949456735594
2021-08-27,418.96867606210947,422.27642103261843,418.9124560362428,421.901611328125,77235100,0.008901353964020387,0.09732309279367751,0.08638006328447909,0.09440918709318896
2021-08-30,422.57637156986203,424.5441586889523,422.33273234101506,423.7570495605469,48357400,0.004388156346244979,0.08549837543516599,0.08434878518521549,0.09453554210484669
2021-08-31,423.6632387027082,424.0005588501911,422.5294300788062,423.1291198730469,59300200,-0.0014829142929324607,0.08958802679911228,0.08404637988734676,0.09468898335998752
2021-09-01,424.06619292133183,424.5815527206417,423.11977477029654,423.3540344238281,48721400,0.0005314094082852786,0.08972666814481611,0.08056834765066631,0.09417376039466896
2021-09-02,424.77834425136786,425.4623641266029,423.45711639620544,424.6565246582031,42501000,0.0030718750955684355,0.06295747681833654,0.07769349977877964,0.09289478811623318
2021-09-03,423.52271669627993,425.068824666954,423.11976836523195,424.5534362792969,47170500,-0.00024278655257138168,0.0383795646342046,0.07589285491741994,0.09283829985613154
2021-09-07,424.20672913760086,424.30043871518234,422.3607619842241,423.0354309082031,51671500,-0.003581941794894259,0.03906720285424224,0.07764982286768159,0.0933068234361201
2021-09-08,422.501380605156,423.2322696255754,420.5991646484169,422.5201110839844,56181900,-0.0012188906876661532,0.038623404063881754,0.0777787134388554,0.09327729100101426
2021-09-09,422.32328581858627,424.0755433312676,420.46793919543404,420.7115783691406,57970400,-0.00428953396928106,0.04653339584769027,0.07983786244644418,0.09361583574971394
2021-09-10,422.6419229191683,423.0635731561892,417.27268113189905,417.3945007324219,89948200,-0.007915692391657238,0.04757634040576423,0.0848376247421562,0.09527563866393755
2021-09-13,420.3929414709391,420.65531109155603,416.1481298650124,418.4626159667969,83738600,0.0025557378035745834,0.06155529991771283,0.08466838021583849,0.09529702930255017
2021-09-14,419.90575326564493,420.1119029115105,415.314269621711,416.2044677734375,78197100,-0.005410908724782412,0.06416457022358649,0.08656343589343472,0.0959691239436732
2021-09-15,416.6260619263352,420.1774459218341,415.5203633365021,419.6808166503906,78792200,0.008317813423935543,0.10558682499343387,0.0911156771711061,0.09625010886096166
2021-09-16,419.15608350800755,420.1305829932493,416.063839190952,419.0155334472656,77786700,-0.001586470103475339,0.10254344701275786,0.08810031633157347,0.09635294406254974
2021-09-17,418.24282930799984,418.6658303177403,414.5766484303606,414.9338684082031,118425000,-0.00978883760209119,0.11121847659622966,0.08620751376594882,0.09430064022473053
2021-09-20,408.8047977762208,410.38405885600616,403.14573587535295,408.0151672363281,166445500,-0.01681480598733053,0.14885086608978046,0.10461044990753643,0.09705119969783295
2021-09-21,410.3558724154265,411.6531328768098,407.1033403647797,407.6297607421875,92526100,-0.0009450350504340796,0.15153353853796797,0.100041139365442,0.09660244860101629
2021-09-22,409.9046994331068,413.64607141513255,407.7426174898221,411.6061706542969,102350100,0.009707682457374283,0.1588884460680598,0.10124337864254104,0.09829740731579469
2021-09-23,413.4767946462248,418.2146065121486,413.24178453544346,416.60711669921875,76396000,0.01207661577334985,0.19649958433188788,0.11053175434584303,0.10040155088686935
2021-09-24,414.97146438680744,418.00780541065916,414.7552447526697,417.2933654785156,62094800,0.0016458772932242405,0.18099600402946173,0.11041661877167637,0.100255377280733
2021-09-27,416.2593696919336,417.4250108387706,415.40392931593607,416.0995788574219,61371100,-0.002864884915846565,0.10497072506673677,0.10898292516018555,0.10046650442194541
2021-09-28,413.32646012046985,413.655480073126,406.981185972043,407.71441650390625,130436300,-0.020357634100861093,0.2047480564238944,0.12415099728548085,0.10886363699985066
2021-09-29,409.09622503378733,410.83530568589765,407.8365742138815,408.4006042480469,82329200,0.0016815960701386534,0.1881307659018235,0.12284537486405783,0.10889444736877743
2021-09-30,409.8764511666684,410.58148154628566,403.07056708218,403.40899658203125,140506000,-0.012297638678542654,0.1531161173899696,0.12813897640855948,0.11121920203963541
2021-10-01,405.1386431605833,409.8858359543711,401.61349147576334,408.2031555175781,129240100,0.011814053507753596,0.19751750485109226,0.13691034436434693,0.11269475391055382
2021-10-04,407.037558391636,407.9399892875987,400.79567536580527,402.9389953613281,128570000,-0.012979806454684717,0.20544330263020635,0.14103814408358364,0.11562727516086332
2021-10-05,404.4430607487151,409.3782739253751,403.64404918460883,407.131591796875,90682500,0.010351280340229958,0.1893075245149927,0.14778741885049707,0.11729252800253585
2021-10-06,403.53123602954014,409.03047952232674,401.9049840791868,408.82366943359375,113032200,0.004147482448252757,0.19171637458781454,0.14916099307087802,0.11638505427337797
2021-10-07,412.1043841974191,415.1970969045478,411.92577420062315,412.3581848144531,72437500,0.008608415272690604,0.16075975418000327,0.15332657832751007,0.11572101785308375
2021-10-08,413.1290605510576,413.51448064643256,410.976359506261,411.6061706542969,74557400,-0.00182535655570459,0.14986032341511307,0.15292980378538137,0.11557807411076909
2021-10-11,410.9481219621356,413.8622533457,408.5604109808945,408.626220703125,65233300,-0.007266143335850303,0.11646316967424598,0.1525780905858115,0.11630565722918372
2021-10-12,409.5474309242927,409.9516414282403,406.83070028385015,407.6203308105469,71181200,-0.002464672959198432,0.0982495896993773,0.15208972580825042,0.1163710691405253
2021-10-13,408.6450632915193,409.9047143211053,405.665150493523,409.0868835449219,72974000,0.003591383264162694,0.09692663519998801,0.15218364001738566,0.11638924988519395
2021-10-14,412.7530657010058,416.11842753548746,412.2830453421605,415.968017578125,70236800,0.01668081379586566,0.14595855630332952,0.16101304860159482,0.11988830414274347
2021-10-15,418.08296257809917,419.50243274411235,417.46253247946606,419.13580322265625,66260200,0.007586603628232303,0.146753541694557,0.16329736592847174,0.1165828620538021
2021-10-18,417.34974716147195,420.7150792484789,416.6917073911921,420.3766784667969,62213200,0.0029561827247938117,0.11302430705185137,0.1595836516998241,0.11344805687971857
2021-10-19,422.00303260856737,423.6856846027925,421.39198327728565,423.6199035644531,46996800,0.007685436482483388,0.08696732217653629,0.1480046474300457,0.11334988254595763
2021-10-20,424.0805016742407,425.5845723051379,423.96770139728164,425.28375244140625,49571600,0.0039199996272712345,0.08601531425104694,0.14783241638320274,0.11350471757534188
2021-10-21,424.6821246218787,426.6186059313377,424.2497139854905,426.39300537109375,41305400,0.002604869856396443,0.03966255639683135,0.14520194235572664,0.1119020037259087
2021-10-22,425.96058146063757,427.40825194853414,424.0052810402493,425.951171875,58845100,-0.0010367491148860584,0.04956676431220045,0.14039844567503026,0.11187673669259417
2021-10-25,427.04163242690424,428.5644935725112,425.26497065295007,428.2354736328125,45214500,0.005348496643671579,0.051613912315920815,0.14117808834019935,0.11181590536843462
2021-10-26,429.78654991386077,430.99918156529145,428.2448696453988,428.6208801269531,56075100,0.0008995825693311685,0.03976127076838218,0.1404015846270246,0.11179669312058119
2021-10-27,429.0815570599391,429.74897787469854,426.64682658288626,426.7220458984375,72438000,-0.004439944003896337,0.058708397979612255,0.11840941793308564,0.11202759843626682
2021-10-28,428.15085513172806,430.9145766067055,428.1414742340312,430.8393859863281,51437900,0.009602511429441223,0.08726948162049776,0.1211454963797005,0.11293215318470941
2021-10-29,428.53631168742606,432.005063860842,428.2449013910372,431.7136535644531,70162400,0.002027163171258604,0.08299325619596996,0.10853544171151207,0.11281006550331654
2021-11-01,432.70065934906575,433.07669852419264,430.7265971184563,432.4562683105469,48433600,0.0017186780286923846,0.0795922890474199,0.1040139681567499,0.11185291496699178
2021-11-02,432.6254811267831,434.51497189123603,432.4938616741639,434.2047424316406,48908400,0.0040349720863477245,0.08006771622486791,0.08688567339145568,0.11144966684557185
2021-11-03,433.6407307983925,437.25989295856164,433.198910555134,436.8556823730469,52509800,0.006086714653238575,0.05170316236693402,0.08388904104501975,0.11140560885540016
2021-11-04,437.4572570913363,438.9989373652711,437.10944667746986,438.9143371582031,52847100,0.0047013680100707125,0.02920048894866444,0.08397682107617183,0.11166093980657948
2021-11-05,441.14228636490327,442.4301374982926,438.92380414430136,440.437255859375,66390600,0.0034637344967817425,0.025522341937392393,0.08180541192508566,0.11172127124282713
2021-11-08,441.53705147758245,442.0352718144265,440.1269906728055,440.8132019042969,50405200,0.0008532104906527424,0.030627376128218663,0.08026996894697776,0.11172013802916726
2021-11-09,441.1797903851195,441.4148004973564,437.9460489457193,439.3561096191406,51149100,-0.003310939377621752,0.05887420166252197,0.07470871248043677,0.11200087225126686
2021-11-10,437.6640963262321,439.3561866436364,434.336373208753,435.8216247558594,69429700,-0.008077225781034798,0.0832121586423138,0.08243998132499199,0.11332980450551278
2021-11-11,437.3162154925545,437.39143479469317,435.94376444998505,435.9625549316406,34848500,0.0003233143713606865,0.07096056227858007,0.08301260448684142,0.11330915509430571
2021-11-12,437.2316347180003,439.80733651939306,436.2821846286871,439.2527160644531,53466700,0.007518553985204086,0.09123165004402779,0.06889572754282493,0.11408865882477658
2021-11-15,440.54060690132917,440.7003977259758,438.2751057858588,439.40313720703125,46980500,0.00034238921527130904,0.09081179650884465,0.06681975234426814,0.11311629470872589
2021-11-16,439.1399514053057,442.2796835013746,439.0647607814874,441.1422424316406,48857500,0.003950068959763203,0.09198418633984952,0.06704068197942809,0.1106650206540794
2021-11-17,440.87897766963937,441.0575876528418,439.4501264917785,440.070556640625,47858300,-0.0024322985787128028,0.06119600569931927,0.06594505480017687,0.11088607886399732
2021-11-18,441.10457673089655,441.8284262460176,438.37846513160173,441.5652160644531,50625600,0.0033906538324595943,0.05995133008748289,0.06575730046580817,0.11010974996944926
2021-11-19,441.45246699733707,442.7027371018379,440.40903566695056,440.7756652832031,57315600,-0.0017896733760851564,0.04624083489635238,0.06682376738204691,0.10909264905110004
2021-11-22,442.65573171479053,445.1468335661726,439.32797995964046,439.5347900390625,72762000,-0.0028191782989448327,0.05273850000881348,0.06797842324713282,0.10931924380746862
2021-11-23,439.2057132997234,440.9729939884895,436.6018115031317,440.1175537109375,73206500,0.0013249865387692835,0.042917941559047434,0.06651766981842028,0.10929095852657221
2021-11-24,438.115291443818,441.4148429167893,437.2974607646824,441.2926330566406,61858800,0.002666363651179356,0.04345546144253967,0.06666397312555467,0.10851740777888137
2021-11-26,434.61827949039883,436.08474023421417,430.32228793387577,431.4503479003906,112669600,-0.022555787099881555,0.1629321340445431,0.10508370838400218,0.11694674190348789
2021-11-29,436.2446690099577,438.5853610359219,434.0449773431906,436.7428894042969,86268800,0.012192232876109252,0.20349896622545602,0.10823811617011772,0.11906301383933506
2021-11-30,434.29876746658414,436.20704878218436,428.00048382259115,428.2449035644531,148559600,-0.019649431656666508,0.24034998596099635,0.1288435201006395,0.12564169697834837
2021-12-01,433.9602845358961,436.80860593500284,423.290819754086,423.48822021484375,131939200,-0.01116953813299925,0.23528079782430186,0.13383183834811327,0.12767569462430023
2021-12-02,423.70455398671464,431.54448996271947,423.309724271078,429.974609375,127637800,0.01520046058707396,0.28222639462920424,0.14430202389549673,0.13111775167278508
2021-12-03,431.6383868949673,432.70060850783227,422.0029722635854,426.233154296875,137331600,-0.008739651873473126,0.24300740561356984,0.14495724190116033,0.1323293849779183
2021-12-06,428.78070813331755,433.16130061518345,426.3647969926562,431.2812194824219,98977500,0.011773851622421054,0.24143410534991688,0.1505312919014355,0.1341615377488517
2021-12-07,436.56428721886243,440.76627012490576,431.1496438264403,440.2022399902344,95484700,0.020473898925282716,0.2298131347927347,0.1672563268186294,0.1400451762832912
2021-12-08,440.5970473857132,441.81908870916527,438.83914733929845,441.36785888671875,72238800,0.0026444172215641017,0.18276703008333922,0.16748981977612154,0.13973726975583342
2021-12-09,440.0800010576555,441.4712714729504,438.190538959741,438.387939453125,61272600,-0.006774449991019784,0.19635198313109015,0.16879276417361624,0.1394676330203907
2021-12-10,441.0952372334483,442.66508888548304,438.53832579208637,442.5146789550781,77159800,0.009369411793750178,0.16216474803485847,0.1692294595281708,0.14048252663255548
2021-12-13,441.9976995198621,442.3455099577305,438.3127276826282,438.5947570800781,87724700,-0.008897754527068005,0.19156101529819128,0.1724890139565561,0.14128866610261281
2021-12-14,435.323378332146,437.8144800719802,432.65366659136504,435.5771789550781,97264100,-0.006903882374432058,0.1242866919031528,0.17210501335213968,0.14129040067396298
2021-12-15,435.63360291576834,442.6274781927471,433.11427244709614,442.3830871582031,116899300,0.015504219950335235,0.1774535984200285,0.18072745391847309,0.1443223779494586
2021-12-16,444.23497726904446,444.5169779638093,436.930843709259,438.48193359375,116568600,-0.008857609233330812,0.18332279885954794,0.1829202908137703,0.14405483461190366
2021-12-17,435.39999504107936,438.4092618245341,432.1077368438548,433.815185546875,135511600,-0.01070000684195759,0.17413499132458587,0.1863513934284979,0.1414990651899889
2021-12-20,428.73062942371416,429.5984890492109,425.57986657914137,429.2023010253906,107134800,-0.010690231712834562,0.17775726597230498,0.1888413560652968,0.14336605217967102
2021-12-21,432.62660471506297,436.96598912839397,430.45692690267214,436.8244934082031,69806300,0.017603125572721017,0.23220286312040878,0.19990062477030096,0.14619747487555723
2021-12-22,436.56973302152085,441.3053047127946,436.3716102556049,441.1921081542969,58890200,0.009948902478710395,0.2121825052607309,0.20284828062173052,0.1455996420023115
2021-12-23,442.19209581442925,445.4371985113299,442.0883418877811,443.9372863769531,56439700,0.006202905567427146,0.20166261396789925,0.2038965333716212,0.14597800448661163
2021-12-27,445.314514331637,450.26706530467493,445.2673586949308,450.21990966796875,56808600,0.014052845989052709,0.17453799234984,0.20922865465728077,0.14807198771169408
2021-12-28,450.653837085784,451.68207754216996,449.087884188701,449.85198974609375,47274600,-0.0008175345605312276,0.1133280174776821,0.19122932099759457,0.14149282087494972
2021-12-29,449.9558186671151,451.44628815269533,448.955877247608,450.427490234375,54503000,0.001278493133451881,0.09694052801116798,0.18759471232403346,0.14149372284024958
2021-12-30,450.8519272576119,451.8613112086021,448.71999158678375,449.1822204589844,55329000,-0.0027684684946017546,0.10693162281054185,0.17212647330127467,0.13896275820802986
2021-12-31,448.69166600009044,449.84251679144165,447.7766221637112,448.0501708984375,65237400,-0.002523426867247234,0.11135058292348655,0.16611951824650129,0.1376764649124486
2022-01-03,449.31432242601716,450.7765215542985,447.0031490248722,450.6444396972656,72668200,0.005773431762831331,0.05583781328644804,0.1602774839598872,0.1347495869065095
2022-01-04,452.06883419971206,452.7857840929789,448.63505185674353,450.4934387207031,71178700,-0.00033513401576441674,0.05539350853646017,0.15560193690146693,0.13367617643362031
2022-01-05,450.12559940549204,450.89914766079016,441.74870802750024,441.8430480957031,104538900,-0.019388788293872243,0.14835408314435483,0.16937939802195548,0.1399963502308532
2022-01-06,441.38076184676675,444.14474987590535,439.06011738234776,441.42791748046875,86858900,-0.0009399848109578594,0.14975400167204564,0.15416037250586098,0.13925222266517157
2022-01-07,441.43743350191716,442.61661242591146,438.3243838694435,439.68280029296875,85111600,-0.003961180891747106,0.149521406762741,0.1545020230793498,0.13949872595278218
2022-01-10,436.48485885738484,439.35260112059655,430.73046025596256,439.1356506347656,119362000,-0.0012451939950104626,0.12806019750631373,0.15270623437081826,0.13855684549679578
2022-01-11,438.8715364116939,443.2297770827889,435.8716833675285,443.13543701171875,74303100,0.009067085696157507,0.16305653834324074,0.15247795614270865,0.13925421667823878
2022-01-12,444.8712086177971,446.3900061138433,442.37135493830107,444.33349609375,67605400,0.002699947604095851,0.07989010675564417,0.14914295725860963,0.13920667914376952
2022-01-13,445.4371934481838,446.0881025089078,437.18294108680465,438.211181640625,91173100,-0.013874453769056144,0.13482714212805375,0.15539674988510566,0.13890855182894798
2022-01-14,435.06038106331687,438.7394131797268,433.8434604749311,438.390380859375,95890900,0.0004088498786955356,0.13328602649668211,0.1452375515724642,0.13822896913518432
2022-01-18,433.6925127781855,433.90004939507276,429.5135100897984,430.62664794921875,109709100,-0.017868325284362576,0.18184346656969005,0.1548596983344133,0.14304595162195471
2022-01-19,432.17377646871046,433.5699058238336,425.88166536173696,426.1552429199219,109357600,-0.010437768753975526,0.1426192399375121,0.15465228769366618,0.14387505354829666
2022-01-20,428.0419704136264,432.7492436968586,419.31604594789405,421.4385681152344,122379700,-0.01112967893572785,0.10797300342458442,0.15501173303245855,0.14538920080634704
2022-01-21,420.31596407281415,422.6743219055185,413.1371366485651,413.1654357910156,202271200,-0.0198259372721434,0.12614914435408195,0.15302443069898916,0.15049691865528328
2022-01-24,407.5525662882195,415.42948785761394,396.92109866435106,414.9200744628906,251783900,0.004237826350383479,0.1500949659996693,0.1483051622316593,0.1507899264669036
2022-01-25,408.52416133637433,414.8068298485873,402.9490001504662,409.8542785644531,167997300,-0.012284231639980492,0.13881971349497374,0.14779688111524886,0.15216740288063793
2022-01-26,415.75006077834524,418.88196594036503,404.5619996402756,408.825927734375,186391100,-0.002512217500834104,0.14794493930628597,0.1329760374271239,0.152174954442059
2022-01-27,413.4295686804275,416.5708886311564,405.11871802199556,406.8072814941406,149878300,-0.004949897427042108,0.14700798234876483,0.13226645358079395,0.15222861482755148
2022-01-28,408.1656232816554,416.9575865405849,403.5809903341213,416.9104309082031,164457400,0.024531841283143344,0.22241332917309442,0.16594809381376913,0.15913053915020692
2022-01-31,416.2406973417306,424.76852696731544,414.89172362734763,424.41949462890625,152251400,0.017850935506592558,0.25096043185743955,0.18197653297739277,0.1632542631010045
2022-02-01,425.1458850994215,427.9287589149775,421.61779092107525,427.28729248046875,123155400,0.006734262854107919,0.20229934980399095,0.18489234651378186,0.16380989105304994
2022-02-02,429.6927673307446,432.16432156191325,427.3815652994968,431.4379577636719,117361000,0.009667114379951007,0.17821681884995422,0.1874974733886141,0.1647848286527872
2022-02-03,425.40057576602374,427.30611843415994,420.45743842360054,421.2970275878906,118024400,-0.023785603856466105,0.2948607877157772,0.20180878266220892,0.17094082683889478
2022-02-04,421.06118368926354,427.1268727004783,418.68394073588917,423.2780456542969,118454400,0.004691167812545743,0.2509062584667556,0.19456540072237188,0.17093954820257576
2022-02-07,424.04216920738406,425.43829858096694,420.58952998140325,421.9196472167969,84472900,-0.0032143949719132905,0.2144407670213455,0.19456230297441218,0.17081986428880988
2022-02-08,421.4197378367775,426.31569157716,419.99528032572806,425.3912048339844,81012000,0.008194341036039745,0.21805629254518863,0.19767017501109932,0.1717166220218202
2022-02-09,429.42871580152007,431.9380123033958,429.23062177963686,431.6172790527344,92589900,0.014530039956187877,0.23496538625576083,0.20540283181194915,0.1742457925965942
2022-02-10,425.76845767621467,431.7775484247765,421.86303233721947,423.8629150390625,140103700,-0.018129178091455957,0.1995239980853299,0.21044782976192825,0.1772081410281799
2022-02-11,423.94781485036305,426.0231523425291,414.0710117021737,415.5048828125,153214600,-0.019915723486649235,0.24402327138516886,0.21835850069886453,0.1814258736394691
2022-02-14,414.99548562999905,416.5802950386649,410.67495835599806,414.1464538574219,123006300,-0.00327470133291322,0.24401597753866774,0.2148857489747019,0.18070617553774204
2022-02-15,418.58969014890727,420.99520380296383,418.0708341137334,420.8254089355469,88482700,0.015998377503775498,0.27263132986832617,0.22429784773589026,0.18384132304489983
2022-02-16,418.77828888356663,422.67430043142383,416.9010453564432,421.2970275878906,84863600,0.0011200715743827111,0.2349333688872388,0.2168360398886779,0.18363828856764008
2022-02-17,418.10851257856154,421.2687175900961,411.6937912802445,412.2975158691406,102259100,-0.021592898988283298,0.24818951359202227,0.22616821904719536,0.18829918630929252
2022-02-18,412.55220911710694,413.80687151261105,407.3544084156553,409.62786865234375,132642900,-0.00649610452526567,0.2153020927567966,0.22426312506383395,0.18839295643365753
2022-02-22,407.4205273459961,410.82598263729784,401.7321399493936,405.2319641113281,124391800,-0.010789456073264383,0.22271997540823915,0.2169500622322511,0.18936641307345725
2022-02-23,408.146899453587,408.7129111688608,397.4776894566013,398.043701171875,132578000,-0.017897852843486887,0.1435149654433629,0.22375932875669172,0.1922266447675302
2022-02-24,387.732876144503,404.46780255410187,387.3744299437548,404.0338439941406,213942900,0.014936845519143866,0.2270386682082406,0.2277934380844728,0.19496917209076117
2022-02-25,405.26956900150043,413.03329219005104,403.61871876539095,412.9483947753906,121804500,0.021823986320993992,0.2724043065528256,0.2405699160922223,0.2002691573293563
2022-02-28,407.55255287050466,413.37299295759,406.29791910816897,411.8919372558594,145615000,-0.002561606304144946,0.2675957571796651,0.2400326392763521,0.1954789114327654
2022-03-01,410.3920893492077,412.4014152434057,402.9113548811401,405.6187744140625,137785900,-0.015347287523193814,0.2819287429789262,0.22943596557523277,0.1958350923685544
2022-03-02,407.8731730019645,414.80674920956466,407.1185101826989,413.0804443359375,117726500,0.0182286152593746,0.2508455710239108,0.2298367139050946,0.19596278389940577
2022-03-03,415.51437058927706,416.1180952528959,409.22225892771945,411.0240478515625,105501700,-0.0049906310959038185,0.25308897774887434,0.228262625311657,0.19499190468055747
2022-03-04,407.2883535725804,408.8165646764018,403.6376206493303,407.6845703125,113978200,-0.008157959952490917,0.19968563031857609,0.22526472506434078,0.19294554215707632
2022-03-07,407.09966398019566,407.807171236879,395.600310398485,395.6663513183594,137896600,-0.02992245448355753,0.27855022937872437,0.23336131489809,0.20095337482999945
2022-03-08,395.84562657872834,403.0055972451965,391.60058263341585,392.66656494140625,164772700,-0.007610492455495637,0.271075008889828,0.23214788325221494,0.19960928427200628
2022-03-09,401.052866089248,405.175270488169,398.86430336951577,403.1942443847656,116990800,0.026457625335145292,0.32019495624618904,0.2544153875988797,0.20262131620276586
2022-03-10,398.5813104458791,402.2697853678107,396.61916949340304,401.3736267089844,93972700,-0.00452571087832546,0.320198626175947,0.25169265854027917,0.2025479262906254
2022-03-11,403.8640420157582,404.4772092709991,395.7607282684723,396.2701416015625,95636300,-0.01279657649769289,0.3249652128707932,0.24576113855122297,0.20354005654394183
2022-03-14,397.04364145545367,400.49625143515976,392.23258649023603,393.3740234375,95729200,-0.007335281581431442,0.2496407165662332,0.24077396846426702,0.20261965357864659
2022-03-15,395.9870872847089,402.65652931408596,394.7135972445158,402.0245056152344,106219100,0.021752173144506774,0.2862106255384844,0.24824808410058288,0.20751148598396615
2022-03-16,405.53380999874116,410.99574623645054,400.7321679197033,410.93914794921875,144954800,0.02193209901381573,0.2656089930740432,0.26109232352324957,0.21235037906864926
2022-03-17,409.02413595065417,416.0803527832031,408.6468044640496,416.0803527832031,102676900,0.012433252321176518,0.2593095947019529,0.25855589249609817,0.21147171672273482
2022-03-18,414.4678791360529,420.9593028336933,413.7297868077792,420.6375732421875,106345500,0.010893194423354062,0.18933241495037917,0.26154571195672954,0.21216679322599455
2022-03-21,420.4672258759616,422.4733213729706,417.00386088702027,420.5145568847656,88349800,-0.0002924949099999928,0.14576107680614409,0.24960020579250972,0.2111836981740905
2022-03-22,421.9055391743934,426.37195178227597,421.9055391743934,425.4351501464844,74650400,0.011633430960349467,0.1252443380674177,0.2506935696504794,0.21152229338409007
2022-03-23,422.8991331539282,424.3942327183388,419.87104611773225,419.9562072753906,79426100,-0.01296209036249413,0.17434184314477627,0.2521772250557032,0.2099287257173598
2022-03-24,421.9813008840571,426.29630669485863,420.8647048360825,426.2868347167969,64736900,0.014962003172820999,0.18247115126889915,0.24560658749627576,0.21119067821572263
2022-03-25,426.92088512262796,428.64311034533864,424.3375472885619,428.3686828613281,77101300,0.004871792714896226,0.1747447151357422,0.24202819410958137,0.21103451746736898
2022-03-28,427.77248986490883,431.4156494140625,425.8799424500739,431.4156494140625,68529800,0.007087775838904704,0.1721095261901073,0.23262276901274842,0.20952773307079514
2022-03-29,435.3047964568444,437.2446747767382,432.61738274150923,436.7525939941406,86581500,0.012294879131886797,0.1737432106811902,0.23456972791013958,0.21112710622001296
2022-03-30,435.6076907124575,436.42150122145665,431.94561561692495,434.0558166503906,79666900,-0.00619375268326765,0.13024339013065603,0.22769391303998796,0.21140445076079223
2022-03-31,433.2893643872006,434.1126180491866,426.9209307256282,427.3751525878906,121699900,-0.015510930629865003,0.17797621948290923,0.22967274973040017,0.21346479215943356
2022-04-01,428.9553048993876,429.09724017093697,425.0093599604166,428.5862731933594,89048800,0.002829850451706382,0.17539510870741915,0.2284309412597566,0.21355657767416894
2022-04-04,428.78503448200854,432.3619481479705,427.96178092937987,432.2578430175781,59601000,0.0085302135854619,0.17927083365262145,0.2263934308119787,0.21396726863722076
2022-04-05,430.7626793133144,433.23243960502543,425.65280753068726,426.79779052734375,74214500,-0.012711926451283563,0.1616934451840725,0.20154929357941256,0.21531819438488575
2022-04-06,422.8802663750546,424.8106439250677,419.64399762453365,422.5301208496094,106898000,-0.010049606372604616,0.16632170080052433,0.203428062083929,0.21284724839843108
2022-04-07,421.65006696641547,426.4760682966739,419.7007455820255,424.6592102050781,78097200,0.005026252715246177,0.1507022641059454,0.1857168203949093,0.21315523260143415
2022-04-08,423.90227693918933,426.4193687220367,421.981342273067,423.5237731933594,79272700,-0.0026773413572115483,0.1462578241285159,0.1849483323469278,0.21308876392666548
2022-04-11,420.24961995400275,421.0918174503352,415.7832355906516,416.2847595214844,89770500,-0.0172401033997387,0.13945523923968,0.1901635521734996,0.21567288861274234
2022-04-12,419.27490896658617,421.80147227519615,413.19037643183964,414.7422790527344,84363600,-0.0037122311754443442,0.13286985984220018,0.18824386562334405,0.21479758054017895
2022-04-13,414.49626033587003,420.24959162395425,414.3164660258067,419.4925842285156,74070400,0.01138853511675563,0.17073787964833562,0.17804936052573628,0.21611316777761475
2022-04-14,419.7196509137634,420.836275728142,414.16502940715344,414.2691345214844,97869500,-0.01253000210955268,0.17428513723684308,0.1693083424640779,0.215801937923437
2022-04-18,413.34180271144544,416.123849633217,412.2062627473825,414.4394836425781,66002500,0.0004111194689166223,0.17816311547172697,0.16355236865609546,0.21580199357060192
2022-04-19,414.3353418054255,421.84875644836103,414.16501948930335,421.1296081542969,77821000,0.01601367868577636,0.18278260176865768,0.1688013801693637,0.2156076295938221
2022-04-20,422.9086685500845,423.5237406996165,419.65348460531936,420.8173828125,65224400,-0.0007416746171888344,0.17775988955411146,0.16882022414252834,0.21463434993641378
2022-04-21,424.4416483063958,425.83267191463915,413.61627398000866,414.5246887207031,85417300,-0.015066434078313649,0.19648030284097195,0.17102785761090228,0.2155914321665118
2022-04-22,413.4364107712959,414.5435347350055,402.5826511949937,403.1504211425781,132471800,-0.027822789696591663,0.2644699311047445,0.19050323883136558,0.21910548610801525
2022-04-25,400.90780109531795,405.65808479066646,396.33728283967,405.4877624511719,119647700,0.005780948427575565,0.2745128694153,0.18273309716315428,0.21925962808408903
2022-04-26,402.9517005626742,403.15043882373135,393.7160892636341,393.7444763183594,103996300,-0.029388532544418703,0.25031406629591807,0.20301230987819277,0.22561533477938003
2022-04-27,394.8231754479945,400.19803127751527,392.7130038669715,394.8515625,122030000,0.002807741491070175,0.26263007760982815,0.20059033079982674,0.22568644100377383
2022-04-28,399.6019274903522,406.5570449371299,395.1639015423122,404.8253479003906,105449100,0.024945831209117895,0.3713814364664185,0.21776402452156737,0.23117225181073855
2022-04-29,400.8320229203481,402.98952553103885,389.1171513609566,389.8647155761719,145491100,-0.03765593853601581,0.4140074599637946,0.24767781852446508,0.2376325015516394
2022-05-02,389.93099434604335,393.5741537158079,383.25974771045304,392.2115173339844,158312500,0.006001483494678924,0.4144291215384396,0.24750932596027764,0.23496555090315574
2022-05-03,392.7130700591638,396.4224469103301,391.15169530175734,394.00946044921875,100028200,0.004573640999623185,0.3641628270795384,0.24819624868808188,0.23470662933512648
2022-05-04,394.6718987399326,406.57604036953626,391.48296037207774,406.0082702636719,144247900,0.029998609199730297,0.4231263951424878,0.2718712745147214,0.24197340299727793
2022-05-05,401.7405161814466,402.16635092774,387.44233342518896,391.5775451660156,172929100,-0.03618996174078504,0.4670942891594733,0.2937422868348605,0.2479269996550321
2022-05-06,389.01313791973797,392.5143334096191,383.9316525873715,389.240234375,151770800,-0.00598684567250939,0.38081404474063923,0.2930419831107607,0.2478222785760037
2022-05-09,383.3354711443122,384.575087347115,375.1975117716512,376.7778015136719,155586100,-0.03254109430205443,0.43495706522716626,0.30716676050396,0.25554877672037646
2022-05-10,382.75827972149085,384.26285159656214,373.60782825671424,377.6484069824219,132497200,0.002307994726084814,0.43110164503563836,0.3082677230384646,0.25488374647566414
2022-05-11,376.6832006420824,382.3324561154293,370.9014529815829,371.6490173339844,142361000,-0.016013715407764566,0.2635475487776662,0.3077059521712922,0.25420573036980887
2022-05-12,368.4505828254061,374.5351157341159,364.4573066901353,371.2610168457031,125090800,-0.0010445424229263785,0.22307902389882106,0.3080290183729796,0.25219050169934604
2022-05-13,375.39624432033366,381.5186365245012,374.35533743902573,380.1370849609375,104174400,0.023626572881160268,0.3337415047267944,0.31908898844417866,0.2547134279874207
2022-05-16,378.490497747512,382.2661198994598,376.23836212074434,378.5945739746094,78622400,-0.004066030706127179,0.22907976215053233,0.3178135944086708,0.25474186312134667
2022-05-17,384.6886388298432,386.61904522716617,380.9508462343475,386.3824768066406,83029700,0.020361844573822493,0.26826611880297485,0.3288531976267797,0.25610073168080977
2022-05-18,381.82143279357103,382.1053033485448,369.5671769928699,370.8067932128906,117674500,-0.041146597483734525,0.4110897121079195,0.3456544466181819,0.26810992034383996
2022-05-19,367.7408696651366,372.96431881468,366.31198717995636,368.5357360839844,98510700,-0.0061434698581637305,0.41314000900242115,0.34511330625444386,0.2652928969118361
2022-05-20,372.1221925167826,375.6991065243165,360.09505993665994,368.6966857910156,131432200,0.0004366322066491349,0.35277134086416984,0.34433880064071265,0.2651543890854256
2022-05-23,371.72471605038334,376.3614806717681,369.406362617675,375.5950012207031,76414900,0.01853712216599223,0.3949970454993107,0.34405423417025666,0.26753175468034285
2022-05-24,371.4691621082922,373.9200072669515,366.1700241726604,372.72772216796875,91448800,-0.007663252751671558,0.3436400027673401,0.3426974360605464,0.2657131346449686
2022-05-25,371.2326698997725,377.98907865192785,370.8352510778718,376.02081298828125,91472900,0.008796309840369656,0.17365421855334745,0.33244444927393185,0.2644931591197582
2022-05-26,377.2509375219795,385.1712435361306,377.0427561590206,383.5341796875,82168300,0.019784246937573642,0.18666443147875328,0.3407597168943647,0.26380389697625434
2022-05-27,385.9944981924295,393.0631636990263,385.7957888065358,392.9496154785156,84768700,0.02425265627329231,0.20198942071320442,0.34009264409738754,0.26863696136942156
2022-05-31,391.33149711527295,394.08515718858496,388.00062391684565,390.74481201171875,95937000,-0.005626706548952417,0.229307570527454,0.3142043252034687,0.2671892592495648
2022-06-01,392.8644826922193,393.87697365023195,385.06716741079504,387.5842590332031,86585800,-0.00812142438958411,0.23128229958933205,0.3146746565757775,0.26483164916912755
2022-06-02,387.4233771677342,395.01248157548275,385.17124122143497,394.9651794433594,79609600,0.018864339884937496,0.24462749976961884,0.3214365198050948,0.26765718570305547
2022-06-03,390.2433318753729,391.79523485840576,387.5086154520342,388.4832763671875,71874300,-0.016547485500178316,0.2842616144286938,0.307030954747566,0.2691377439479198
2022-06-06,392.4954566785765,394.22712507510215,388.492707995611,389.6661071777344,57508900,0.0030401147814689646,0.2133423912640453,0.2811331186281942,0.26261874568959565
2022-06-07,386.17432268656637,393.8580609068562,385.71062891259504,393.4038391113281,59272400,0.00954642771710692,0.22264212049374812,0.28227460190947384,0.2629038710896159
2022-06-08,391.6910721501235,393.47954333395916,388.33181201108613,389.1266784667969,64350000,-0.01093172251476379,0.2309191076633342,0.2593957780134168,0.2582205235788477
2022-06-09,387.34765697732666,389.61870798841755,379.8721008300781,379.8721008300781,86289800,-0.02407032288826598,0.22017203673175076,0.274084977463176,0.26236479314999833
2022-06-10,373.6646004739386,374.51624111312117,368.81021128921816,368.8575134277344,132893900,-0.029424192306747105,0.2665277247664553,0.28772710043504607,0.26749343076512455
2022-06-13,359.4420946590602,361.2967831487457,353.2439841844837,354.8526611328125,170004900,-0.038707762735695046,0.2972355373331395,0.3169538419510633,0.27761516360419014
2022-06-14,356.60326183152415,357.6346967344851,350.6795790257293,353.7833557128906,104011800,-0.003017927980218772,0.2270690761597076,0.30277012284503635,0.2735234373155937
2022-06-15,357.08582684228884,363.27446487884,352.1273619331276,358.8269958496094,125666800,0.014155630342861918,0.34034544207184453,0.30880097325447275,0.27118675942352066
2022-06-16,350.60380258970974,351.01069326267697,344.51924205716733,346.951171875,134473300,-0.03365631163507899,0.3604951931160209,0.31492817868844347,0.27672100845302366
2022-06-17,347.3665544750161,351.0444479219139,344.19235133733406,347.69915771484375,111113900,0.0021535615749902434,0.36779957014806375,0.2870088915031928,0.2755017988550284
2022-06-21,353.42994485542835,357.83960704291667,353.3538996954697,356.45208740234375,76811900,0.02486221707094275,0.35148324194495617,0.3024966030864797,0.2810526172926819
2022-06-22,352.2229356289405,359.9208687301767,351.80477429485757,355.8058166503906,90059400,-0.0018147104458446411,0.35074141733668807,0.3024073075747696,0.2795628959985045
2022-06-23,357.9441431467789,360.02540799730696,354.3802877819863,359.29364013671875,79292100,0.009754870069866032,0.34172877210145497,0.29647622104023585,0.27991047560566634
2022-06-24,362.467879430887,370.72652339416055,362.4393697452781,370.7170104980469,98050300,0.03129900335085039,0.22769026412000762,0.31727788522522665,0.2858904485358221
2022-06-27,371.6387840560035,371.93339374615164,368.20799359853146,369.3009033203125,66009600,-0.003827228719326839,0.24901496159798658,0.315748854963819,0.2855429151490076
2022-06-28,370.859513206885,373.6440649503389,361.6409966809316,361.7550354003906,86548900,-0.020644482915905118,0.3048675477158754,0.31349642372251507,0.287197313259775
2022-06-29,362.3062236029839,363.2945784041764,359.63571085622056,361.46038818359375,65676000,-0.0008148256342185997,0.3039636260384439,0.2978952122472153,0.2855899232684553
2022-06-30,357.5639599441416,361.7645700473963,354.06663699104956,358.5238342285156,112508300,-0.008157318305849271,0.3060483739536273,0.2982005588465534,0.28570605633660007
2022-07-01,357.86802077080847,362.7528913914141,355.2450145074344,362.3157043457031,74839700,0.010520802176321077,0.17988733929557324,0.3019997657109625,0.285829315868556
2022-07-05,357.221845993929,363.0190563072348,354.38975859425415,363.0000305175781,81438000,0.00188697512555484,0.1858774573928911,0.2919219491767754,0.2857624399714583
2022-07-06,363.1425568197513,366.7159247303021,360.75716958402745,364.2259826660156,70426200,0.003371588165323024,0.1075354940264575,0.2892935334880672,0.285128659785945
2022-07-07,366.0031064941069,370.4792996961626,364.2449324457464,369.6809997558594,64525900,0.014865964439508685,0.14020259117712483,0.29527939444188145,0.28653116374911475
2022-07-08,368.04645446042775,371.2491967887842,366.516386504775,369.3769836425781,72397800,-0.0008227125266443173,0.1033098816548482,0.29211389285678624,0.2861082325649571
2022-07-11,366.6969600116307,367.66631821985214,364.4636048722329,365.1573791503906,58366900,-0.011489322006065388,0.14984382349609823,0.2923109601290446,0.28633489340759616
2022-07-12,364.6061122917404,366.99152847059673,360.17742508846254,361.92608642578125,62219200,-0.008888426573719748,0.16692674236726174,0.28312703179791493,0.28662899016072874
2022-07-13,356.48056122161495,362.96203282628903,356.06239989210513,360.025390625,84224600,-0.005265451356757323,0.16525805310574523,0.2658085409245815,0.2851217295628269
2022-07-14,355.06446062617965,360.23442826193605,352.6220542011667,359.1510314941406,89704800,-0.002431557917555314,0.07023917959410841,0.22828853866291382,0.28510753706015113
2022-07-15,363.5606860012762,366.12667298735175,361.6504796031944,366.01263427734375,79060400,0.0189248521296217,0.19214909379900363,0.2364480034438041,0.2869688723717062
2022-07-18,369.10129418165167,369.7760425251106,361.7645044246578,362.990478515625,63203600,-0.008291248752687073,0.1831514338113836,0.23422658213203373,0.2864713703638351
2022-07-19,366.9154789894388,373.3684403556091,366.2597563730755,372.7982177734375,78506000,0.026660698213023692,0.250511248999816,0.21570253282985952,0.2921597079940868
2022-07-20,372.98825315458964,376.5901301444603,371.61973073634647,375.174072265625,71843800,0.006352808825279703,0.23061977301128883,0.21588192014090035,0.2904152471465127
2022-07-21,374.5943906795809,379.04207433211104,372.1899778970926,378.99456787109375,64903900,0.010131761211124976,0.21033947886626103,0.2032834074866544,0.29139407230176434
2022-07-22,379.1181409721045,380.3155764832449,373.2543990144218,375.4782409667969,72197300,-0.009321349486662646,0.23533021069476623,0.2071135198105433,0.2905451674866737
2022-07-25,376.10550632547137,376.78976766133366,373.6915803624673,375.9344482421875,53631500,0.0012142657104316766,0.2094939980329678,0.20548327854530798,0.28564381269563116
2022-07-26,374.29030390175836,374.4993845551237,370.59341339787153,371.48675537109375,52946400,-0.01190157664743562,0.15278676692027374,0.181361880027373,0.2860989986197976
2022-07-27,374.78455855142886,382.8816573380171,374.4899487977389,381.13299560546875,82342100,0.025635172284532187,0.24337224699069288,0.20098173852531925,0.28537637197692606
2022-07-28,381.9407652653173,386.6070143182949,378.38639383024014,385.91326904296875,73966600,0.012464268572736489,0.2481041742370898,0.18727102756427302,0.2864849604676565
2022-07-29,387.34833097700186,392.5278128008071,386.57854047512916,391.5394287109375,87003700,0.014473569645721239,0.22648921340787417,0.19072321180895233,0.28347441339045376
2022-08-01,388.8403630121632,392.8889118778882,388.1275919584921,390.37994384765625,69997500,-0.002965742386848667,0.23653863543816425,0.18743956655697808,0.2733164100894273
2022-08-02,388.81182405248916,392.49923066625485,386.6260045869153,387.804443359375,63435400,-0.006619279272059889,0.2107518515557339,0.18938214136698978,0.27335951716718054
2022-08-03,389.9332658563709,395.04621476373677,389.6481690410905,393.8772888183594,67820600,0.015538210481630265,0.16697023430894406,0.194003379706169,0.27500900834169434
2022-08-04,393.8011998743411,394.48546115765066,391.96700956030446,393.61114501953125,45656600,-0.0006759307121859973,0.163817024531408,0.1946445916504879,0.2681642283859261
2022-08-05,389.32504829644654,393.5921616324373,389.2680289335886,392.9459228515625,56814900,-0.001691478860840618,0.13627894981173086,0.19108931600131565,0.25818905188590313
2022-08-08,394.63754145835884,396.88989316531894,391.387292955347,392.4897155761719,53886100,-0.0011616669893080764,0.13378645652802415,0.191176245876526,0.2579102862742249
2022-08-09,391.7579620888554,392.26165245097286,389.8572393634721,390.93115234375,44931800,-0.003978871006456363,0.12525726796572614,0.1857518166498413,0.24938881740451851
2022-08-10,397.9923437821938,399.28485036063125,396.03460162898654,399.14227294921875,68665700,0.020786463621080362,0.16214396323637242,0.1897245271334274,0.2526249441803949
2022-08-11,401.993357133819,403.85608634972215,398.40099222133176,399.14227294921875,59489700,0.0,0.16133798535485508,0.18711221443710369,0.2502921080795709
2022-08-12,401.08098369306896,406.00384833286853,400.1306223802401,405.8993225097656,61694500,0.01678722759709329,0.18111677448409874,0.1894384781025857,0.2521951763680082
2022-08-15,403.68498595264106,408.09467660080554,403.6279665910464,407.57196044921875,54048300,0.0041123524129702054,0.17065368472457784,0.1833866733583563,0.24819811434424427
2022-08-16,406.4980568196023,410.29950209001703,405.69024389909407,408.3702697753906,59289000,0.0019567796623995133,0.14927299209641726,0.17727693897782054,0.24798018953852757
2022-08-17,404.76839107782297,408.1801847177208,403.4664007169476,405.4716491699219,63563400,-0.007123331435166236,0.13834240941444909,0.16492807784603394,0.2454282135683479
2022-08-18,405.67124641632466,407.3343788381746,404.3787688555106,406.650146484375,49023200,0.0029022694575680102,0.13569259533719485,0.1647410600898347,0.23019247901622722
2022-08-19,403.88466174798975,404.15076182174073,400.31129304099085,401.1856384277344,68016900,-0.013528965928934001,0.12184388038305098,0.17350483943248413,0.23165389478747894
2022-08-22,396.34816754384633,396.5192546194772,391.92899331076484,392.83184814453125,77695600,-0.021042605914819892,0.16216922009091486,0.1878995589887146,0.23594063592951062
2022-08-23,392.4041873745743,394.7991164880296,391.3302744311885,391.8815002441406,49105200,-0.0024221541967383835,0.14873072910201227,0.18854922785030226,0.23332016510174963
2022-08-24,391.6533655600833,394.50444934461694,390.96913329441026,393.1359558105469,49177800,0.0031959967884096765,0.17012827358325816,0.18167367078432867,0.23275317314362912
2022-08-25,394.62806490293383,398.73363317866927,393.53515507562247,398.6861267089844,50942300,0.01401896188345937,0.21884331552115896,0.16706278946815492,0.23371065223145474
2022-08-26,398.5720522592657,399.1137361754967,385.13392912672487,385.1909484863281,103087000,-0.03443527603671099,0.3084454983837431,0.20520160609438928,0.24097556689086724
2022-08-29,382.2353335276929,385.69463364222986,381.28497221012304,382.64398193359375,65370800,-0.006634175636734114,0.2866569343359908,0.19926860503325333,0.2362478147459685
2022-08-30,383.80344189629403,384.04103223682625,376.3430994030369,378.4433898925781,85652400,-0.011038508453755095,0.2878160972289092,0.20216507402523642,0.23697923165929946
2022-08-31,380.07799803546214,381.3229690519403,375.4307462340977,375.56378173828125,76029700,-0.0076381824013399624,0.2736139984258602,0.2025220109238958,0.23691809050155857
2022-09-01,373.3874742240931,377.08436469022797,370.678938652205,376.74224853515625,78740100,0.0031329477988358695,0.22150423031388844,0.19371877463657466,0.2337600207770138
2022-09-02,380.4106274783638,381.62708880615634,370.95452075647603,372.76971435546875,99632100,-0.010600421542084884,0.09102032467374468,0.19582709376502994,0.23242524702301376
2022-09-06,373.6155413307237,374.55638973388335,369.1393477426086,371.3631896972656,76637400,-0.003780309473121216,0.09309648011147963,0.19583993642213463,0.23238476052878157
2022-09-07,371.0495374683232,378.80448878191197,370.8309729416289,378.0346984863281,70964200,0.017805454622637835,0.17953246974168813,0.20832866856383953,0.23445195604608454
2022-09-08,375.7633523475096,380.96180059480923,374.5563749860969,380.5056457519531,80821700,0.00651502856626433,0.17056339714702076,0.21010147972037765,0.23393288359060524
2022-09-09,382.74852125573165,387.28176346215974,382.4824212375365,386.41693115234375,76706900,0.015415904150114908,0.19364422744796714,0.20371878623832212,0.23097441930138737
2022-09-12,388.488713636019,391.2922912350759,388.1845910416869,390.57000732421875,69256300,0.010690310269610287,0.1352891557698514,0.20805861882086302,0.22383578872877566
2022-09-13,381.88367179340526,383.0906492168183,372.46561674955393,373.5870361328125,122947100,-0.044456223436060975,0.41095044172612666,0.2465636457302449,0.22822325887604367
2022-09-14,374.88902163325827,376.53315711649486,371.7053054907733,375.0125732421875,85023700,0.0038085481601770475,0.38659841779526033,0.24644068890587018,0.22816544142401476
2022-09-15,373.4539971854713,376.30508130578556,369.4814936051546,370.7549743652344,87633800,-0.011418156092464531,0.3838208177989912,0.2467465640693761,0.22787063159334917
2022-09-16,366.57147330224217,368.58495903524056,364.6342868550473,367.926513671875,103084800,-0.007658170842735877,0.33799142869241305,0.24682238098014186,0.2177292436719654
2022-09-19,364.77741710532587,370.77972412109375,364.7010595826664,370.77972412109375,73278500,0.007724923635070566,0.32714355905315545,0.24922966651203388,0.21814105575386777
2022-09-20,367.44941174370973,368.4609306805626,363.7659614872204,366.5237731933594,77274900,-0.011544766064817193,0.1427857758293235,0.2484070760176192,0.21408235523826638
2022-09-21,368.45132204995605,371.50498233585387,360.1206054997159,360.1301574707031,106746600,-0.01759787005225866,0.15137271855419826,0.24575463447430865,0.21706511262589642
2022-09-22,359.3571850053135,360.99852235439477,356.3608073472819,357.1051330566406,89472600,-0.008435285856364707,0.14870973526883793,0.246107900772178,0.21685642166973773
2022-09-23,353.63161092219536,353.66978968711527,346.67503807204696,351.1219177246094,122346900,-0.01689672167992253,0.16308827792990876,0.24810242846637617,0.2098036134681679
2022-09-26,349.65230865281546,353.27850469382014,346.42688767980343,347.6483459472656,92581200,-0.009942038377223366,0.06572230651610979,0.23818004772602197,0.21051012868188423
2022-09-27,351.188762904006,353.4599193505363,344.3657707127198,346.760986328125,108294100,-0.002555726315580797,0.09953881002580078,0.21564245184398098,0.2067092174971822
2022-09-28,347.71516751010176,355.27293178744674,346.01657657366974,353.5838928222656,110802200,0.01948503534486019,0.2208767985166698,0.23155095808069381,0.21060260566585973
2022-09-29,350.034073262893,350.32034122123895,343.2492605532847,346.19793701171875,112952300,-0.02111009397777777,0.2539592961626754,0.23807584846750873,0.21411829868994905
2022-09-30,345.25315265968237,349.17519794486384,340.7108699138818,340.8444519042969,153711200,-0.015584463334088543,0.2506274440221721,0.24107706814126992,0.21499329715619636
2022-10-03,344.5660544284427,351.69441640615145,342.7815832218094,349.8431396484375,89756500,0.026058661150273558,0.3316444872642287,0.26249536190823114,0.22163147371984204
2022-10-04,355.3683600338881,360.71225105913686,349.80500664731017,360.6836242675781,103602800,0.030516305419650728,0.38628823703286597,0.28611577198409793,0.23008940760620483
2022-10-05,356.31307797444373,362.1054452964354,353.98466868106397,359.8438415527344,88065700,-0.0023310231321884557,0.3758813761366457,0.2860187007845655,0.2280881602283813
2022-10-06,358.44114174816866,361.3993701215644,355.6355993235401,356.1318359375,82333500,-0.010369175913064946,0.3373154964185803,0.27861295419097737,0.22895277241630815
2022-10-07,352.09528992858685,356.21772325997466,344.43254027693825,346.19793701171875,107789500,-0.028290304190582382,0.39487486580712333,0.2897498749803874,0.2346027769228635
2022-10-10,347.3143728510966,347.55293916401916,341.31206538570666,343.5545654296875,76042800,-0.007664733404398809,0.34023737374482294,0.2806494598640149,0.23444499182716716
2022-10-11,341.85594728520135,346.4268856317471,339.441657555121,341.3788146972656,92482800,-0.006353196132303891,0.16017144274533598,0.27432436533473736,0.23453876885302252
2022-10-12,341.7891591233935,343.3636907851623,340.0046588434037,340.2527770996094,76991800,-0.0033039508013854766,0.15697029064861037,0.2368983774186765,0.23456925580524474
2022-10-13,333.23895758959026,350.7020290219594,332.18925999717504,349.2324523925781,147254500,0.026048949751698428,0.3086737125060862,0.25823509215585755,0.2374266453746423
2022-10-14,351.6943928689464,353.32620716656004,340.6344637944201,341.2738342285156,123737000,-0.023052565235283214,0.2838555449552279,0.2658251012214958,0.24114004414045334
2022-10-17,347.362126415413,351.15056087847387,340.9399103655982,350.0436096191406,93168200,0.025372557680205708,0.3400062564918317,0.28401589548990336,0.24055296953207486
2022-10-18,357.97349374132114,358.2788655814361,350.711520738244,354.15643310546875,97162900,0.011680971318481158,0.33023586297094126,0.2861109631182727,0.24144925995161023
2022-10-19,352.11424803139397,354.8434611910264,348.83157396180053,351.64666748046875,79746900,-0.007111831050843527,0.33896581750030425,0.28469217103929084,0.24070444784636097
2022-10-20,351.1982907828058,355.6260961767777,347.9346903310534,348.6981201171875,88283100,-0.008420323351956437,0.30042727534308616,0.2800835057352751,0.24058743120671047
2022-10-21,348.4213111862988,357.65859149270045,346.9135849578602,357.17193603515625,131038400,0.02401071683574368,0.2588533114371074,0.29229894829990594,0.24577163320994744
2022-10-24,358.69881886172783,362.6780890904026,356.0459332134546,361.5425109863281,85436900,0.012162351389454236,0.2207386622205282,0.2884302895435963,0.2460707449534484
2022-10-25,361.4661151762165,367.6306600761956,361.35160801427605,367.3157653808594,78846300,0.01584224348475494,0.22876507386817638,0.28949109866361583,0.2426095447658783
2022-10-26,364.16670060269513,369.85411334727513,363.90905946867207,364.54840087890625,104087300,-0.007562544578077018,0.2305687589901176,0.2911340039970487,0.24153487660331607
2022-10-27,365.55039117436706,367.3921160917615,361.9814193866082,362.6017150878906,81971800,-0.005354301399362788,0.21817150725680384,0.2854072536331281,0.2396520245198904
2022-10-28,362.49674993223925,371.70540412790007,362.31543719795053,371.228271484375,100302000,0.02351213213418027,0.215856869621149,0.283310084277631,0.24466585838784247
2022-10-31,368.7662749442344,370.6366267278111,367.64024890976526,368.5467834472656,96631300,-0.0072495004071323295,0.2339237906955284,0.2777169144569853,0.24473003803531346
2022-11-01,372.29707747025043,372.5356437948338,365.76035435229414,366.93408203125,85407600,-0.004385441080376449,0.2115322333124516,0.26666750826174207,0.24255533551859174
2022-11-02,366.34251046952323,370.8561966555853,357.62053916088735,357.7254943847656,126990400,-0.02541630211186825,0.2781294025865095,0.26237693888701497,0.24736850415987824
2022-11-03,354.4809460886305,357.08610094389695,351.9235219733596,354.0419921875,87100100,-0.010350388719158178,0.2821450982173533,0.2645849629408494,0.24799866000943213
2022-11-04,359.75799240640606,361.5424637304622,353.0781357834755,359.1377258300781,103505200,0.01429042423062275,0.225877584475411,0.26709496308565195,0.25004070606224266
2022-11-07,360.4355763343854,363.16479052368436,358.355284750165,362.5731506347656,68286900,0.009520296463460582,0.2527233341899488,0.24730202573821258,0.25093290869238283
2022-11-08,363.68004778364957,367.50666109536877,360.44510344190144,364.52935791015625,84641100,0.005380842377281725,0.2594253816927868,0.24486174963260537,0.24731319633742474
2022-11-09,362.5539832992573,363.7086651999319,356.52302003221314,357.0192565917969,78495500,-0.020817370810721894,0.23324159723004595,0.25653877489879023,0.250307030054265
2022-11-10,370.3026114178393,376.9729451885855,368.00285783726986,376.6389465332031,141455800,0.05349730669750436,0.42399455486593746,0.3110402879706689,0.27126005068273723
2022-11-11,377.4977734770305,381.08582000984256,375.60831786460767,380.28424072265625,93839900,0.00963194795268502,0.42395805149476734,0.3020018733008489,0.271922197998079
2022-11-14,378.5188319106351,381.877834879153,376.77251031322436,377.04925537109375,71903500,-0.008543145242522691,0.4478398172193721,0.2895158284259648,0.27225313290354636
2022-11-15,382.8035471312726,383.910498454461,376.44813627609847,380.26519775390625,93194500,0.008493068369697328,0.44731229899085834,0.28011630227882106,0.2726788799982091
2022-11-16,378.6333567193718,379.5876219491824,376.7343782310451,377.36419677734375,68508500,-0.00765813780569739,0.40035579073280164,0.28139346085146955,0.2728795629819537
2022-11-17,372.60235165729927,376.8870218611101,372.2970089506476,376.20947265625,74496300,-0.003064663938540978,0.13877054450182755,0.2799022158140192,0.2717560401042629
2022-11-18,379.54944898801807,379.61625454437336,375.0644198124641,377.91766357421875,92922500,0.004530254269774056,0.11929296919149542,0.276695778293186,0.26889577626399624
2022-11-21,376.59127932303574,377.7173054097724,374.70182350827446,376.5435485839844,51243200,-0.003642643220090022,0.1045801340210882,0.2677221419250144,0.2689402026623982
2022-11-22,378.49018967584743,381.7728641092099,377.07786677530646,381.6106262207031,60429000,0.013367078235955267,0.13234409449232362,0.26830103368934116,0.2702948077192758
2022-11-23,381.27670641341655,384.5021279345099,381.04769204993397,384.0154724121094,68261600,0.0062820588391271,0.1123261704904884,0.26435826566531007,0.26904890868857834
2022-11-25,383.4523108361068,384.4829333946067,383.1755949403491,383.929443359375,30545400,-0.00022405006225694642,0.10332590078172418,0.26218592812509944,0.2601112355579969
2022-11-28,380.83771815093434,382.47905555883773,377.03973194191514,377.80316162109375,67881600,-0.01608547091646611,0.17573196746249123,0.26877190884534247,0.2617649045142784
2022-11-29,377.9368028939053,379.12963465297184,375.3125730239588,377.1543273925781,52310000,-0.001718863373648305,0.17378141050633583,0.2572382163625997,0.26085882125304155
2022-11-30,377.4023849238339,389.0348815917969,375.4843314190897,389.0348815917969,144566700,0.031014549336639382,0.27367540010359637,0.2757237580745954,0.2676574092030655
2022-12-01,390.0750097932602,391.24876657686235,386.2388738341099,388.74859619140625,76398200,-0.0007361570964078424,0.2742868199183913,0.2748512086250721,0.2676180569638085
2022-12-02,383.8532600881966,389.20667504467707,383.74830487189024,388.3001403808594,85342700,-0.0011542541393606686,0.2749368723998369,0.2557067721833894,0.2666910569507021
2022-12-05,385.4754306592434,386.4105918965586,379.9597790901639,381.3148193359375,77289800,-0.01815326686382489,0.28387776605286635,0.2625256507327301,0.26919849879925495
2022-12-06,381.1526671084108,381.69657620844976,373.7284840801718,375.81829833984375,77972200,-0.014519553909280386,0.30757411155380576,0.26659044083861805,0.2684753231126618
2022-12-07,374.96901554376115,377.54554354532956,374.04337702250234,375.178955078125,65927900,-0.0017026518093504227,0.13331017455765715,0.2655199197824724,0.2681560545385629
2022-12-08,377.06843441190426,379.18687558828674,375.2839336975472,378.11810302734375,60737900,0.007803463009162325,0.16869881492501748,0.26608344631609737,0.2667801630274567
2022-12-09,376.87751028175563,379.4349340954439,375.1693673749268,375.2934265136719,81447700,-0.007498397988137,0.16424919940812197,0.25565030117681564,0.26620177741924533
2022-12-12,376.08549280299235,380.70416259765625,375.41752454941917,380.70416259765625,75405800,0.01431440668840602,0.18362781031256212,0.182494072361013,0.25247378777957474
2022-12-13,391.45868674150205,391.7163278716569,380.8186351718438,383.58599853515625,123782500,0.007541244782756402,0.13703782356290375,0.18131741968494688,0.25279481781222035
2022-12-14,383.2424937114521,386.9545999060633,378.1848989989114,381.1335754394531,108111300,-0.006413936785704565,0.1527666729492531,0.18013863966686908,0.2520442592326512
2022-12-15,376.2667969393166,377.1733606249857,370.1499819805847,371.8103942871094,117705900,-0.024765873829349642,0.24020994436553617,0.1975741929541381,0.2565598596575976
2022-12-16,369.2517350620785,370.59383534034583,365.2829507209457,367.42071533203125,119858000,-0.011876476774611937,0.24687501232087078,0.19987334047164892,0.2572070904988112
2022-12-19,367.6125210258833,367.9480534682601,362.6371386607899,364.30517578125,79878100,-0.008515643401031565,0.18396357625653567,0.2013758093596109,0.2567322931071601
2022-12-20,363.5477938735729,366.4237355185501,362.22485603598886,364.8036193847656,74427200,0.001367268326676266,0.15181163183198926,0.20047227335334972,0.25426757850571613
2022-12-21,367.40155201274337,371.38952801231983,366.86471190276114,370.2583312988281,78167400,0.014841775004599118,0.23565154181728049,0.20826864351729035,0.2553124303726643
2022-12-22,367.209831595386,370.23916053307846,359.2722332289845,364.9761962890625,100120900,-0.014368818905218806,0.19005422326124774,0.2066496907818071,0.25465856066958764
2022-12-23,363.95045341487634,367.2194443247234,362.39744941933026,367.0756530761719,59857300,0.005735830173486277,0.18339179879109901,0.20637826721035823,0.25394646547961336
2022-12-27,366.96058546509136,367.3056844290648,363.9504190865602,365.6280517578125,51638200,-0.003951401343619279,0.1728967057432716,0.2063442778516033,0.25403816136746815
2022-12-28,365.5609112966341,367.53575137567236,360.85397945187947,361.08404541015625,70911500,-0.01250582063261242,0.19613916892716163,0.2036921903086392,0.252548151614583
2022-12-29,363.9312961910967,368.4561128288235,363.4040225980941,367.583740234375,66970900,0.017840413272324274,0.21285167694000515,0.21516607296341267,0.25111661929471296
2022-12-30,364.89952091921486,366.75926975895635,362.7808893302895,366.615478515625,84022200,-0.0026376009545290265,0.18206086977256594,0.18040698919060347,0.2489773345004809
2023-01-03,368.47526883215227,370.450079987651,362.20570711462034,365.07208251953125,74850700,-0.004218735884996126,0.17908194692552903,0.18030190190518433,0.24398286246551404
2023-01-04,367.3344711039099,369.92283055639075,364.28597966385496,367.8905029296875,85934100,0.0076905270669946355,0.18630816353817942,0.18400329915693575,0.23680129504060088
2023-01-05,365.9348510599075,366.0498840558089,363.09726322382664,363.6916198730469,76970500,-0.011479037095905587,0.18162134705223176,0.17824417405161042,0.23792077745622567
2023-01-06,366.787997866155,373.15342943340613,363.7203443233328,372.03179931640625,104189600,0.02267302224251842,0.2101196220584883,0.19202563239975726,0.2411284397760386
2023-01-09,374.2271369047477,377.4194487549502,371.6388067821009,371.8209228515625,73978100,-0.0005669844693943789,0.20748632393779518,0.1919749796950845,0.2338490938098643
2023-01-10,371.2362142707851,374.4956096553548,370.2967292649536,374.4284973144531,65358100,0.006988508145081338,0.19859955695035375,0.19155498298202045,0.23344435962260546
2023-01-11,376.01025589251583,379.24089274048094,375.1953998041472,379.1641845703125,68881100,0.012568459618579785,0.2055651825813471,0.19485829493042053,0.2339680888412897
2023-01-12,380.26663005159156,382.0113458697923,376.19237910493234,380.54461669921875,90157700,0.003634112559585271,0.14287802827124846,0.18872588916371955,0.23378043745027577
2023-01-13,377.3427317250366,382.5961292686462,377.07431166109114,382.02093505859375,63903900,0.0038719824162412888,0.07732917614229914,0.18729621759284545,0.22857116882037512
2023-01-17,382.00176656830166,383.6793992551705,380.64047460135316,381.32110595703125,62677300,-0.0018335929636571528,0.08364723903178246,0.18604777054154498,0.22321230356473165
2023-01-18,382.5098579883935,383.57394241937,375.0995040316948,375.3008117675781,99632300,-0.015913948837760903,0.16681419611879456,0.17327533009528384,0.2207206652591103
2023-01-19,373.2588930285292,374.9077675297641,371.2457571335137,372.5686950683594,86958900,-0.007306432013873022,0.13200996568536688,0.16987043784703848,0.22028944641822512
2023-01-20,373.9682673467044,379.66263388423897,372.31939304197067,379.5092468261719,91806400,0.01845752524428965,0.20455763615192007,0.17705349436162734,0.22247959155932517
2023-01-23,380.314551818449,385.99932319331543,379.35590453409674,384.0628662109375,84178800,0.011927290926812871,0.22270422708388007,0.18036583452069607,0.22262141650313222
2023-01-24,382.3852133953482,384.56133208460926,381.19650018692624,383.650634765625,59524900,-0.0010739201131858176,0.22214566644379333,0.1749327099709778,0.21793072506789496
2023-01-25,379.57639153162364,384.12996598342204,377.2852105542449,383.79443359375,84800300,0.0003747468991240459,0.16601054145018931,0.16505373230506243,0.2167785640930718
2023-01-26,386.4594777963223,388.1754645974599,383.4876654146606,388.0124816894531,72287400,0.010930428343608004,0.13133108555429623,0.16734393738396422,0.2156264127388364
2023-01-27,386.96753487416305,391.28144730327597,386.7566313185161,388.90399169921875,68346200,0.0022949967766198913,0.0967889883043992,0.1656334337775093,0.21495978283776213
2023-01-30,386.1431078861568,388.3767724039486,383.7273273025726,384.0245056152344,74202000,-0.012626137927319668,0.13410257178759644,0.16577525837687646,0.2163247983596395
2023-01-31,384.5421605238492,389.71884961340345,384.19703231489694,389.6709289550781,86811800,0.014596243779882587,0.16816205122924643,0.1624469615345016,0.21325178941746795
2023-02-01,388.4533914496531,396.5635671519253,385.7116747281049,393.8122253417969,101459200,0.010571599230342234,0.17320329841948967,0.1633398194266773,0.2135063867166367
2023-02-02,397.704397771963,401.01174260046105,395.8062948752539,399.5450134277344,101654500,0.014452223003304033,0.1821757889457738,0.16515107075370153,0.21487598085983495
2023-02-03,394.56966692909316,399.7271944530263,394.090343244796,395.2982482910156,94736800,-0.010685894319288803,0.2179629900588733,0.17249805062535792,0.20936653199538413
2023-02-06,392.844029913755,394.28200066117023,391.2239138645533,392.8823547363281,60295300,-0.006130323713503501,0.1913918489338649,0.16760206233710845,0.20855724822640767
2023-02-07,391.9620943439746,399.26698166926644,390.7158646278332,398.020751953125,90990700,0.012993929272302246,0.18637102556953442,0.15678372939272028,0.20825381870792034
2023-02-08,396.04600466573515,397.3881051733377,392.9783212864178,393.6685485839844,76227500,-0.010994836508784099,0.20241366317712986,0.1639511473473772,0.20913529535719175
2023-02-09,397.27298063541855,397.42636769460404,389.0286090516376,390.25567626953125,78694900,-0.008707203498956066,0.16005614119366246,0.1677721009188777,0.20991620537156983
2023-02-10,389.0765392196659,391.5498653830581,388.26171250273467,391.1664123535156,70769700,0.002330971979452476,0.15603861340677255,0.16331348769983825,0.2051517139033433
2023-02-13,391.8182749307163,395.8925254285683,391.35811375424055,395.75830078125,64913500,0.011670596869021577,0.17686748340340896,0.16697831610747021,0.17716784324373022
2023-02-14,394.23410329587506,397.88654714068605,391.6170149103328,395.57623291015625,88389300,-0.0004601539969627085,0.14439677083414312,0.16699715027213738,0.1762672178328203
2023-02-15,393.38091503799455,396.9374882356896,392.5373007553342,396.8608093261719,61555700,0.003242093624473707,0.11641795946851874,0.16658419460962437,0.17534905796939054
2023-02-16,391.88540381719497,395.83502566820573,391.2622889776,391.396484375,76431500,-0.013864540236871099,0.1469744067611925,0.1639529932186036,0.17706184406725137
2023-02-17,389.2682823043391,390.6583324559055,387.34139205761664,390.4186706542969,89257800,-0.0025013949250264705,0.14735870044128613,0.16134062236672758,0.17640023462267806
2023-02-21,386.3923171645057,387.4468348785111,382.3276626184369,382.58648681640625,82655900,-0.020264940785585314,0.1568934505295407,0.16789149573074974,0.18111992207253325
2023-02-22,382.9987206737072,384.54215788611697,380.6021026620575,382.05926513671875,83742300,-0.0013789961217707187,0.15468553231751822,0.16260919844587265,0.18094005070732763
2023-02-23,384.95439045031753,385.567938737912,379.86397585252666,384.09161376953125,96242400,0.005305360747558621,0.16368491118393397,0.16369939914839343,0.1810580680452329
2023-02-24,379.0683237378521,380.8226354035622,377.36193273433554,379.9886169433594,108194400,-0.01073980479790897,0.15620952594389265,0.1678995307541262,0.18041297059262934
2023-02-27,383.33429643374495,384.69558849089844,380.34332149757034,381.2828063964844,80444700,0.003400076924572109,0.16939814867578587,0.16342111417967414,0.18009248992244878
2023-02-28,380.80348526155615,382.7687005643169,379.76812977335084,379.87359619140625,96438600,-0.003702818002739799,0.10056700171322734,0.16329526178890072,0.18023551961827072
2023-03-01,379.05871889408525,380.285786224129,377.11266611466596,378.4164123535156,99706800,-0.0038433465169775073,0.10201012334995513,0.15825329579546168,0.17748330976277976
2023-03-02,376.4415411491154,382.2030196575483,376.1060088085925,381.3594055175781,85127800,0.007747042782563761,0.11370241368678115,0.15154808794668914,0.1781137096113111
2023-03-03,383.1808966203792,387.7249046275864,382.5290234904316,387.47564697265625,90120000,0.015910748249333345,0.13211891517342114,0.1577003808839891,0.16985481240830547
2023-03-06,388.30014328121297,390.60092059745676,387.30317098347945,387.744140625,72795900,0.0006926904276051289,0.13414982069963483,0.14785906957023362,0.1698558611504806
2023-03-07,387.6960878154249,387.9357495995497,381.18686556703113,381.8003845214844,108310600,-0.015447772304727266,0.18815376440423492,0.15246439840130271,0.17261974477539277
2023-03-08,381.91553257565727,383.1809248459443,380.18994978883694,382.4236145019531,74746600,0.001631014256095659,0.1832028274824886,0.15196324717104642,0.1687803426100257
2023-03-09,383.20967866619384,384.87774493306273,374.38054484861016,375.3679504394531,111945300,-0.01862218659620222,0.22331189800633414,0.15398545062418925,0.17041097656241802
2023-03-10,374.82145290553643,376.9017301661393,368.42729257488133,369.9515380859375,189253000,-0.014534727165301324,0.15297128659709994,0.1568240158072088,0.17284146460154884
2023-03-13,366.02106965683873,374.2462786691214,364.9090354410611,369.42425537109375,157790000,-0.0014262917690782255,0.1448110634438141,0.15548383389740178,0.17208349543557128
2023-03-14,374.3517676052174,377.1797888194533,371.0444227448801,375.5309143066406,149752400,0.016395069050572253,0.22120733306070345,0.16822825870785707,0.1746757418333759
2023-03-15,369.9324515707467,373.3835587348281,367.84257804775535,373.1822509765625,172996900,-0.006273887365466091,0.21716191359371612,0.16127290497224753,0.1726647214566474
2023-03-16,370.8239247170232,380.074864540284,370.3158428605711,379.729736328125,143254200,0.017392870664427462,0.22411606193269554,0.17574142623476702,0.17558651949367518
2023-03-17,378.3979622867853,379.5334763060183,373.9039803951704,375.2897033691406,140553400,-0.011761509463320332,0.2114933433961862,0.17783266378995166,0.17668292980786157
2023-03-20,376.0692246052136,379.312220938257,375.3667599239578,378.8984069824219,93055800,0.00956984366288626,0.21184324988873796,0.17775957831069403,0.1705535849724676
2023-03-21,382.2664406357319,384.3546576570402,380.66900909067914,383.8735046386719,91524200,0.013044969621437674,0.2016443040973928,0.18472737824414484,0.1706050751074369
2023-03-22,383.70029405624626,387.318544760657,377.29133237000224,377.3298034667969,111746600,-0.01719346803393808,0.24768570338828455,0.18091765089654452,0.17336975895702766
2023-03-23,380.19749521054143,384.2391923827506,375.6361739137841,378.3498840332031,119351300,0.002699771352528637,0.21005097301866227,0.18126447195915854,0.17341553004712779
2023-03-24,377.06996076940004,380.9191845780308,374.7219318967555,380.83258056640625,107682400,0.006540470833597548,0.18857328129007014,0.18180952427955996,0.171423744669306
2023-03-27,383.1132717788515,383.8831342228275,380.64977069262744,381.5447082519531,74010400,0.001868177090548349,0.17918780758219946,0.17798566620640685,0.16877532130499334
2023-03-28,380.8518079845922,381.54466943004763,378.8502245684134,380.688232421875,62871700,-0.002247282017946547,0.14642817681619177,0.17777915456901747,0.16856314579659964
2023-03-29,384.8549484004566,386.4620119949088,383.6520661602877,386.221435546875,77497900,0.014430119660560202,0.09987661748114601,0.18410058262268042,0.17055279855086505
2023-03-30,388.8582552867559,389.1084642618227,386.6160950711014,388.48297119140625,69840000,0.005838464449312952,0.09847496360973053,0.18408592578186647,0.16864081906576722
2023-03-31,389.4067778104378,394.2568086260701,389.3009088717674,393.95849609375,112062600,0.0139962272358312,0.11695067333979106,0.18809406026789244,0.1672650926045129
2023-04-03,393.43880732243116,395.8638078292274,393.0442583450311,395.45965576171875,67391100,0.003803209930981405,0.112557987133062,0.18098673868136675,0.16717613576034554
2023-04-04,396.10437947935486,396.3930888912914,391.88947462341105,393.2655944824219,66601500,-0.005563577273796455,0.13098162624206633,0.1824001199506164,0.1673749002973092
2023-04-05,392.53424390704595,393.2944738697264,390.5807639021192,392.2359313964844,65200200,-0.0026216719936703508,0.12155046324669613,0.17330115527539997,0.1670150421991869
2023-04-06,391.437167451645,394.0450376322365,390.3882575257403,393.7659606933594,63743300,0.003893199863327592,0.11954791366703735,0.1735352359981458,0.16515965108080297
2023-04-10,391.2832478731585,394.24716694508413,390.66738727373564,394.170166015625,63681000,0.0010259850869156156,0.06566508330844986,0.15759911918229047,0.15932434170999146
2023-04-11,394.7956544202573,395.6809594619992,393.5061679518089,394.2760009765625,59297900,0.00026846464858069316,0.05740734299984261,0.1455226133013631,0.1593014624871078
2023-04-12,396.3449920254895,396.6337014636882,392.08198323006627,392.6689758300781,86420400,-0.004084217900168409,0.049805691646305356,0.1468340691952795,0.15912924660470748
2023-04-13,393.7562823916815,398.240630968758,392.6111361339161,397.88458251953125,85814800,0.0131950133107312,0.10232035619541721,0.14351073953248378,0.15932311983757985
2023-04-14,397.2495021524552,399.44355846247794,394.6031608879993,396.9126892089844,78161500,-0.0024456394845275226,0.10802366956308454,0.14106849436507285,0.15934211463662548
2023-04-17,396.8260867230395,398.35614960865223,395.59433632263926,398.3369140625,66436400,0.003581834861245096,0.10870184979933904,0.13098704424565846,0.15931946004190187
2023-04-18,399.9150645614992,400.04980148093387,397.220619845255,398.5967102050781,63560000,0.0006519894351803641,0.10832750728931889,0.12089209117610408,0.15923862904206726
2023-04-19,396.6818088890477,399.4339901497687,396.6240728742949,398.5294494628906,55227300,-0.0001687580856087635,0.09704217685658471,0.1187793888668653,0.15563319045719132
2023-04-20,395.70985629299514,398.10601828904817,394.8052862710272,396.3546142578125,75840400,-0.005472095192857719,0.053973022043948056,0.11514503096435351,0.15528034693440673
2023-04-21,396.65290416377644,397.1244246963598,394.7090566567866,396.66253662109375,73457400,0.0007765844116113135,0.052500316538078365,0.09304569607990561,0.15116467844277795
2023-04-24,396.4603735939043,397.49968034668166,395.1227837473728,397.0762634277344,64332100,0.0010424760490064255,0.04353039592710521,0.09315083953666277,0.1494369514263185
2023-04-25,395.1035702020275,395.6617241074058,390.7154573508528,390.773193359375,97766700,-0.016001038006506107,0.11477676407950514,0.11120240345425142,0.15302670223232911
2023-04-26,391.3891301301037,392.46690824121293,388.55994790481657,389.1180725097656,80447000,-0.004244497680376398,0.10982541377316404,0.11276342017700787,0.1532951843052888
2023-04-27,391.65854499949717,397.1340685308111,391.40833604006144,396.8646240234375,92968400,0.0197123992464877,0.20452669075404104,0.12938614594274098,0.15675652145727983
2023-04-28,395.9793420542231,400.261616101448,395.92160603550906,400.2519836425781,89433100,0.008499082761205387,0.21293723241888915,0.12370256704905647,0.15755715074462628
2023-05-01,399.8092778572073,401.8782298985706,399.6168049089298,399.8477783203125,62122300,-0.001010387393844908,0.21389492868964952,0.12308861939534353,0.15533392845867913
2023-05-02,399.1356149746384,399.1837478908785,392.4476064659251,395.353759765625,103998500,-0.011302962040487414,0.19122774489496233,0.12158798124689234,0.15451088193051002
2023-05-03,395.8541126003669,398.2695096340394,392.39943819065314,392.6400146484375,91531800,-0.0068877596090518205,0.19776266583950824,0.12319059727218536,0.153704729679586
2023-05-04,391.5911783811914,391.9183589011733,388.5214198537967,389.8590393066406,94901900,-0.007107962716026905,0.12181486102548514,0.12412819892860277,0.1514703631459245
2023-05-05,393.4964845285171,398.1251732691853,393.2366725239446,397.0762634277344,87891800,0.018343125438600467,0.18623328116291787,0.13969928744971674,0.1545454499351976
2023-05-08,397.40353090526224,397.6633429667236,395.77723133030975,397.18218994140625,50046800,0.0002667305934246991,0.18670517291499802,0.13918078881855536,0.15403081738176944
2023-05-09,395.6328415851866,396.55664705489033,395.20942462672946,395.44036865234375,49220100,-0.00439509088922007,0.16908642286695238,0.14014272326485794,0.15206136600904888
2023-05-10,398.2791682813285,398.9142936957152,393.45800635276555,397.2879943847656,96142900,0.004661443097452185,0.15882682823028188,0.1410117784625219,0.15072145692729474
2023-05-11,396.4219457866343,396.8838338451928,394.5165694433399,396.59515380859375,70157100,-0.001745447686220635,0.14241593969730248,0.14031354112078362,0.14969916323128776
2023-05-12,397.8365061605119,398.04821462684833,393.65046974768575,396.0754699707031,70481500,-0.00131122283772998,0.053013022315623944,0.13252440058885004,0.1496711742511896
2023-05-15,396.6817257085728,397.8461075849292,394.766746430572,397.44195556640625,54289400,0.003444125869193695,0.060233392420869517,0.13284656880242274,0.14800320077911833
2023-05-16,396.3353092048242,397.2591440489676,394.7763782852964,394.7860107421875,57705500,-0.00670502655175655,0.07220972186963365,0.1341863609607976,0.14861938482836198
2023-05-17,396.80683197926186,400.1845056184392,395.16129716185526,399.5782775878906,87287000,0.0120658117583393,0.1124069397350581,0.14099452971780602,0.1504459373625949
2023-05-18,399.26068947715396,403.8509071558303,399.0393779276958,403.427490234375,97177200,0.009587084634130385,0.12236870700206517,0.1447456132521412,0.1488963493789141
2023-05-19,404.33207636027197,404.8613328497813,401.61836671819003,402.8404846191406,103793300,-0.0014561057545595002,0.1227251312793861,0.14329051032775902,0.14882592208420384
2023-05-22,402.85981035962357,404.54384591155565,401.61842735851235,403.004150390625,60745400,0.0004061968439679503,0.12451827831955525,0.14329613536172406,0.1427219378244281
2023-05-23,401.358516825221,402.93671253841774,398.0866827611539,398.4812316894531,86383500,-0.011286460900126472,0.14845124587802228,0.1492266307956297,0.14470559948384087
2023-05-24,396.8742437459542,397.25916026310097,394.42997834283796,395.5943603515625,89213700,-0.007271056019020999,0.1265907250966717,0.14009275396992782,0.14525247066616068
2023-05-25,399.1067150856023,400.4732023013642,396.86455539773374,399.0201110839844,90961600,0.008622475628351715,0.1210921556454226,0.14158774279674805,0.14433897910637236
2023-05-26,399.67452677861917,404.90947362025605,399.59755522238083,404.187744140625,93830000,0.01286766389587426,0.16229923412085656,0.13196801194254848,0.14626776165774646
2023-05-30,406.1219771957275,406.6512337191027,402.955982410714,404.3417053222656,72216000,0.00038084248781236656,0.16230190821549714,0.12901864152258521,0.1459702160378773
2023-05-31,402.5133634004825,403.41793341434715,400.53101533620446,402.0995788574219,110811800,-0.0055605591777213486,0.13918851069964022,0.13063545676833263,0.1462415151105025
2023-06-01,402.33050994129945,406.9784643429913,401.07952389464964,405.919921875,88865000,0.009456136842057736,0.11975107434907342,0.12721673785153279,0.14660323844099948
2023-06-02,408.49887873292437,412.5790465929496,407.9696222034908,411.78997802734375,91426200,0.014357553920195634,0.13603278651268574,0.13130294722772975,0.14599239380203582
2023-06-05,412.13642960632063,413.4259161757562,410.29842154598526,411.00091552734375,65460200,-0.0019180152529158522,0.1314848374083905,0.12781818267310074,0.14610558965232717
2023-06-06,410.5870301564644,412.4250083982246,409.93263989089155,411.895751953125,64022200,0.0021748460380386745,0.12954091893997582,0.11412857810493339,0.1422801767195425
2023-06-07,412.2903298100494,413.42584368993704,410.0481406844761,410.4715576171875,85373300,-0.0034636487690722396,0.1206449120109059,0.11546113150148553,0.14258260687907212
2023-06-08,410.53897877639116,413.40666121291997,409.7691457275,412.9543762207031,61952800,0.006030478336428234,0.1133313123519594,0.11432033722316977,0.13712674081551007
2023-06-09,413.7530790281272,415.7065590310339,412.70416901348756,413.6953430175781,85742800,0.001792698837420878,0.05925035618187448,0.11393022799163932,0.13319119477583283
2023-06-12,414.6768867959098,417.5253041431819,413.9551573440261,417.44830322265625,76104300,0.009030895510601144,0.07505167993812185,0.11565608479995136,0.13381055450271842
2023-06-13,418.9110749460117,420.84529012852545,418.247081424966,420.2005615234375,95899700,0.00657141272661062,0.078020765765088,0.11565796427873447,0.13090813266796408
2023-06-14,420.53738266663987,422.51009835206776,417.24628300428765,420.7009582519531,100612100,0.001190143615662611,0.05297876521977911,0.11576713164035224,0.12988791997025828
2023-06-15,419.8829487810575,427.1676119841462,419.7867416783568,425.9166259765625,110303100,0.012321345095019434,0.07535961720621226,0.11503359215437854,0.1278089848284042
2023-06-16,427.9043831698667,428.4742491472454,423.99257880127806,424.4658508300781,114165800,-0.003412056559400137,0.09961135540171408,0.11318587761295358,0.12526786991988084
2023-06-20,422.52447850076925,423.41307214231983,420.1870344889163,422.263671875,76160400,-0.0052016230953704605,0.1146942408025778,0.11373177286314533,0.1251015210549481
2023-06-21,421.2784119248558,422.08007971224396,419.510834231047,420.10003662109375,76982300,-0.005137068442481535,0.11727518250922185,0.11590576996953472,0.12368865541402818
2023-06-22,419.14386433493524,421.7227488220665,418.80580025695025,421.61651611328125,70637200,0.0036033059539295016,0.12009741210169404,0.11588175350369023,0.11781437139741745
2023-06-23,418.1586012935174,420.2159312951656,417.71430455566934,418.4290466308594,92074500,-0.007588837846638296,0.06769860325450398,0.11108844253851316,0.11926934678400844
2023-06-26,417.8592449307871,419.7813378209466,416.4780427984246,416.7195129394531,72823600,-0.0040939688144025635,0.06778584392855602,0.10813602484506368,0.11937460448514134
2023-06-27,417.59850632056305,421.90632578060763,417.14454123449,421.2881774902344,72813700,0.010903741976396453,0.12077832233343584,0.11004145275807754,0.1208680634217519
2023-06-28,420.20636537536024,422.5148342796088,419.5882170864921,421.50067138671875,75636000,0.0005042636747515117,0.11344025291763826,0.10363408379586894,0.12063965560624132
2023-06-29,421.0852585523664,423.32610840810986,420.679605245235,423.1618957519531,67882300,0.003933467805390439,0.1140017124828717,0.10366661891333184,0.11790373671135995
2023-06-30,426.3783313417032,429.14073568910436,426.05957423925753,428.1555480957031,104964000,0.011731721590126306,0.10749132754190166,0.10472773842602169,0.11937526339590235
2023-07-03,427.8078514299053,428.9282469948695,427.52773780049586,428.6481628417969,32793400,0.0011498895116467814,0.08484515214962185,0.10218765583286725,0.11666252437179242
2023-07-05,426.8323056243361,428.7447598513333,426.8226373857692,428.01068115234375,58418400,-0.00148829796503595,0.0820163113661142,0.09358506667093873,0.11668834714824157
2023-07-06,424.42725571135543,425.0840474287703,422.1477622241082,424.6590576171875,80658300,-0.007861521629277354,0.11427998569668624,0.09871621915529158,0.11732294833022021
2023-07-07,423.66417049204466,427.5373607483118,423.3454134187473,423.5868835449219,86134200,-0.002527980603810839,0.11479235470465313,0.09968468472486347,0.11731063093230888
2023-07-10,423.2295437531058,424.83290904656155,422.659677750378,424.6590576171875,62443500,0.0025279806038109105,0.0638317101083171,0.09820195366857033,0.1172159488996034
2023-07-11,425.422125413234,427.85613393293494,424.4465765671181,427.363525390625,64463800,0.006348368952361243,0.08522850607647038,0.09838792238843888,0.1176665160318091
2023-07-12,431.1594635773627,432.2122699147005,429.7299496500487,430.80206298828125,91924500,0.008013735451747564,0.10368834437352306,0.10084442671680188,0.11841227079540274
2023-07-13,432.617887210663,435.0132815571351,432.18325865422753,434.22125244140625,72425200,0.007905468440858356,0.07127220355747763,0.09991694379429202,0.11858053941606753
2023-07-14,435.1099046958951,435.9598548665001,433.18778225181745,433.9508361816406,69815800,-0.0006229554533125151,0.05989026865061694,0.09875835099012385,0.11628533999185706
2023-07-17,433.8059330908804,436.51038682135163,433.7576213779186,435.45758056640625,52680200,0.003466140571585066,0.05795301391398783,0.09897319104037823,0.11609633133184839
2023-07-18,435.12913614001786,439.3403606896483,434.6944781535629,438.6932373046875,80668200,0.007403005178267041,0.05992364215345586,0.09360721971745649,0.11662901516558247
2023-07-19,439.48533409064345,440.8568680135883,438.61601798371265,439.6688537597656,65891700,0.0022214457254261855,0.05702974390470852,0.09197253863198347,0.11662313416896775
2023-07-20,438.67392261371555,439.5721843285478,436.0370584598877,436.7518005371094,70591600,-0.006656766885135419,0.08313333514821357,0.09346949795498644,0.11772992353079383
2023-07-21,438.4710665028841,438.67392261371555,436.7421617768301,436.7518005371094,71275600,0.0,0.08240504389023119,0.09044471438958876,0.11692745940798115
2023-07-24,437.9011836363661,439.5142168422899,436.86768455433304,438.702880859375,54023400,0.004457303373872571,0.08433432890078126,0.09070120052141943,0.1170613626583737
2023-07-25,438.4325069587421,441.15626767500714,438.3841952460214,439.900634765625,55191200,0.00272649637051523,0.06875598991918665,0.08389960123401495,0.1170772733124352
2023-07-26,438.9637681345287,441.3977766942308,437.91096179208995,439.9682922363281,71052900,0.0001537898856526522,0.06713660850455348,0.08100836038276613,0.11151771458341518
2023-07-27,443.3584372254405,443.764119987392,436.1433090250335,437.0512390136719,92194400,-0.0066522212467085,0.0671076343527344,0.08112145335351312,0.112157490807849
2023-07-28,440.3256456163928,442.1608128318353,437.0512962860115,441.3301696777344,80011800,0.009742839429551332,0.09549491308146822,0.08552816990937684,0.10737205957315854
2023-07-31,441.8034013690048,442.52781174126136,440.4897885662861,442.1704406738281,62040400,0.0019021407333512383,0.09319214067818589,0.08529532274063127,0.10647749648796061
2023-08-01,440.70232573811046,441.64889932682564,439.94894005773267,440.9051818847656,55291500,-0.0028655748670867462,0.09720712774096295,0.07928698226695335,0.10672536759341798
2023-08-02,437.7853012333676,438.04607833580565,434.01837348316195,434.7717590332031,93933400,-0.014008643753451584,0.1417667566147933,0.0955945000647224,0.1081772427782826
2023-08-03,432.7531252299224,435.4092967139093,432.10597229878186,433.52581787109375,64276100,-0.0028698502688134686,0.13704391744704564,0.09610694213156126,0.1072037851132671
2023-08-04,435.34172133475255,437.44733404641704,431.04354071502667,431.56512451171875,100128900,-0.00453292624065431,0.09281103944773436,0.09305337019690495,0.10647757341493976
2023-08-07,433.4002700753938,435.48657568112884,432.7048348734821,435.33203125,58357500,0.008690605158160237,0.12802782906538115,0.09611117173946469,0.10196781726389888
2023-08-08,432.7917508600607,435.32238270202885,430.07762882885913,433.43890380859375,71361300,-0.004358180877084493,0.12828122390148844,0.09794749235641823,0.1026053488015531
2023-08-09,433.7093468244431,433.87355948928627,429.77820586959297,430.541259765625,78789600,-0.006707688508654268,0.09694337507877544,0.09935372992513102,0.103237304654737
2023-08-10,432.89797658868093,436.2882265207825,429.52706313111736,430.6957702636719,93005500,0.00035881062777650834,0.09773165418729551,0.09537560683452076,0.10303478071504904
2023-08-11,428.8219993419041,431.4588639187083,428.2231581026232,430.4446716308594,68690900,-0.0005831769772106374,0.09345443865667437,0.09092628151417391,0.10292215316567335
2023-08-14,429.5270522820505,432.8206787109375,429.2179634605814,432.8206787109375,47867400,0.005504710872310272,0.07448471014517069,0.09319981959429016,0.1031218457986056
2023-08-15,431.0435212704258,431.40092184966306,427.2089741403311,427.77886962890625,75707500,-0.011717102976253627,0.10604449659150374,0.10039351250053914,0.10631392538351271
2023-08-16,427.36350074460506,429.0248164729432,424.53347780183003,424.6397399902344,80107200,-0.007365263484302686,0.10772731829316587,0.09811056444316589,0.10652064281309614
2023-08-17,426.1078247958852,426.368601907091,420.8824080004751,421.40399169921875,95711300,-0.00764916504123078,0.10811987121041497,0.0992804795215215,0.10560822971034112
2023-08-18,418.5836616313642,422.6403718520157,418.23595877170976,421.60687255859375,98852000,0.00048132443339366453,0.11069715796499187,0.09815327358125796,0.10410378339932118
2023-08-21,422.6210410735604,425.09369303000517,420.4671462190992,424.3499755859375,68719000,0.0064852306533650554,0.11616798623150879,0.1020461369318217,0.1046455581411274
2023-08-22,426.1271477129419,426.1271477129419,422.6403332909712,423.2005310058594,64994200,-0.002712393599794102,0.0936619948948962,0.09988542603866471,0.1048819795912974
2023-08-23,424.2630351692306,428.5322402058597,424.1181589807745,427.9140625,68441000,0.011076251586629149,0.11747128571652114,0.10838765235292468,0.10396037524882801
2023-08-24,429.51746935310535,430.02938491944155,421.9546073437118,421.9836120605469,88517300,-0.013955907567468449,0.1519978576351543,0.11668094154392092,0.10697240579798245
2023-08-25,423.71247141677657,426.24307373449807,420.1580380770201,424.9584655761719,102325100,0.007024956790446561,0.15947296998083751,0.11937938371361559,0.10655815945252683
2023-08-28,427.1509825528838,428.2714074691659,424.95844443108183,427.65325927734375,61595400,0.006321289271501626,0.15915945532914982,0.1159165972031712,0.10437671331491856
2023-08-29,427.5470082557006,434.1150135078099,427.3634885979469,433.83489990234375,83081900,0.014351321388560644,0.1756150573101976,0.12791977790559755,0.10778087671949424
2023-08-30,434.17294441532357,436.2592497912926,433.4678410527647,435.62176513671875,69053900,0.004110308936438406,0.16709617732569162,0.1288525975704255,0.1070785895687199
2023-08-31,436.2398856848301,437.3796175058156,434.8007332918285,434.9842529296875,66084600,-0.0014645254173493774,0.09055597192039952,0.11935000629550754,0.10590674812669179
2023-09-01,437.7080777747482,438.1910180232257,434.3371347964679,435.7956237792969,58944100,0.0018635503785134325,0.0944517715515389,0.11903020173024316,0.10243979699949891
2023-09-05,435.35135247874024,435.6700800917991,433.84458117342785,433.91217041015625,55166200,-0.00433123935678437,0.11364738814867496,0.11893012468153165,0.10282254439187893
2023-09-06,433.1007905422567,433.2070527201014,428.66740278671307,430.99517822265625,70758500,-0.006745238670796304,0.07016491935383319,0.11714743468665245,0.10390131079740554
2023-09-07,427.99131435968866,430.34806524877047,427.6436115119561,429.6719665527344,70355400,-0.0030748535493756906,0.05113530535981098,0.11669515969519646,0.10384058052800851
2023-09-08,429.7202810475146,431.8548689598933,429.36290993507305,430.3191223144531,61659700,0.001505029278217109,0.059501346990585444,0.11456414454925583,0.10329391618007118
2023-09-11,432.9462527649071,433.45816823533755,431.2366549432054,433.14910888671875,60180100,0.00655495269679991,0.08382139014755624,0.11681400724125247,0.10394440177887795
2023-09-12,431.70027670410997,433.22635483769756,430.1935055679439,430.77301025390625,67565400,-0.005500738021453321,0.08691188760422401,0.11849678639777138,0.10328829624774433
2023-09-13,430.9951854819559,432.4343379531001,429.8940675950137,431.2752990722656,60199300,0.001165338113347533,0.07370070223644018,0.11691650254806815,0.1025597585266303
2023-09-14,433.7479319521232,435.68933157331315,432.44398747582267,434.993896484375,83430800,0.008585368779572668,0.08703886726189065,0.11273049768523982,0.10384596555481784
2023-09-15,433.40728505412073,433.7368392986662,429.31689007252186,429.7530517578125,111848900,-0.012121254442280798,0.13629685416780987,0.11814308547719454,0.10407176341321987
2023-09-18,429.4428625408151,431.30390776198857,428.9679210789831,430.00506591796875,55752200,0.0005862443452241423,0.12346928916185468,0.11430622811367654,0.10382365628877671
2023-09-19,429.0842343223396,429.6755151492696,426.42839572285595,429.1133117675781,66514600,-0.0020759757766030417,0.11870491287234969,0.11478404546337602,0.10334909691111016
2023-09-20,430.3733738455972,430.7901603921495,424.96473276036625,425.1683044433594,82562600,-0.009235913058250616,0.13040078850449985,0.11791898919920861,0.10453666110221074
2023-09-21,422.31861839300336,422.58031539562137,417.9859016455791,418.1409912109375,104095800,-0.01666642578818541,0.11291826554917732,0.13125364292101752,0.10958557420270201
2023-09-22,419.16842775985725,420.7677463582612,416.78395900410345,417.2007751464844,100829700,-0.0022510941015016672,0.11141857331073261,0.12428448938960689,0.10862495219683489
2023-09-25,415.98915213200996,418.9939198820318,415.5529609010411,418.9551696777344,70874500,0.004196339490439463,0.1266269564363181,0.11648620498387921,0.10863489445122824
2023-09-26,415.91154478605614,416.6191352673673,411.96653779928545,412.8001403808594,96168400,-0.014800366351480956,0.13847522436096954,0.1234213179246366,0.11038006743719062
2023-09-27,413.9729414200165,414.53514466246037,409.3203738523524,412.9648742675781,104705800,0.00039898490728421516,0.14849915903659472,0.12043259255100831,0.11037706091316057
2023-09-28,412.4124874162186,417.0359784928409,411.8212066146307,415.3591003417969,92258300,0.005780908956657682,0.12954850709957622,0.10920837897023085,0.11072803239241132
2023-09-29,418.41232999892884,418.5867946420908,412.8292247753013,414.35101318359375,115111300,-0.002429975572948729,0.1296343908897366,0.10686799386913018,0.10806635309227133
2023-10-02,413.51743802249865,415.436637965525,411.4237734247356,414.1862487792969,83798600,-0.0003977235883838204,0.12102159368702313,0.107047370476136,0.10801345414263605
2023-10-03,412.00533549021924,414.2443872113326,407.27520783651096,408.64190673828125,103760600,-0.01347651004769522,0.11246196294510023,0.11251964535224959,0.11105730104535955
2023-10-04,409.107224446792,412.3640165843667,407.64359070503724,411.61767578125,87453000,0.007255708220654778,0.13081019922748055,0.11790504306750199,0.11122988406789704
2023-10-05,411.3268404794052,412.3058303467078,408.23484048426144,411.4625549316406,70142700,-0.0003769276570075328,0.11844843683131248,0.11708488736577717,0.11115326546670824
2023-10-06,409.01029452111743,417.8889725902115,407.6823752264937,416.3478088378906,113273300,0.01180297042342986,0.1525212169578994,0.12665014474136305,0.11368599992931748
2023-10-09,414.44800056773454,419.5852428633519,413.89552908801,419.01336669921875,80374400,0.006381830964216372,0.15626304860635729,0.12920900889810708,0.11369398948157473
2023-10-10,419.64334789466267,423.79189736248946,419.245936455557,421.1942138671875,78607300,0.005191222064659682,0.06951485186840839,0.12825150117667602,0.11299174145164877
2023-10-11,422.2604472219357,423.1715503152822,419.8759785243393,422.9195556640625,62451700,0.004087942317429219,0.06969364738499809,0.12862594241092554,0.11211150169830233
2023-10-12,423.5302119190894,423.90821868639375,417.9858858829249,420.34124755859375,81154200,-0.006115109655683511,0.1034701868230862,0.12963851449336963,0.11268880681491666
2023-10-13,421.8436685163455,423.045605313089,416.6773783738098,418.24761962890625,95143100,-0.004993226982903928,0.09477272875424676,0.12514992136132597,0.1127469536738601
2023-10-16,420.4963128780658,423.71435449669224,420.25399100160854,422.64813232421875,75433200,0.010466345812727542,0.11242110328983174,0.1262912986619744,0.11379674923924413
2023-10-17,419.51728827351457,424.68360681651455,419.16835899887315,422.6286926269531,75324700,-4.599604933018972e-05,0.1083290435725746,0.12622321748658127,0.1136592186702662
2023-10-18,420.85499831559775,421.8145836033234,415.91162548795126,416.9972229003906,93559800,-0.01341443628498085,0.14020992826815046,0.13353938983811592,0.11589777408135883
2023-10-19,417.714450283055,419.5270131332278,412.65476846702256,413.333251953125,121323000,-0.008825389021979366,0.14544463405264157,0.1332417096219132,0.11700912751400933
2023-10-20,412.8971069121286,413.4399055549237,408.14757441721036,408.25421142578125,123919900,-0.01236412544492936,0.15939527445918625,0.12772736641168564,0.11871755937632339
2023-10-23,406.7227000782813,411.4140774521023,404.96829212836195,407.5466003417969,92035100,-0.0017347647887449677,0.09686971063010973,0.1276832613785202,0.11846174197518583
2023-10-24,409.66935030950145,411.7727171708306,407.8180076603951,410.6192626953125,78564200,0.007511134204492602,0.13837409931933844,0.1299173970612424,0.11971393962708306
2023-10-25,408.9327781045306,408.96185555062243,404.2123224333422,404.7260437011719,94223200,-0.014456014098965164,0.14214747501318747,0.12945974258597626,0.12217817928833369
2023-10-26,403.65979204119725,404.5127401955018,398.95874174042217,399.8795471191406,115156800,-0.01204703335877825,0.14794096947449165,0.13490185398722554,0.12200370384987527
2023-10-27,401.46919469761593,401.8666061249316,396.64213226616755,398.0669860839844,107367700,-0.004543071690301571,0.138949865775103,0.1325693426036674,0.12194007828094328
2023-10-30,400.8586106203213,403.88278344941796,399.55976867860994,402.8262634277344,86562700,0.011885063006969277,0.18534373082432284,0.1410232332121106,0.12488431352805887
2023-10-31,403.39809925222016,405.67593098866274,401.48860153022065,405.3560791015625,79665200,0.006260527614964699,0.18132952508358857,0.14345099103509212,0.12315638384097756
2023-11-01,406.32535052662286,410.4932751362608,405.7922246289102,409.6790771484375,98068100,0.010608226048089182,0.1644300815394367,0.14135960486461305,0.12530575103012012
2023-11-02,413.4786596174057,417.68539350879695,413.4592845158063,417.5303039550781,94938900,0.01898301144418693,0.1376690310140909,0.1540827248917741,0.13121996518038556
2023-11-03,419.83724617580907,422.89049620638866,419.71123405468535,421.3396301269531,100167800,0.009082104868248753,0.07535983178829882,0.15672724913338218,0.13133400339687348
2023-11-06,422.09559347526306,422.7547018208165,420.36056071301397,422.308837890625,67831700,0.002297658863386686,0.09839755507748464,0.15195724411341813,0.13121767014937458
2023-11-07,422.3088656922616,424.1505059932791,421.1651135619809,423.5107727050781,64256100,0.0028420613767518453,0.10790388611245934,0.15077292712545615,0.1307448031683675
2023-11-08,424.11172778289733,424.635151307966,421.51404441898217,423.8209533691406,61746000,0.0007321351682530736,0.11942555734268559,0.14981612595836774,0.13075413203053465
2023-11-09,424.9647429571584,425.0035227425126,420.08922765476564,420.5157165527344,83174400,-0.007829231673862312,0.09640471029403269,0.1516916154329124,0.1316281535978791
2023-11-10,422.58998243152627,427.38793789386506,420.5059906051338,427.0777587890625,89462200,0.01548424695884534,0.13242520203393796,0.15946158882436073,0.1349108963153994
2023-11-13,425.740146607046,427.7756266322396,424.95502612182986,426.670654296875,52236100,-0.0009536873317791092,0.13504167431107705,0.15823542487613843,0.1328822941910299
2023-11-14,432.61240832792026,436.23753414765645,432.3894615518305,434.9483947753906,97176900,0.019214977140837083,0.18267616857626223,0.16749643655164306,0.13748168236984093
2023-11-15,436.28598819138983,437.51700226405256,435.01622391603615,435.86920166015625,77327600,0.0021148107978554995,0.18073728008318518,0.16743415180775426,0.13654745452503872
2023-11-16,435.4233234108849,436.7221650858265,434.35710126569217,436.4023132324219,66665800,0.001222352511901366,0.14653383469925732,0.15847815064551438,0.13655429751587822
2023-11-17,436.4119730300388,437.5557547047121,435.4911676985958,436.9450988769531,83133200,0.0012430006819536118,0.1312146155756753,0.15343739191990616,0.13602928821337826
2023-11-20,436.69314036041027,441.1518692274426,436.6834380187307,440.30859375,69936200,0.007668275170819986,0.12233162392157995,0.144158047029515,0.13662700418074
2023-11-21,439.2617056622207,440.1825406267048,438.0791737195552,439.34893798828125,49244600,-0.0021818858085278807,0.05657630483082845,0.14437466223559284,0.13507070198922064
2023-11-22,441.0064463302394,442.3634429416601,439.94992648347943,441.0451965332031,59394900,0.003853411960295107,0.05809870101915391,0.14367344260802536,0.13202934776130829
2023-11-24,441.0937331649602,441.51051975063126,440.76417891719865,441.316650390625,29737400,0.0006152892193427616,0.05900110375274047,0.12878146870456916,0.13140240815989468
2023-11-27,440.6866129172609,441.5008109728584,440.13411187157703,440.5218505859375,50506000,-0.0018025976843222833,0.0658108758618312,0.11691866445098945,0.13096840338694007
2023-11-28,440.13410742327716,442.25684966761025,439.57193362163355,440.9580078125,62115000,0.000989602332943719,0.03870763022174683,0.11296564115118078,0.12790297088075148
2023-11-29,443.10979527762873,444.2438747206066,440.2504147680835,440.6477966308594,63146000,-0.0007037412704858977,0.03386935960641887,0.11152768706696035,0.12767589948672553
2023-11-30,441.491084558086,442.7317713844543,439.4167950935211,442.3828125,79752700,0.0039296896029246825,0.03433347611167909,0.11129644253792745,0.12784882456467908
2023-12-01,441.77219472169025,445.53303530779465,441.18094348970146,444.99993896484375,89183400,0.0058985461428583295,0.05091179296911323,0.10903234039068266,0.12830740907987956
2023-12-04,441.60742053346644,445.01930211338146,440.3861087358581,442.6639404296875,72430900,-0.005263262327146139,0.06860362977014889,0.09874258492556652,0.1284585335248
2023-12-05,441.27787936550914,443.5363064434526,440.89984300542426,442.57672119140625,69793500,-0.0001970520387162075,0.06909792146351056,0.09649093869755579,0.12766043162711768
2023-12-06,444.718815610949,444.7478930540511,440.35702166378525,440.793212890625,69124700,-0.004037970176121171,0.07706067915937248,0.09899094273375385,0.12778210039443386
2023-12-07,442.87718005735604,444.80605282503006,442.27622650644105,444.1566467285156,66995400,0.007601447690649998,0.09168063650685458,0.10083268409152554,0.1285745509490929
2023-12-08,443.4102333183171,446.5991973452758,443.1679114532356,446.06610107421875,83194400,0.004289841567588054,0.0866162873174255,0.10090365353774695,0.1282204786763629
2023-12-11,445.5717675539386,447.9756111721654,445.35852312344826,447.8011169433594,65002200,0.0038820487273770036,0.07142317409557575,0.09379699624585486,0.12781824674818412
2023-12-12,447.4522633466022,449.94333971052043,446.45389824865407,449.8464050292969,68327600,0.004557003891374062,0.06884773442695531,0.08240903477422944,0.12805733526422508
2023-12-13,450.22440701550494,456.30185945750105,449.86577532109465,456.0498352050781,93278000,0.013695888929769764,0.06547240167698902,0.09000787388551466,0.12973826272445688
2023-12-14,457.98836917003774,459.1806035101216,454.83818462019093,457.513427734375,119026000,0.00320414325058557,0.06942651155936645,0.06858747518335763,0.12715321100647609
2023-12-15,456.9158807196401,458.09349529466084,454.91105501868043,456.7601623535156,141553700,-0.001647790244551661,0.08843547833251798,0.07001411422177578,0.12726075644874774
2023-12-18,458.3659614924249,460.31239637628556,457.3051580447496,459.3294372558594,70375300,0.005609236563705155,0.08823181216274084,0.07086318318815364,0.12744410577718662
2023-12-19,459.87448945590774,462.20049366533715,459.7966451197195,462.12261962890625,55761800,0.006062585475703066,0.08831298246671716,0.07179947744677401,0.12607638839154048
2023-12-20,461.26619443858215,463.15423891381676,455.2906539604504,455.7188720703125,102921000,-0.013954155541725455,0.13181895198919458,0.08967053942342844,0.12461159436900979
2023-12-21,458.7065536605437,460.31238616429494,456.28325178797456,460.0398864746094,86667500,0.009437084674413147,0.14820478939520487,0.09242469588147899,0.12542261090683007
2023-12-22,461.1687838422537,462.6480933014032,459.06666039020405,460.96441650390625,67160400,0.0020076569389475612,0.14619125601538902,0.09222743957723029,0.1253113575197314
2023-12-26,461.3732181207506,463.81597380070593,461.2953440901739,462.910888671875,55387000,0.004213718100482234,0.14424267390542417,0.09233814679693958,0.12094213779325937
2023-12-27,462.70651395388256,463.893840449239,462.1712562282074,463.74786376953125,68000300,0.0018064369932373153,0.13892717850336486,0.09116907493331904,0.12090774329382159
2023-12-28,464.10794836189996,464.75998742977106,463.5045582870676,463.92303466796875,77158100,0.00037765742315416215,0.05644898097842402,0.09131683335333118,0.12067479564812128
2023-12-29,463.72837604213146,464.2539217843669,460.62380998189565,462.5799865722656,122283100,-0.0028991789678680766,0.0416485329568002,0.09257046057128321,0.12074456400556915
2024-01-02,459.5143439023402,460.9839117212058,457.8890577311239,459.9912109375,123623700,-0.005612103296437002,0.06156815431019456,0.09629697999631094,0.12156870193825582
2024-01-03,457.83071094737187,458.57036576687835,455.63125954765485,456.2346496582031,103585900,-0.008200122897048237,0.06561581737418098,0.10110914817903986,0.11933509194751354
2024-01-04,455.7577162648923,458.3464782249613,454.5411944622418,454.7650451660156,84232200,-0.0032263584177772424,0.050931832011971497,0.09970827850829898,0.11921036853039632
2024-01-05,454.96940287212124,457.84040614563645,453.93779478135224,455.3879089355469,86118900,0.0013687015220042785,0.05638449831303113,0.09956259664201658,0.11914486405885949
2024-01-08,455.884242835596,462.0349842457667,455.7577198150965,461.8890075683594,74879100,0.014175016009974482,0.14008850810232276,0.10684710110669536,0.12006060902145609
2024-01-09,459.23211686361327,462.2101599071882,458.72605447786003,461.18829345703125,65931400,-0.0015182135778739451,0.13314960903136278,0.10573074697748823,0.11983391257809584
2024-01-10,461.4607624691406,464.6626560070687,461.17852110920177,463.7964782714844,67310600,0.0056394263052470485,0.11034683863110223,0.10623465788708981,0.11989302658411682
2024-01-11,464.7988820904805,465.3146861106975,459.6116465550996,463.59210205078125,77940700,-0.0004407563956431828,0.10139605590766858,0.10625134911873634,0.119842329805568
2024-01-12,465.04220480544996,465.7818595429952,462.502121615046,463.91326904296875,58026400,0.0006925393966074593,0.10254345664365752,0.10576146905322159,0.11886334446604983
2024-01-16,462.53132242501596,463.8451421871986,460.39023221216354,462.21014404296875,85014900,-0.003677969687080206,0.05511268566225894,0.09722812160931289,0.11859717176866257
2024-01-17,459.1835167341264,460.12753895625485,457.2857306101824,459.64093017578125,68843900,-0.005574046808989982,0.0686540164530911,0.099048147417898,0.1180533358673376
2024-01-18,461.31483318114266,464.283134653539,459.7674209319049,463.7283935546875,91856200,0.008853424026190628,0.08826074417086711,0.10314709428420661,0.11896937195313868
2024-01-19,464.8572992191645,469.79151871434675,463.7770421286305,469.50927734375,110834500,0.01238903638506738,0.12418107002298563,0.10966346068266078,0.11702230704142672
2024-01-22,471.04701358634367,472.2245984500442,469.84994536440996,470.50201416015625,75844900,0.0021121814055945908,0.12325850044021257,0.1082299618623457,0.11498116477726267
2024-01-23,471.0469649925702,472.1174803762762,469.956966252641,471.8741760253906,49945300,0.0029121339211362024,0.10947811666322818,0.09398265545554765,0.11119073920890879
2024-01-24,474.745184157241,475.6794645582401,471.8936642634199,472.3900146484375,81765000,0.0010925727766769925,0.07789034745899923,0.08962529664849365,0.11091731642613721
2024-01-25,474.52132983790426,475.23178923650255,472.3900110425858,474.95928955078125,72525000,0.005424147545688603,0.07210045206444687,0.09075793336341632,0.11060020682626764
2024-01-26,474.53109852869903,476.0201200569098,473.509232074134,474.3559265136719,76641600,-0.0012711544240388854,0.038948120116649186,0.09062254053328953,0.10550226706716778
2024-01-29,474.66734997690736,478.2585246858996,474.12235058965683,478.1125183105469,61322800,0.007888159017031186,0.05692764575066359,0.09356763882660422,0.10178292865678755
2024-01-30,477.4214974259143,478.45310543351826,476.9835377414516,477.74267578125,58618400,-0.0007738463943895246,0.06374533949853822,0.09381901629751481,0.10094795563362836
2024-01-31,475.5334936248827,475.98116532447904,469.9277517507619,469.9472351074219,126011100,-0.01645182967842935,0.15042005989808954,0.11168540605268719,0.106450823736847
2024-02-01,471.65038103588824,476.1271872790658,470.8425939142762,476.0979919433594,91891600,0.013003275798320293,0.1780209064293519,0.11681767602895898,0.10827143481337564
2024-02-02,476.53591254829524,482.7644982110768,476.1952805049677,481.11004638671875,99228200,0.010472332133591505,0.18987503931622277,0.11489385487259156,0.1082306763327221
2024-02-05,480.47743909484853,481.13921979443177,477.10037355108614,479.35821533203125,75757100,-0.003647872745286307,0.18815968075637796,0.11516880693663972,0.10363195491782236
2024-02-06,480.3022375794468,481.0808293147646,478.871606822303,480.74993896484375,55918600,0.002899099651106291,0.1883746718441524,0.11510005497497851,0.1026946294653108
2024-02-07,482.9980918458816,485.17808940845316,482.0929770540646,484.7596130371094,70556500,0.008305867332646566,0.10555305970362897,0.10930040015688725,0.103443409245217
2024-02-08,484.75955433109493,485.35320264177267,483.9420553441325,484.9736633300781,52343600,0.00044146220751951,0.09130570329912606,0.10864638226945758,0.10349323207217481
2024-02-09,485.4797418906366,488.21448028265473,485.1391098762786,487.77655029296875,63979400,0.005762825195324282,0.07370504456733525,0.10869364817759464,0.10370175877791948
2024-02-12,487.74732210831274,490.0149053250304,486.8422074567853,487.5624084472656,56502300,-0.0004391126740607286,0.05799788546534744,0.10869310693202511,0.10182412792168023
2024-02-13,481.28515815868167,483.77659211196044,477.5772025602381,480.8471984863281,113099200,-0.013868754600229755,0.13630820340342928,0.12241462914540836,0.10334474064259479
2024-02-14,483.48468469887587,485.703619202311,481.1586808363787,485.2170104980469,68387800,0.00904669021811342,0.13920887389308492,0.12329443500024397,0.10416151147883777
2024-02-15,485.91772783399097,488.74979405458623,485.4408311080291,488.56488037109375,61683000,0.006876042972305404,0.14721024264589377,0.12077674022456716,0.09867120825130363
2024-02-16,488.2632150838705,489.401862888149,485.3922116760664,486.1318664550781,75532900,-0.004992360910690337,0.14727829042323173,0.12170605245483299,0.09961162481738023
2024-02-20,484.3897552215933,485.06127758934093,481.20734508331265,483.4554748535156,71736700,-0.005520695836548124,0.15113237536687563,0.1186759325734147,0.10065935399728304
2024-02-21,482.15139479243277,484.0491509708409,480.3411949189208,483.8934326171875,59293400,0.0009054805152781886,0.10570800528989947,0.11865752107998179,0.1006668276014734
2024-02-22,490.51128734031624,494.871282071389,489.54778196517503,493.9078063964844,76402500,0.020484171112886966,0.17024838859713207,0.135951031778129,0.10686869508763663
2024-02-23,495.6303956264625,496.4673780025352,493.51853058146656,494.2484436035156,61321800,0.0006894399960007954,0.1682891772607727,0.13599856958320763,0.10658521796728221
2024-02-26,494.6863621015271,495.12432178467435,492.311709415622,492.438232421875,50386700,-0.003669276694659428,0.16489867773733055,0.1368887140938473,0.10707669400087091
2024-02-27,493.1292673855463,493.57693907250416,491.23148157958644,493.35308837890625,48854500,0.001856084955042757,0.14968907403862566,0.13645540851975077,0.1070520247540002
2024-02-28,491.7959350516518,493.28495648375826,491.4358493661455,492.7010498046875,56506600,-0.0013225210341043577,0.1534296321349663,0.1350600503082136,0.10699120791209057
2024-02-29,494.46257806109645,496.0878345083775,491.815425510208,494.4722900390625,83924800,0.003588512905759912,0.04472381266278697,0.13500803147557366,0.10703972949611405
2024-03-01,495.3482457768837,499.54278105732834,494.93948136543304,499.11456298828125,76844800,0.009344541376475108,0.07923669723385234,0.1202178296203863,0.10796009924469725
2024-03-04,498.31652584892447,500.42839094094944,498.28730081516426,498.5792541503906,49799300,-0.0010730925261107367,0.06911503656645651,0.11504177576552055,0.10805604013655516
2024-03-05,496.57447866670594,497.02218009273895,491.38724255413155,493.596435546875,72855600,-0.010044310795917522,0.11334943645132892,0.11835261056437861,0.11033749341479329
2024-03-06,496.8761572948693,498.3554668272533,494.8032290742474,496.09759521484375,68382400,0.005054420689669335,0.11728489309555902,0.11767991507943444,0.1096391969513576
2024-03-07,499.39677730974256,502.0731250869525,496.15594682375195,501.02203369140625,58652100,0.009877407626383722,0.13230210265213582,0.1210591086234787,0.11073595794211487
2024-03-08,501.6546849790431,504.3407152276024,497.4406368151398,498.01483154296875,86532500,-0.006020220745794653,0.12808770622373947,0.12177699299980381,0.11124280601283748
2024-03-11,496.8080468189585,498.17054528765857,494.88106560592894,497.58660888671875,62557200,-0.0008602291344054963,0.12803044638081676,0.12197387493907831,0.1107779602757049
2024-03-12,499.6985003866654,503.5232377514132,497.17784111143084,502.9393310546875,73114400,0.010699918958305637,0.1134387258429259,0.12543920170406395,0.11209680532001037
2024-03-13,503.26048317387085,503.43565519442245,500.7106580961506,502.1510009765625,55104100,-0.001568675400922923,0.11828281811284098,0.12571514465363492,0.11223602452163868
2024-03-14,503.1242146399968,503.2799627018452,498.11218023321516,501.1583557128906,110171800,-0.0019787428093618895,0.0997168937662185,0.11368657377987051,0.11234893278466922
2024-03-15,498.08804798108406,499.54266772632866,496.0477073102581,497.7170715332031,107646300,-0.0068903442830180964,0.10318727195771595,0.11458823077398309,0.11096135265838719
2024-03-18,501.78800868482955,503.23282668542583,500.26507469946,500.6750793457031,88893300,0.005925560342370959,0.11106370384007168,0.11404217991957567,0.11127546385899395
2024-03-19,499.9819506807113,503.7404554386333,498.9763936514032,503.4573669433594,60755300,0.005541688705201126,0.08675372091627377,0.11270509533030398,0.1113959143853728
2024-03-20,503.515925395574,508.25067121798276,502.8423166074447,508.1139831542969,69594600,0.009206763523735782,0.10473208459381568,0.11241626798034289,0.11215913765181351
2024-03-21,510.9549424076125,511.6578075346775,509.5100647824686,509.793212890625,60256100,0.0032993798770276856,0.09740007327876453,0.11232944695620184,0.11184821497445938
2024-03-22,509.70524142108957,510.1933619854548,508.59231223392965,508.82666015625,79070800,-0.0018977698158841117,0.06526328968686577,0.09206597251487927,0.10756914279225782
2024-03-25,507.45018520809214,508.57288646937474,507.26469698888116,507.4209289550781,48512100,-0.0027665149965610406,0.08008055303833798,0.09318173861603107,0.106790528839967
2024-03-26,508.84619067556724,509.1879108526766,506.0834709315648,506.48370361328125,65463700,-0.0018487450962024043,0.08060902304248509,0.0921781425227207,0.10700254826828341
2024-03-27,509.3148990950555,510.7792611284968,507.1476123013397,510.74017333984375,82999800,0.00836884517893104,0.07541697166476503,0.0953448223917904,0.10775176838045447
2024-03-28,510.77917463931885,512.1458765547503,510.35939807768415,510.6424865722656,96294900,-0.00019128338811705167,0.07282966590531874,0.09498037955336476,0.10780731459776031
2024-04-01,511.38445509453464,511.92137584867254,508.5923599199536,509.75408935546875,62477500,-0.0017412787581364028,0.07253557964018886,0.09544073703429642,0.10798244704563084
2024-04-02,505.9273114756069,506.64972054640486,504.2091171531449,506.5130920410156,74230300,-0.006378260286961858,0.08569475464453574,0.09458985334952058,0.10877918123572179
2024-04-03,505.41954702145455,508.5728465002203,505.370746880242,507.06939697265625,59155800,0.0010977004704209627,0.08501618663305348,0.09437560820172754,0.10783476004202662
2024-04-04,511.08186037390533,511.4235209921689,500.5774945359362,500.880126953125,96858100,-0.012281066985207426,0.08686696838608551,0.09786865964864776,0.10962797715890052
2024-04-05,502.2370828649808,508.0749863325785,501.7977623960231,506.11273193359375,74546500,0.010392629958787024,0.13466972087598256,0.10250039522515589,0.1106298039519799
2024-04-08,506.8156491443553,507.8211466086966,505.5855756833857,506.39581298828125,48401800,0.0005591677492168231,0.13569993564086477,0.09722328190586328,0.11065144553430369
2024-04-09,508.13358597756917,508.3776462974431,502.1296782746543,506.98162841796875,68049200,0.001156164467467064,0.128356641154302,0.09428559073771209,0.10770283751454056
2024-04-10,501.28031218136,503.8966314464908,499.9233821983309,501.9051208496094,82652800,-0.010063667535723452,0.14652778108436973,0.1015027262588127,0.11000079992676273
2024-04-11,503.42813657981105,507.13784182494555,499.913691523377,505.6930236816406,70099000,0.007518713084343577,0.12529160103368162,0.09797682780310477,0.11036276308387762
2024-04-12,502.14918793409277,503.56474960986543,496.9848635757255,498.71282958984375,92561100,-0.013899374332643773,0.1395832790442825,0.10950911944199211,0.11446783817938101
2024-04-15,502.89118522807627,503.0571295651305,491.61558034670605,492.4649353027344,92101400,-0.012607177565992653,0.14968589397942964,0.11743152916142413,0.11773215812169863
2024-04-16,492.94324564322153,494.4661795680653,490.27809637848605,491.5667419433594,73484000,-0.001825537997579715,0.14256072582830476,0.11543357019632333,0.11749436844902558
2024-04-17,494.0268276061939,494.1928017122706,487.26148351067934,488.6575012207031,75910300,-0.00593588515104202,0.13841972317958778,0.11430246157695723,0.11757857291774286
2024-04-18,490.0536135988177,492.15252641432477,486.7148552774961,487.65203857421875,74548100,-0.0020597217603028615,0.09084706281897147,0.11169276010345193,0.11662715267895882
2024-04-19,487.57394131853926,488.56969668668467,482.1264983587833,483.3956298828125,102212600,-0.008766687960013847,0.0727373796056962,0.10720926488814349,0.11575342678582944
2024-04-22,486.00217973304706,490.44409539983275,483.65920663681294,487.8472900390625,67961000,0.009166998778738115,0.10823458924270808,0.11289808584511377,0.11701510984893858
2024-04-23,489.85833417865257,494.0659315908711,487.6617913619136,493.6363830566406,64633600,0.01179675283843332,0.14549200812050275,0.12273813226738142,0.11906764274727896
2024-04-24,494.5247405147149,495.3154935043147,491.17624034467946,493.4020690917969,55928100,-0.0004747818461080069,0.13419521588762715,0.12268354728724784,0.11908873885737287
2024-04-25,487.3200821932215,492.28914639879576,485.6702321576898,491.5276794433594,69122400,-0.0038061433600497492,0.13798754623868834,0.1229740393277854,0.11902840347105052
2024-04-26,494.3197628446228,497.7658932650639,493.6852119906925,496.18438720703125,64306100,0.009429351780170169,0.10953781236106677,0.1240883188986647,0.1202823748505387
2024-04-29,497.97090591945084,498.61522873285696,495.1983842873063,497.9416198730469,46415400,0.0035352349373046796,0.10391335999060779,0.12520338088865318,0.11953990023687851
2024-04-30,496.4772431240589,497.45348436502843,490.0535888671875,490.0535888671875,77483600,-0.01596809082235869,0.1507012709296345,0.13527377367429994,0.12405039107836233
2024-05-01,489.46780749693494,496.11600754799895,487.99367378182563,488.4622802734375,80242800,-0.0032524970657524395,0.15085097204938266,0.13439369525493436,0.11948561329408049
2024-05-02,492.17196991555153,493.8706497758126,487.6812546661218,493.03106689453125,62550200,0.00930993497643556,0.1687070390007926,0.13948379118004728,0.11814985792494907
2024-05-03,499.0154483809272,500.37240813782097,496.4772153379588,499.1423645019531,72756700,0.012319166593925871,0.17914782555614972,0.1411851147576076,0.11883570477972692
2024-05-06,501.54389828336633,504.3359337135483,501.10457784231613,504.2969055175781,47264700,0.010273838205835724,0.19072194881719595,0.14107373838204096,0.12007603301930124
2024-05-07,505.2634592637331,506.2494725384783,504.17984569021877,504.85345458984375,52561300,0.0011030053611280172,0.10611319796356901,0.14112178295593253,0.12000242946072547
2024-05-08,503.017991979403,505.439050807753,502.90084781577497,504.9021301269531,42047200,9.641053317012243e-05,0.08911710056156176,0.14104637200504985,0.11902812044068319
2024-05-09,505.0876793386549,507.8504586322259,504.4336144152066,507.8113708496094,43643700,0.0057454526334201235,0.08587381266300496,0.13770232105791483,0.11946294224767444
2024-05-10,509.4124405414531,510.22273745681827,507.2452135831723,508.46551513671875,52233200,0.0012873349506783353,0.0677928886581451,0.13540569373437875,0.11903120634365325
2024-05-13,510.14463540524883,510.25200764448437,507.3916278750611,508.5338134765625,36716400,0.00013431344156257895,0.037154227231352,0.12526156347326586,0.11901522134294638
2024-05-14,508.72915535784875,511.38456302160483,508.1922344903943,510.86712646484375,57535900,0.004577820113136615,0.04170481430696129,0.11563954801974873,0.11552415468377217
2024-05-15,513.336889820599,517.4859146210695,512.7023092523975,517.1930541992188,59504900,0.012306687281607278,0.07588301718506056,0.12040290519197931,0.11663022467840173
2024-05-16,517.2906967075278,518.8917465910545,515.9825072697596,516.1289672851562,50244800,-0.0020595463332229655,0.08893179541856298,0.11773251256902693,0.11617276593967675
2024-05-17,516.246162943074,516.9393157213522,514.7915729298934,516.8709716796875,59187600,0.00143660128942231,0.08873041747918772,0.11660481224841136,0.11556384294818693
2024-05-20,516.988021010064,518.9307313200704,516.5975007250751,517.4663696289062,37764200,0.0011512646623154273,0.0867308515465232,0.10905699279320331,0.11480789954941828
2024-05-21,516.7050565718225,518.8918276886369,516.5000244352296,518.735595703125,33437000,0.002449767036619519,0.08635280406034283,0.10692123716201009,0.11483994574648652
2024-05-22,518.0424683735625,518.7551054535538,515.0648847480338,517.241943359375,48390000,-0.0028835632480416033,0.03718285649727274,0.10361301169473576,0.10812469278520673
2024-05-23,520.2975559093766,520.4049281460258,512.2532779910508,513.4638671875,57211200,-0.007331079448999309,0.06452649110166153,0.10847173005764382,0.10932102478235661
2024-05-24,515.3088952889863,517.6714419020187,514.3619699226733,516.8611450195312,41291100,0.006594598992968755,0.08432752223432416,0.1075602485700623,0.10961666960728653
2024-05-28,517.6715045678355,517.9057929513657,514.5865486245773,517.222412109375,36269600,0.0006987193676004976,0.08399755976531269,0.10457458816072454,0.10959442694391769
2024-05-29,513.1904592530791,514.7817371522767,512.8878268689698,513.6004638671875,45190300,-0.007027323960096576,0.09243570979738693,0.10890361303238548,0.11062200562707748
2024-05-30,512.058043918065,512.7218807717095,508.94383216366884,510.1933898925781,46377600,-0.0066558058339552285,0.0984194313938544,0.09384771757549477,0.11141403661394784
2024-05-31,511.15011057316815,514.967187107586,506.04432903435765,514.8402709960938,90785800,0.009066849440989781,0.11730886201101412,0.09499191807322029,0.1113257536293884
2024-06-03,516.4512383491438,516.7343269011582,510.1837257344974,515.2601928710938,46835700,0.000815302803931102,0.10503566945442727,0.09182900224035591,0.11128187634321379
2024-06-04,513.9519821715993,516.5780734778808,512.4876203186922,515.8361206054688,34632700,0.0011171173570145214,0.105408059344766,0.08398576504845186,0.10919356104318467
2024-06-05,518.1596136281009,521.9864628385163,516.1680432425981,521.9669189453125,47610400,0.011815092894935732,0.11659845191979698,0.08614117293810722,0.11110983297933581
2024-06-06,522.2694966184689,522.6990451286446,520.0241537818829,521.9570922851562,30808500,-1.8826389757929994e-05,0.08687211476612491,0.0863167617391803,0.10957846219719583
2024-06-07,520.980789635887,524.1340888487662,519.8874043907796,521.322509765625,43224500,-0.0012165149142074724,0.08387933754184117,0.08672122233901856,0.10880846563876215
2024-06-10,520.5122296802525,523.2554648254413,519.9167369014993,522.9332885742188,35686100,0.003085029719137691,0.08254024249483764,0.08557153755217689,0.10886078163438791
2024-06-11,521.3811087600108,524.2512600728273,519.4090826052437,524.1926879882812,36383400,0.0024054412735566894,0.08122794586199955,0.08564105820572614,0.10704010702042274
2024-06-12,528.7615900630306,531.1924214122917,527.4631724257194,528.4979858398438,63251300,0.008179652319561206,0.05765625322296054,0.08856782497631088,0.1079876526902453
2024-06-13,530.2454535391702,530.4211698122318,526.7700371068663,529.5620727539062,44760900,0.002011392952919653,0.053767865921562887,0.08801036186152537,0.10786337051780497
2024-06-14,528.0293950539849,529.9135335983043,527.0238379218912,529.88427734375,40089900,0.0006082509034041797,0.045977625765845916,0.07914915162805121,0.10670554081033473
2024-06-17,529.2008719569648,535.4976399183048,528.7420075865693,534.1015625,55839500,0.007927374752491275,0.056482119044350396,0.08156344690258689,0.1071557305694161
2024-06-18,534.1602004613839,535.5855343086499,533.7404238235347,535.4586181640625,41376400,0.002537597073665159,0.056220883214947746,0.08161971070310815,0.10680903757752384
2024-06-20,536.385998334327,537.0498352385172,532.2272010481894,534.0039672851562,70328200,-0.0027203415916810824,0.06128411434720464,0.08302691640466058,0.10573260421888206
2024-06-21,533.180367297688,534.4046057790133,531.8288032321234,533.2880859375,64338600,-0.001341491211993752,0.0659416136004449,0.08351661092441588,0.10569211209791159
2024-06-24,533.111823139434,535.6778223121559,531.4370433131713,531.5545654296875,45528700,-0.0032559214960275968,0.07407739872219635,0.08376221385687785,0.10586335094736894
2024-06-25,532.7786650161994,533.9637491221667,531.2606215926918,533.6013793945312,37936200,0.0038432240727550005,0.050720905414261504,0.0780006915794395,0.10581062133152297
2024-06-26,532.4848968900385,534.9823310545671,531.8385253727439,534.2673950195312,38550600,0.0012473736985561736,0.04704800089040931,0.07606210988121663,0.10567688141329738
2024-06-27,534.1302894973802,535.6875469780335,533.3859430174333,535.1096801757812,35041500,0.0015752821899136106,0.04372896666380517,0.0759951233181978,0.10457942733076687
2024-06-28,535.8833782760337,538.9391321933387,531.7601817698417,533.0039672851562,76144500,-0.003942868108871373,0.053184494722531554,0.072231309912578,0.1049835740030295
2024-07-01,534.3848928648134,534.6297405125247,531.339002473828,534.1008911132812,40297800,0.00205588833347297,0.04629068469982127,0.06541587042367539,0.10490222596918099
2024-07-02,532.4947501316359,537.6953125,532.4457925507478,537.6953125,40434800,0.006707310307836776,0.059985532942467855,0.06274227188219408,0.10455693869746163
2024-07-03,537.3818563773293,540.457157354787,537.3427022712717,540.0947875976562,32789900,0.004452590651339259,0.06326507809425946,0.06309118075838005,0.10479145704054155
2024-07-05,540.3983822148235,543.6107523683424,539.7617544001083,543.209228515625,41488400,0.005749908524845502,0.06758832785790075,0.06408413346715089,0.10166033849388709
2024-07-08,543.9927357696513,544.7860397915607,542.7684974779849,543.8360595703125,36110500,0.001153275086205965,0.03763056128023156,0.0543869842327308,0.09996222390520731
2024-07-09,544.7959245684453,545.6969473479489,544.0711849559792,544.364990234375,27289700,0.0009721194549690999,0.04176103341909211,0.05404119903476893,0.09995586468600477
2024-07-10,545.5891159264746,550.0942886699685,545.2953107088132,549.7515258789062,38701200,0.00984644520938233,0.05820464299042403,0.05909263916572529,0.10145866626236703
2024-07-11,549.869152242232,550.7408243676441,544.3747844096212,545.0113525390625,53054200,-0.008659780224734074,0.10965394058331879,0.0705868079486906,0.10085744466415193
2024-07-12,546.1376269625789,552.0531251206323,545.667538567234,548.448974609375,53084400,0.006287623446889073,0.11092941013751038,0.07215284921760008,0.10057897889274779
2024-07-15,550.4469707289841,553.1990561394715,548.0964091939553,549.957275390625,40584300,0.0027463458611404206,0.11081224348648541,0.06881323385567695,0.09575671707413931
2024-07-16,551.2695891404957,553.5123721227574,550.5154392403327,553.2185668945312,36475300,0.005912567842231731,0.11278815978496975,0.07020899364461801,0.09170365757722528
2024-07-17,547.2835666023501,548.9583463886919,545.1386983611491,545.4619140625,57119000,-0.01412017750830266,0.14724275530504058,0.08988366728607075,0.09685654598287927
2024-07-18,546.9995524787638,547.988746727991,539.0860582622142,541.2700805664062,56270400,-0.007714605453021677,0.14450163648578937,0.09183787684145775,0.09748616234796821
2024-07-19,541.0350233261719,542.6608454522978,536.6179614633988,537.6757202148438,65509100,-0.006662751077510184,0.12971364925194004,0.09491474395187001,0.09862103511398236
2024-07-22,541.6030975244146,543.8263337080781,539.6639229224022,543.2191162109375,43346700,0.010257139566992516,0.1613156036456048,0.10037828860365014,0.09786877243322466
2024-07-23,543.111291105197,545.2659625762393,541.8773090500791,542.3670043945312,34439600,-0.0015698653017631335,0.1447261811335063,0.10044319706920463,0.09695856888867048
2024-07-24,537.5483166712224,537.8519253696913,529.1549319575545,530.0755615234375,74515300,-0.022923336873522833,0.19004951947452367,0.12939330899364307,0.10662079080534488
2024-07-25,530.1931317534066,536.177254363603,526.3735438881854,527.313720703125,61158300,-0.0052238984211691085,0.1892256838644429,0.12969472075198457,0.10733211004446074
2024-07-26,531.1040855758291,535.9128682273114,530.3303285661854,533.2195434570312,53763800,0.011137573902900337,0.22034065731750466,0.13581634367051726,0.10873319053312419
2024-07-29,534.767000996549,535.7757424689108,531.5349634304656,533.532958984375,39515800,0.0005876068453451913,0.19681860607987609,0.1357064868054876,0.10747447801440359
2024-07-30,535.0020485169553,536.05980735921,527.421572998221,530.829833984375,46853600,-0.005079341047069591,0.19611555929484878,0.13616403838758898,0.10807733557004282
2024-07-31,537.6658283608423,542.0926929678205,536.2947173976487,539.4581298828125,65663400,0.016123665995765413,0.15388503285395738,0.14735434410433346,0.1066288644361374
2024-08-01,541.1819427118934,543.4345294348678,528.3127341764186,531.8189697265625,76428700,-0.014262023608544021,0.19427521652161245,0.15393723471548243,0.11082458751310846
2024-08-02,524.7085367838448,525.9229716163323,517.705869778205,521.9172973632812,82789100,-0.018794007802899755,0.2175067160004682,0.16512597368147575,0.11671706341390603
2024-08-05,501.0955002341847,512.7894282399624,499.75370979338373,506.7171936035156,146267400,-0.029556096743112346,0.2731277639318084,0.18883467200437817,0.1294262660356572
2024-08-06,508.51921810050686,518.8322310175004,507.19706454680966,511.3888854980469,84826300,0.009177284722812698,0.306993576402852,0.19321995331002645,0.12909887292443686
2024-08-07,517.5786158200011,520.6343700428232,507.3733806496258,507.9707946777344,70698300,-0.006706374006399463,0.22949340992935555,0.1930971882899638,0.1298249398035082
2024-08-08,513.1125407389065,520.3404486814812,511.08525465156777,519.7136840820312,63276600,0.02285409726696231,0.3341437165946322,0.2088650269720852,0.13757152226807132
2024-08-09,518.8909769209239,523.4941251002426,517.6667385635127,522.0054321289062,45619600,0.004399941804783993,0.31192745597571475,0.20904990733523632,0.1373875652357088
2024-08-12,523.2004149594696,524.6890484241525,520.0075911785743,522.27978515625,42542100,0.0005254369766317401,0.17536233389611627,0.20709676834093804,0.13737686167105595
2024-08-13,525.4725645280489,531.1040615199245,525.2277168327499,530.8689575195312,52333100,0.016311775271002252,0.19007510689194818,0.21640708622014748,0.14099982651073206
2024-08-14,531.6621646835201,533.7287242856177,528.9884474672805,532.5436401367188,42446900,0.0031496410806414253,0.1530057180071788,0.21539462247393387,0.1408683205219926
2024-08-15,538.1751381862979,541.9555715802455,537.567920792545,541.6715698242188,60846800,0.016995010503948946,0.12346689670372762,0.21991630845353174,0.14274345251786508
2024-08-16,540.0555939415091,543.5814362683599,539.8989177341498,542.8860473632812,44430700,0.0022395823466458136,0.1285864726354441,0.21840405866009727,0.14266041560739062
2024-08-19,543.2973511166235,548.0767822265625,542.4452860411917,548.0767822265625,39121800,0.009515950300571948,0.1109840037367163,0.2192419583540456,0.14371763674993074
2024-08-20,547.6262846058479,549.2814571312036,545.8437865187526,547.185546875,33732300,-0.001627437600269879,0.11602527165467022,0.21671012133851963,0.14380770984974486
2024-08-21,548.2335208659752,550.5252615016209,543.2973537542563,549.0659790039062,41514600,0.0034306615385566665,0.11559837891210764,0.2168452451207262,0.14386442178913597
2024-08-22,550.9659542858195,551.5731716544135,543.542157059687,544.756591796875,56121500,-0.00787954028105177,0.10214832178956386,0.2020537574631116,0.1447430514532752
2024-08-23,547.9985298599797,551.4851585059275,545.8046443878154,550.544921875,50639400,0.01056948044386163,0.12284072182603153,0.20303215039544106,0.1450716522037728
2024-08-26,551.5732410031779,552.2881770773529,547.528352675827,549.2324829101562,35788600,-0.002386736774478714,0.11027590234093655,0.20080039469791414,0.14480255722594923
2024-08-27,547.9592873998898,550.476328645617,546.8134170306081,549.9866333007812,32693900,0.0013721568299351415,0.10881148549542914,0.20077834955125876,0.14480380191280817
2024-08-28,549.6438836929623,550.0748179978751,543.6009999526875,546.7938232421875,41066000,-0.005822166247760253,0.1155242206761882,0.20109878817357862,0.1445529466906222
2024-08-29,548.7624007293272,552.0629426061665,545.6969030561269,546.8427734375,38715200,8.951821015109205e-05,0.09730081250741855,0.19385826880212767,0.1437292137865816
2024-08-30,549.2128659703031,552.5721684331874,545.6576734390724,552.0628662109375,62700100,0.009500601051541012,0.09057869822503975,0.1882257195752756,0.14382950467674782
2024-09-03,548.9191307501956,549.25214992284,538.1850458833093,540.7020874023438,60600100,-0.020793470919655384,0.17914520304636034,0.19108505034094908,0.15035325395688903
2024-09-04,538.8607329114091,543.0035361193702,538.1359934145067,539.5952758789062,47224900,-0.0020490874981778924,0.17533358579448127,0.1547203047428063,0.15045643263807842
2024-09-05,539.5364855369387,542.3864857940848,535.8245570186228,538.2828369140625,44264300,-0.0024352282468067007,0.1745377380874468,0.15410069335538068,0.14887426975661414
2024-09-06,538.6061519080256,540.2319142524223,528.3225490242058,529.2235717773438,68493800,-0.016973167656942078,0.19544514636455773,0.1654643696776018,0.1529159166664579
2024-09-09,533.4251872668898,536.4221205223048,531.4957564364314,535.1488647460938,40445800,0.01113398651894169,0.20405049250882001,0.15117325217259484,0.15443202150909674
2024-09-10,537.05860555086,537.8323623685915,532.1812595780266,537.479736328125,36394600,0.004346099383515008,0.16534004792203744,0.15115987547365473,0.1545411809419226
2024-09-11,537.3916883108078,543.9144040618945,528.8318231688719,542.9937744140625,75248600,0.010206795264228104,0.18327457696722024,0.15415205717324793,0.15572844669025326
2024-09-12,543.5716351743016,547.8711746400817,541.3483991843773,547.5675659179688,51819600,0.008388007445118225,0.18563440418732563,0.14706801216295676,0.1557704383734967
2024-09-13,548.1748423305235,551.4264269369157,547.9201911599521,550.4274291992188,39310500,0.005209258259204788,0.0475434929224979,0.14753587030315965,0.1560224206491147
2024-09-16,550.1628688432331,551.5046291897925,548.3608236054457,551.240234375,36656100,0.0014755907795741706,0.054532245684393466,0.13647573564565613,0.15603194703322984
2024-09-17,553.4536471249235,554.9031859740162,549.2324757022386,551.4655151367188,49321000,0.00040859633669759293,0.06736891797596281,0.13638546426359857,0.15532516082239792
2024-09-18,552.1217580784818,556.969754476821,549.2717571625421,549.8300170898438,59044900,-0.0029701369002973965,0.06980925053384576,0.13308858532247808,0.15542319093352439
2024-09-19,559.2419348303403,561.0733907935877,556.3723270388496,559.2125244140625,75315500,0.016920417068611568,0.12194351219982492,0.14494511782088143,0.15873863119393272
2024-09-20,557.843033129673,559.2871245583524,555.219996107625,558.2457885742188,77503100,-0.0017302409759477465,0.12815026226539297,0.14497303231756697,0.15876117478514037
2024-09-23,559.3166610051752,560.2892222272916,558.0984411315784,559.6408081054688,44116900,0.002495817124092393,0.12767935886900247,0.141570980764312,0.15859149388232913
2024-09-24,560.4365555490466,561.3010677532865,557.6072537825559,561.2421264648438,46805700,0.002857246549837139,0.12568614232831885,0.13766406473939496,0.1585272769948991
2024-09-25,561.0848814915315,561.8216774615664,558.8941007007465,560.0042114257812,38428600,-0.0022081062835307597,0.12330301550165575,0.13761144106401269,0.15863838877861994
2024-09-26,564.2678238580548,564.5920308700313,559.8667151694891,562.2244262695312,48336000,0.003956801075759332,0.04500364386937205,0.13800799187280646,0.15876039823050786
2024-09-27,563.295359810012,564.1107043094071,560.3776161208616,561.4091186523438,42100900,-0.0014511986829818721,0.04393912192808191,0.1360835661316333,0.158536884164865
2024-09-30,560.3775886747461,564.2678934162012,558.078818569817,563.6588134765625,63557400,0.003999221306372743,0.04799235143910962,0.1363349896833796,0.1586458578069593
2024-10-01,563.3051282373419,563.9534823374194,556.0353836889657,558.6092529296875,72668800,-0.008998909929383531,0.08518785635572153,0.1376129374997818,0.1593990169397414
2024-10-02,557.715374727311,559.866821742494,555.3183290115846,558.8450927734375,38097800,0.0004221019823466305,0.08476747507203057,0.11367298951086953,0.1592073680603925
2024-10-03,557.3715020969081,559.7685478192003,555.5344286086627,557.8234252929688,40846500,-0.001829849680570939,0.07540600931818325,0.11358750683441077,0.15892101195688224
2024-10-04,562.2736036088263,563.2658318866675,558.0984259775333,562.8925170898438,42939100,0.00904622870774709,0.10676780235927757,0.11541957040429911,0.1598500604732488
2024-10-07,561.2421538745174,561.8905680396737,556.6543868115797,557.8037719726562,49964700,-0.009081461481495611,0.11958875917767171,0.10134199779475164,0.1610017714203391
2024-10-08,560.3776986132091,563.6785911447381,559.5034126964732,563.0792846679688,37398700,0.00941320616559217,0.12391710065147239,0.09965706707452103,0.16090061257678653
2024-10-09,563.0693978961492,567.5393423690588,562.4701514366566,566.9793701171875,37912200,0.0069024752253070126,0.12851102884203425,0.10066708557557219,0.16035625022827704
2024-10-10,565.6334738441669,567.4116060358193,564.3759797176003,565.9871215820312,44138100,-0.0017515942371071475,0.12833103055395853,0.0976771091664075,0.16000853475378177
2024-10-11,565.9084606662699,570.1131388058892,565.7709110163313,569.3763427734375,42268000,0.005970301784518169,0.12068913252734478,0.0960220639269684,0.1603221373510859
2024-10-14,570.9874382986001,574.9661849382893,570.5060744728205,574.0328979492188,36217200,0.008145081837390078,0.06956094039664852,0.09783387835979303,0.16068736831612523
2024-10-15,574.2981924836022,574.6027324678581,568.3546560789198,569.5728759765625,54203600,-0.0077999686368360405,0.10861093915077588,0.10356825628960373,0.15882265538524082
2024-10-16,569.5728070987392,572.5690988319416,568.7672362789522,572.0484008789062,30725400,0.004336865180397527,0.10314106830418794,0.10391239752811883,0.158058696885459
2024-10-17,575.5949797580469,575.8013042765577,571.9109988172407,572.09765625,34393700,8.60997961183024e-05,0.09995257037502067,0.10269727092292653,0.15732466235644071
2024-10-18,573.7872313147403,575.0839994048337,572.3234729286785,574.298095703125,37416800,0.0038388874901340883,0.09587951988742774,0.0874389301292555,0.1563075756255204
2024-10-21,573.5712006217359,574.5535954570634,570.3784174069214,573.3551025390625,36439000,-0.0016433420439647252,0.07809781339639427,0.08740190129537188,0.15631233138068576
2024-10-22,570.8205425423761,574.2098169269701,570.162354750785,573.0505981445312,34183800,-0.000531233230104931,0.04283519313040578,0.0874966959222938,0.14868082359265591
2024-10-23,571.0267810694698,571.4688706983893,564.3071746074978,567.8143310546875,49314600,-0.009179533395705855,0.07569690315023596,0.09417866858237815,0.149587234695751
2024-10-24,569.7692598487698,569.84786821387,566.419320298971,569.0422973632812,34979900,0.0021602843409753284,0.07973501211677735,0.09377905504487434,0.14822834355569414
2024-10-25,571.2724326633536,574.1705094317597,567.9028255594263,568.8458862304688,47268200,-0.0003452204488895415,0.06820218897005074,0.09311440346475164,0.1482514519030541
2024-10-28,572.3235609618828,572.4512770786239,570.299830137409,570.6043701171875,30174700,0.003086550330708379,0.07704995022993391,0.09320774506663855,0.1477853900360779
2024-10-29,569.6415300427301,572.6476553589258,568.2465463889694,571.5277709960938,42899700,0.0016169776628493643,0.07928324528666512,0.09253185509808463,0.1446241928107439
2024-10-30,571.0562011429839,573.0504911915006,569.0914117169528,569.7987670898438,41435800,-0.003029816921294481,0.03861855034365825,0.08681458696248363,0.14154465666039434
2024-10-31,565.4271221936206,565.4958970216722,558.4324763422399,558.6289672851562,60182500,-0.019797749198162094,0.14746395675728804,0.11273432703574139,0.14213093425291748
2024-11-01,561.2617936558026,565.4173043933644,560.5741053167588,560.9866943359375,45667500,0.004211678376356711,0.15720964387610545,0.11345151087008022,0.12787862269449568
2024-11-04,561.1242574334378,562.4210257711015,557.8922001113365,559.7783813476562,38217000,-0.002156229673194798,0.14907442724498624,0.10908452810156317,0.12716138556768614
2024-11-05,560.6919638738422,566.586332309216,560.4758658123077,566.5470581054688,39478300,0.012019187358455816,0.18659407539169892,0.11204379850984365,0.12780182074209834
2024-11-06,578.8270097230293,581.508928254242,575.0840880526238,580.6345825195312,68182000,0.024561468067612408,0.26218040018652167,0.1364481329113449,0.1289888395833032
2024-11-07,582.6386570968723,586.1458133207747,582.5600487330294,585.1240844726562,47233200,0.007702321716288382,0.1587430858840201,0.13687742603997652,0.12943194643440456
2024-11-08,585.6742957423695,589.0832369047557,585.6742957423695,587.6587524414062,46444900,0.004322491488504489,0.15852252821689125,0.13667642413939673,0.1295013229149887
2024-11-11,589.2501303160354,589.6037779981073,586.4896037587446,588.2186279296875,37586800,0.0009522685612223012,0.1453729722475931,0.13584515222853047,0.12614017560123253
2024-11-12,588.1400498376755,588.739296212128,583.9059310932324,586.3914184570312,43006100,-0.0031111788157091925,0.16927259508733997,0.1345499740389646,0.126454371562522
2024-11-13,586.853093374815,588.6803330522652,584.4855486263699,586.67626953125,47388600,0.0004856515659483951,0.06516328993892485,0.1307176732310543,0.12249619148588387
2024-11-14,586.804130643577,587.2854945523371,582.2163632356335,582.9039916992188,38904100,-0.006450674721212356,0.06556145389129352,0.1329947388227416,0.1234450649987149
2024-11-15,579.3378226480269,579.8094129170865,573.5810036102117,575.437744140625,75988800,-0.012891447710536734,0.09060071539287376,0.14132657219210384,0.12537683891534696
2024-11-18,575.8993966406199,579.1118465214918,575.0349444617987,577.7954711914062,37001700,0.004088904662761587,0.10364277513426175,0.14140859323561322,0.12545318409438697
2024-11-19,574.4161003090796,580.6346163861505,573.7480790226593,579.9076538085938,49412000,0.0036489233122981206,0.11593429928374283,0.1416854444623796,0.12547209199465467
2024-11-20,579.9862433981077,580.3889988810581,574.3374733314436,580.1041259765625,50032600,0.00033874168050923445,0.11572250055020021,0.14163452173305738,0.12421371971774399
2024-11-21,582.9529949078541,584.6426848830619,577.107734892484,583.2182006835938,46750300,0.005353773539560315,0.11904366431614234,0.13791186352938417,0.12301236132942774
2024-11-22,583.2084735757152,585.654687007179,582.7075025920674,585.0259399414062,38226400,0.003094799516289123,0.029456875812556262,0.1380254297468196,0.12290280891000788
2024-11-25,588.9653319760873,590.281707390563,584.7213793724078,587.0103759765625,42441400,0.0033863079232474736,0.028691335779573435,0.13806377477109694,0.12299343923839542
2024-11-26,588.2579731618996,590.7434606979054,587.5408441710033,590.075439453125,45621300,0.005207896253582305,0.03226202861461208,0.13856619923121669,0.12247153327965028
2024-11-27,589.8887838542881,590.2718722436573,586.7647756879834,588.2874755859375,34000200,-0.0030346597241055645,0.0542954747992707,0.1394919318999871,0.1227467068892543
2024-11-29,589.1028810382705,592.7279205050064,588.8278416543462,591.9420166015625,30177400,0.0061929526756002665,0.057038118372582,0.13947998605519218,0.12200919376274483
2024-12-02,592.354515594293,593.6807844427898,591.8633182342458,593.0029296875,31746000,0.0017906542793228823,0.05760616996040229,0.11527866528011808,0.11360349410598346
2024-12-03,592.7671496331845,593.5235527754064,591.735647195163,593.2779541015625,26906600,0.00046367504146472156,0.059155901700080844,0.11544920305959544,0.11339849310449189
2024-12-04,594.9678057402301,597.2076348485892,594.2997844285924,596.9620361328125,42787600,0.00619050582520635,0.06268878421644737,0.11467536613557305,0.11349235725528978
2024-12-05,596.9618868048642,597.7674575863759,595.625844515795,595.9794921875,28762200,-0.0016472629113208513,0.05559432504611649,0.11093722862653564,0.10724195023758283
2024-12-06,596.7458937244957,598.3472020292826,596.333304701608,597.109375,31241500,0.0018940469253445984,0.045551705862860004,0.07629190674089066,0.10558258442282092
2024-12-09,596.9915028268559,597.1584931551176,593.445071963169,594.0344848632812,34742700,-0.0051629313144236,0.06682863954712391,0.07577234970852881,0.10633832808251636
2024-12-10,594.7123228135097,595.134745373381,591.529373321926,592.1875610351562,37234500,-0.003113962224766218,0.07112552096180613,0.07569609347096158,0.1052821410047873
2024-12-11,595.115147903942,597.7184581352288,594.8400485801485,596.7655639648438,28677700,0.007700935315359931,0.08013727787834353,0.07985117531769666,0.1051049814785494
2024-12-12,595.9010621562538,596.4708079758578,593.690673828125,593.690673828125,31543800,-0.005165913499901922,0.08801765083465452,0.08138511646978153,0.1056099756289056
2024-12-13,595.7242620650901,596.4413911194437,592.197438164754,593.5728149414062,35904700,-0.00019853872071488776,0.08523790719494594,0.08143057192648431,0.1056453545486855
2024-12-16,595.3312295236393,597.0799209921157,594.5551592425911,596.1072998046875,43695200,0.00426079021778816,0.08379533345201982,0.07820691677497302,0.10581264906063324
2024-12-17,593.5530906608857,594.5158183353977,592.2759894688432,593.6513061523438,55773500,-0.004128563775186064,0.086952227913011,0.0628927849461915,0.10602494640008604
2024-12-18,593.3467116570313,595.7339235020439,575.5752257128447,575.9583740234375,108248700,-0.030256729551406517,0.21379107217546783,0.12592172938621582,0.11883502349648181
2024-12-19,580.948961299734,582.5601031255708,575.5359564813775,575.7815551757812,85919500,-0.00030704648603850887,0.2192697520612953,0.12516068833895708,0.11876206826942554
2024-12-20,573.4513839180992,587.231466902458,572.6036351958548,582.697265625,125716700,0.011939437265177957,0.2541064277712448,0.13220643173428676,0.1208927887272897
2024-12-23,582.4409930028329,586.7879087972127,579.2571372355378,586.1866455078125,57635800,0.005970465013517244,0.25774398354841016,0.13252548669613876,0.12128448627008273
2024-12-24,587.5369625170155,592.7414929129372,586.9553724289615,592.7020263671875,33160100,0.011053541106187552,0.27671652535946695,0.13746021547111084,0.12288594787757177
2024-12-26,590.9278604962976,593.8652307760627,589.5281816588665,592.7415771484375,41219100,6.67273941121105e-05,0.09238381969681767,0.13709922396845445,0.12273893805793913
2024-12-27,588.9958066290322,589.2324254266508,582.31278453499,586.5020141601562,64969300,-0.010582412766219719,0.14727945074275275,0.14106736729327327,0.1247732359016482
2024-12-30,579.4839049805771,583.278830614674,576.0536238226567,579.8091430664062,56578800,-0.011477116582275737,0.15807007920424326,0.14608007504029433,0.12692759664019165
2024-12-31,581.4750217267025,582.1946245791215,576.0635312685974,577.6998291015625,57052700,-0.0036445787469263215,0.14563123476842868,0.14420150150982422,0.12575408782098885
2025-01-02,580.9624149327,582.6775253068124,572.1995172748154,576.2803344726562,50204000,-0.002460172868936237,0.08139344075077017,0.14385708194158078,0.1258964985897976
2025-01-03,579.1289967873591,584.1264484268344,578.044689478734,583.4857788085938,37888500,0.012425845115167358,0.15224410830304597,0.1515333971304608,0.12804008865309305
2025-01-06,587.7440676720806,591.1250155334773,585.1122021784661,586.8470458984375,47679400,0.005744137498316307,0.14600819196959428,0.1512818988998718,0.12733505903091039
2025-01-07,588.877548048508,589.2028462645713,578.3897338233832,580.2132568359375,60393100,-0.01136849654505707,0.14546580253486927,0.1556419769071194,0.12812601138382335
2025-01-08,580.282291853868,582.1354148697908,576.8323377526707,581.0609741210938,47304700,0.0014599780364298663,0.14156208578394958,0.15553778550741926,0.12689022205487555
2025-01-10,577.5025797313914,577.5715860296085,570.2773736421228,572.1896362304688,73105000,-0.015385229890816907,0.18535258570661634,0.16260911850652504,0.13010736015288354
2025-01-13,567.5372072518853,573.4316812597856,567.1231694250464,573.0768432617188,47910100,0.001549346330506105,0.14606989314809463,0.1629306847278161,0.13007925462651043
2025-01-14,576.0043111010004,576.6351742776535,570.0802375478183,573.8653564453125,48420600,0.001374983513596442,0.13097489362635806,0.1598435687431814,0.12957406373972427
2025-01-15,581.8889752343268,585.4473419377294,580.7751281246863,584.303955078125,56900200,0.018026520303546564,0.18752953242156356,0.17341981128000067,0.1335075372062364
2025-01-16,585.6740294157521,585.8514484014332,582.4803673486446,583.1802368164062,43319700,-0.0019250258231096,0.18900112093258378,0.17345264393770154,0.13257590533659727
2025-01-17,588.4242703969026,590.7899174222187,587.0935375428814,589.035400390625,58070600,0.009989991745035336,0.12905511905424025,0.17668134598437227,0.13373959260962323
2025-01-21,592.081028657774,594.4368685895419,590.1096265717592,594.427001953125,42532900,0.009111635238296771,0.12443579506869659,0.17925412491446663,0.13484938988340228
2025-01-22,597.2560928487167,599.1289493146973,596.7041025475482,597.7686767578125,48196000,0.005605931334552939,0.11497618452100455,0.14200430687826845,0.13506761620093455
2025-01-23,597.1377792345874,601.0313110351562,596.8618141810588,601.0313110351562,41152100,0.005443180457231125,0.07456122231976973,0.14234127722313986,0.1353249523336598
2025-01-24,601.0904500891409,602.0466115435261,598.1234798327728,599.2767333984375,34604700,-0.002923547658573923,0.08100653227236428,0.13858403867093425,0.13550135937414307
2025-01-27,586.3048878621954,591.115114198888,586.1373355152499,590.7996826171875,70361100,-0.014246470299252998,0.1492956598928477,0.14747581601895293,0.13737055511307575
2025-01-28,592.0318399526346,596.7139205737208,588.7100317776161,595.8760986328125,44433300,0.008555743805095151,0.1473379240987261,0.1454363099713942,0.13825281544079013
2025-01-29,595.0875580249451,595.4917292475947,590.651902189354,593.2048950195312,37177400,-0.004492895136618664,0.14260061982383765,0.1463651542284583,0.13863244081700096
2025-01-30,595.3240359730432,597.9262410572588,592.130313990855,596.3885498046875,39281300,0.005352521737312045,0.14232239606495709,0.14214572029432332,0.13886715651536657
2025-01-31,598.8134358374799,601.2382822731704,592.4556515232641,593.2146606445312,66566900,-0.005336059390659845,0.1447972609559237,0.13696215890089794,0.1393761942440158
2025-02-03,584.1954227420036,591.7064599079472,582.0466016788057,589.2225341796875,65857200,-0.0067523952234774766,0.11074549880717678,0.138727111012882,0.13996688249233827
2025-02-04,589.281761222817,593.6878166788046,588.7396375989994,593.17529296875,33457800,0.006686029732644003,0.1014850338504777,0.13951794365107023,0.1342368566209654
2025-02-05,592.0515554519985,595.7282015036632,590.021013481686,595.580322265625,30653100,0.004046302784908392,0.10058701806176118,0.13406908644066176,0.13422094304322865
2025-02-06,597.3250313642651,597.778475552574,594.013089933138,597.6503295898438,35771500,0.003469588042460968,0.09600095488016346,0.1332792359765477,0.13416338277536832
2025-02-07,598.2121119495397,599.4343715995554,591.4698904394826,592.1796264648438,50788500,-0.009195837857155246,0.1129942615522586,0.13095802433757658,0.13381527205245403
2025-02-10,595.3931329282537,596.8420848342793,594.1215398587573,596.2013549804688,26048700,0.006768441992863649,0.10522803903472365,0.1324893408637981,0.12538705474334597
2025-02-11,593.9343010016065,597.1969698690995,593.8160216596527,596.6548461914062,30056700,0.0007603451821600064,0.09802498546281381,0.11799764774293806,0.12451394343389934
2025-02-12,590.6321754646003,595.9056528588447,589.9520392250456,594.732666015625,45076100,-0.0032267953523621657,0.09817773941634478,0.11937616471500706,0.12444048426943358
2025-02-13,595.8366651794477,601.2186155981716,594.5749988790903,601.0115966796875,40921300,0.010502226223428519,0.1243318433363592,0.12312734581892203,0.12613256006191667
2025-02-14,601.2186143347305,602.2535886001177,600.3610590723445,600.9820556640625,26910400,-4.9153363785846196e-05,0.08822818299665247,0.10896069985257033,0.12594040106904425
2025-02-18,602.1451966252264,602.7464599609375,599.6809434502483,602.7464599609375,26749000,0.00293156727217521,0.08173530247965918,0.10842442640340079,0.12604290572291907
2025-02-19,601.3566689008733,604.4615919136522,600.8440849703791,604.1658935546875,31011100,0.0023521745287631915,0.08076446449941221,0.10409394038274218,0.12531751075041384
2025-02-20,602.7956695963146,602.9336821985821,598.3403412349714,601.6522827148438,36554000,-0.004169143458317308,0.08513441631136018,0.10152268839434975,0.12269644654891015
2025-02-21,601.435409514207,601.5734221193063,590.8982614234848,591.361572265625,76519800,-0.01725204722983592,0.1320409129892867,0.11695710908132384,0.1276302736218517
2025-02-24,593.4118132885562,594.4073810554311,587.9608571639533,588.6705932617188,50737200,-0.0045608649445578455,0.12902839456099022,0.11566474437124985,0.12782860893550096
2025-02-25,588.6114660308307,589.3408752561445,581.129967827771,585.7430419921875,58266500,-0.004985564277434553,0.1129313128762825,0.11631789504223837,0.12825439027080424
2025-02-26,587.4089575799121,591.0067913230648,583.3971461439291,586.038818359375,43321600,0.0005048318009981803,0.10509919143016115,0.10606378897820642,0.12782120033458383
2025-02-27,588.3156475632774,589.468961108592,576.2901428845248,576.6843872070312,74196700,-0.016090902704804705,0.12377345433926185,0.11395517062756606,0.1316810505412033
2025-02-28,577.1871598716435,586.2161558854355,574.1117771132394,585.6838989257812,88744100,0.015485094796137074,0.1820389800800235,0.1276641421398485,0.1352068393462846
2025-03-03,587.6553155599406,588.798762606637,571.6081318173137,575.4227905273438,74249200,-0.017675163929164895,0.2148355864783004,0.13857409197746243,0.13928384519905845
2025-03-04,571.4207954091844,577.0195703305991,564.0674436853699,568.6115112304688,109648200,-0.011907614601921914,0.22123987489476604,0.14255685681447403,0.14108509341402978
2025-03-05,568.4440493526719,576.5169448984452,564.8856823224501,574.7229614257812,71230500,0.010690674598028818,0.2498867424535861,0.14795982327119533,0.14223955732666593
2025-03-06,567.2512863712917,571.8742272350298,561.9679425734266,564.5209350585938,80094900,-0.01791064955282235,0.2557451999280356,0.15579605060978743,0.14636541598279906
2025-03-07,562.7368186254731,569.1340095542192,557.5421542389136,567.6849975585938,81158800,0.005589214198181434,0.21381537593981162,0.1566843136450333,0.14690062050943278
2025-03-10,559.4741670846696,561.3962362827218,547.6457527585567,552.5643920898438,99326600,-0.026996709750957863,0.2520395224053437,0.1768354956799432,0.15532692244918161
2025-03-11,551.4013508923699,555.9552862473097,544.1268702267005,547.9710693359375,88102100,-0.008347480997998206,0.24991570220496445,0.17652955817017077,0.15597733738363134
2025-03-12,554.1315858671662,555.0581473332891,545.7728595599632,550.8787841796875,69588200,0.005292300164862913,0.22721103724830644,0.17549820192833743,0.15641058134830518
2025-03-13,550.5042540653316,551.1153839968962,541.8202288918889,543.5353393554688,74079400,-0.013420066276045816,0.21749064627862608,0.17775132860175388,0.1581065502869474
2025-03-14,548.1583018697701,555.7679467233177,543.604366956188,554.7625122070312,62660300,0.020445389974660638,0.28821947382544366,0.1975951486909756,0.1639864571257906
2025-03-17,554.7426421700422,561.5637363828623,554.3089313250791,559.0403442382812,49008700,0.0076815264770306495,0.21410800957632545,0.19533897170766923,0.1639822585482088
2025-03-18,556.7240271713574,556.9409127203818,551.0661118946721,552.9981079101562,66041400,-0.01086706269645906,0.22260289905982017,0.19655858120238462,0.16495929231090345
2025-03-19,554.7821274868575,562.7860150364035,553.5992742185309,559.0206298828125,66556000,0.010831797436465031,0.23133899748230824,0.20188296458712102,0.16667782339934195
2025-03-20,555.2750866351008,562.4115538615378,554.5554838320709,557.4041748046875,62958200,-0.0028957726501652294,0.19342482805246927,0.2007532879322164,0.16638240818645827
2025-03-21,552.9413897854555,558.4877939738346,551.7055567482902,557.5880737304688,83763000,0.0003298658402161609,0.1369628415117596,0.20126355216862354,0.16628771582544083
2025-03-24,564.3307537296456,568.6314886589248,563.7375780431137,567.5736083984375,58766800,0.017749976730995206,0.17978880881648188,0.207812904656033,0.15953295528947495
2025-03-25,568.7797068467552,569.8771119506348,567.1879685958952,568.9379272460938,38355700,0.002400889846210259,0.13403050954528029,0.20811211117130468,0.15961973753439818
2025-03-26,568.6709866041082,569.7980806984394,560.7616559941828,562.1458129882812,51848300,-0.012010067262381878,0.171589054096894,0.21094525929938476,0.15940947472015823
2025-03-27,560.7517355574175,564.4296055114135,558.5371327368356,560.6528930664062,42164200,-0.002659284863130742,0.17124868460357012,0.21076446330784065,0.15890390591916612
2025-03-28,559.1204968505267,559.8521002775326,548.7790253468997,549.3623046875,71662700,-0.02034382556782497,0.23029433643851302,0.21479577311369452,0.1618394380690583
2025-03-31,543.5984615291653,554.3551567474991,540.6719872727307,553.0501098632812,95328200,0.0066904524718166955,0.17413598310398146,0.20765656911352465,0.1625914821408959
2025-04-01,551.1320571376683,556.559825628618,547.4047657676659,554.6121215820312,54609600,0.002820377385503122,0.17530867492839983,0.2011047100512186,0.1616212275895058
2025-04-02,548.7592465118332,560.9890444564371,548.52197624234,558.1219482421875,76014500,0.006308494357111239,0.17803801305102948,0.19940936167397424,0.16079700236470362
2025-04-03,538.9319060881811,541.7594774009829,530.6172485351562,530.6172485351562,125986000,-0.050536534960503074,0.3931932339225887,0.2586240003990811,0.18923452223684112
2025-04-04,517.7349036725598,519.9099817661254,499.3358369172059,499.5533447265625,217965100,-0.06032656014450251,0.531208410974635,0.3218010111841332,0.22299389039145473
2025-04-07,483.6457288710085,517.2405945444942,476.3394695378794,498.66357421875,256611400,-0.0017827202215732311,0.508295038051197,0.31951233721896016,0.22099015648115117
2025-04-08,515.9454154101668,519.0300496454024,483.61604333672847,490.85308837890625,165816600,-0.015786794395784697,0.4697468713799215,0.3125917787898982,0.22192156588344775
2025-04-09,487.84755542038147,542.4021606445312,487.46196103833506,542.4021606445312,241867300,0.09986284608912066,1.0119602810610246,0.48046056378388236,0.30170021369874317
2025-04-10,526.1385878330984,527.4535310578508,503.5475844453038,518.6346435546875,162331200,-0.0448080471617409,0.9966770027206551,0.5036537436442053,0.31406131577980356
2025-04-11,517.0824330937988,530.3503195313269,514.1757514102393,527.8885498046875,97866300,0.017685508564705313,0.8671886377920791,0.5069612204178413,0.3152112594507239
2025-04-14,537.883883195208,538.1113174755011,527.8093712828247,533.009765625,68034000,0.009654564485726522,0.8603131147485588,0.5024629911302199,0.31592289864962
2025-04-15,533.5536182929557,537.0732685211545,530.726046664157,531.5169677734375,56892900,-0.0028046244086618183,0.8372686104021376,0.501253806776592,0.31589768739491636
2025-04-16,525.6541223320015,531.7937621429162,514.3931980244283,519.7023315429688,83484800,-0.022478913258385427,0.40170488629302553,0.505321496086242,0.31625599631650014
2025-04-17,521.6599483491107,525.1499093262158,517.9721816819745,520.44384765625,79868100,0.0014257923621276338,0.2405869065056745,0.5031332796940455,0.31632418413054947
2025-04-21,515.2533065114334,515.7872249375157,502.6972625032136,508.05584716796875,69368100,-0.024090623785153736,0.23751972377486003,0.5081946379254999,0.3184945731983486
2025-04-22,514.2450097037921,523.3011683263503,513.3057644566182,521.2744140625,75948100,0.025685232640095222,0.3230140773076457,0.5186596210826162,0.3226164801590866
2025-04-23,534.3049739114415,539.2483058984949,527.8292210770832,529.3517456054688,90590700,0.015376526877306033,0.3532326644731003,0.5175151729674462,0.3241512994071641
2025-04-24,530.6369834977514,541.2256220112762,529.3814182452572,540.4940185546875,64150400,0.020830434090762334,0.3179570789743222,0.5239795735395502,0.32702189572595014
2025-04-25,540.454522631326,544.804618673288,537.5280483044934,544.3992919921875,61119600,0.007199399733574162,0.3132197491429096,0.5237853315840028,0.3274924545610775
2025-04-28,545.1407910444296,547.2762839575454,538.8429907853031,544.6068725585938,47613800,0.0003812293734920367,0.16203623719822696,0.5238084523763892,0.32648801393226984
2025-04-29,542.6887574529197,549.1546732609154,542.3328520901122,548.0374755859375,47775100,0.006279471094238755,0.12808546392270637,0.5197689633397524,0.3262405896917349
2025-04-30,541.3640897959557,550.2126665027023,535.3826699025942,548.2550659179688,93101500,0.0003969567002435166,0.13263685776798573,0.5191875942316584,0.32619438523994154
2025-05-01,554.0189932525213,557.6770710508032,551.5374308999284,552.1405029296875,63186100,0.0070619207658889575,0.056425439325832535,0.5197282270731609,0.3263529118274175
2025-05-02,558.3295262045715,561.9381825044319,556.006184429092,560.3365478515625,60717300,0.014735033338764254,0.09398489000687765,0.521875726386384,0.32779054748453684
2025-05-05,556.1940033222468,560.2277786911415,555.3338684753841,557.1233520507812,38659200,-0.005750908210447426,0.1220356463704503,0.48905526653011194,0.3277240471208429
2025-05-06,551.6066618961361,556.9652171268149,550.64768441023,552.466796875,48264700,-0.008393337877751367,0.15011929460548448,0.43537516536823895,0.3276950231977372
2025-05-07,553.8014338302406,557.4298221355041,549.7379696101782,554.7901000976562,55588000,0.004196508757069077,0.15060777695395167,0.43472929005229993,0.3277048017392272
2025-05-08,558.8337754612519,563.8463212534109,555.333918196641,558.6558227539062,65130800,0.006943737651214226,0.15037797832021174,0.4280625886836034,0.3279763800941791
2025-05-09,560.0597310271954,561.0681900796083,556.3819209310694,557.9440307617188,37603400,-0.0012749277843107142,0.10266734139543486,0.2591706863929448,0.32756116302554183
2025-05-12,574.8797762427796,576.3924646775216,570.4999916854949,576.382568359375,78993600,0.03251296734847013,0.24643830691926027,0.221320208529139,0.33400860245298786
2025-05-13,576.7977862928067,582.403567726764,576.2342995973956,580.18896484375,67947200,0.006582230528778774,0.2082593846030137,0.21661073459817898,0.33430331181865086
2025-05-14,581.1478975288738,582.3046201283636,578.9036058641954,580.930419921875,66283500,0.0012771385761610014,0.2141490218758062,0.21604139561634433,0.33427229627969135
2025-05-15,578.9234551699535,584.2721134769878,578.4686469334371,583.7679443359375,71268100,0.004872557762829333,0.2160253923652229,0.21458199294626115,0.33371703970393957
2025-05-16,584.5489982766968,587.7621640177526,582.6013544692614,587.465576171875,76052100,0.006314102279205575,0.19985393398409632,0.19090231558137064,0.3339915955316731
2025-05-19,581.4347167753893,588.7903975982244,581.4347167753893,588.1082153320312,68168500,0.0010933200940945894,0.042479675607805766,0.19100254649361806,0.3339381680075215
2025-05-20,586.3681289429425,587.317209981726,582.917632829089,586.1307983398438,60614500,-0.0033680006172298743,0.059933332071552874,0.1612924210521486,0.333943199341484
2025-05-21,581.7708648204313,585.8639582409971,575.2258980125081,576.2540893554688,95197700,-0.01699427924742923,0.14889266508674767,0.16604211073304592,0.33550037701507485
2025-05-22,576.0563267018498,579.971467292194,574.8204937262445,576.4815063476562,70860400,0.0003945692246958432,0.1397082303384911,0.16205209572787596,0.33381060359997783
2025-05-23,569.4520392436427,575.2159811048424,569.0763411937487,572.5465698242188,76029000,-0.006849183214543818,0.11667246277127488,0.15413629387477898,0.33395775233580866
2025-05-27,579.4276923460704,584.6082943415249,571.8742669840636,584.4501342773438,72588500,0.020577387012457326,0.21922610846949594,0.1655532787830829,0.33644796691428425
2025-05-28,584.8554566278126,586.0517646206928,580.3372442209068,581.06884765625,68445500,-0.005802215424402607,0.2213797298348393,0.16832720480143246,0.33664323650892986
2025-05-29,586.3384441000501,586.4768718669775,579.4276761926377,583.362548828125,69973300,0.003939612321384888,0.17563041906291177,0.16796262452133803,0.3351648942358567
2025-05-30,582.2552747565533,584.430352826958,576.6297607292682,582.7100830078125,90601200,-0.0011190827579547142,0.17707037488097443,0.16833745264847053,0.33372571751117297
2025-06-02,581.0985818518681,586.0715425417425,578.429170462151,585.9924926757812,61630500,0.005617200418764615,0.15827860193619472,0.16796162336858297,0.33198132125127566
2025-06-03,585.6266079138771,590.3128764026674,585.1421107506463,589.3341064453125,63606200,0.005686288008741855,0.0795607971087635,0.16272611079727875,0.33121807606231457
2025-06-04,590.1943197189499,591.1730898063917,588.7409487228937,589.1759643554688,57314200,-0.00026837630786721444,0.05164461226777006,0.1603558255096274,0.33058136726691273
2025-06-05,590.8566609128592,592.2111289512687,584.3512195951713,586.3285522460938,92278700,-0.00484458823974022,0.07254550927507494,0.15772221736717001,0.3286680473105986
2025-06-06,591.8749474768216,594.0203968199735,590.0953601848463,592.3495483398438,66588700,0.010216612089215106,0.09323122031565659,0.15974384010451176,0.3290835012274683
2025-06-09,592.9229477814916,594.4356362447949,591.7069074945726,592.8834228515625,53016400,0.0009008769765978307,0.09178831216861907,0.15929191931812062,0.324243168643488
2025-06-10,593.4173023897237,596.6304681071312,592.3001649023746,596.2449340820312,66247000,0.005653754979559288,0.09171381077171152,0.15884891866695436,0.3237907566765511
2025-06-11,597.3423765043648,598.2025114763902,592.4781545343917,594.54443359375,73658200,-0.0028560914136342855,0.09796254915749125,0.11867481096266139,0.32379662472716464
2025-06-12,593.2096245779508,596.9072265625,592.7251877881479,596.9072265625,64129000,0.003966247469725099,0.07821122516856104,0.11759805126729675,0.3224679080951187
2025-06-13,591.7168252456129,595.0288334634262,588.731033484191,590.2338256835938,89506000,-0.011242928818282325,0.10663951946654568,0.1254359758998618,0.32112069257826353
2025-06-16,593.5953591830877,597.599446226556,593.4173461203459,595.8494873046875,79984100,0.009469323987070349,0.1296822536040804,0.12831421622420097,0.3212921143417405
2025-06-17,593.4074309844862,594.9299553868199,589.9965201271316,590.7578125,82209400,-0.008581956398938374,0.13667628492235476,0.13085573623472294,0.3209810657353348
2025-06-18,591.6574895866379,594.4059506456396,589.7097855095001,590.6688232421875,76605000,-0.0001506471164413424,0.13676999068751883,0.13082760437771823,0.3203714646301715
2025-06-20,593.3471074282096,594.4180406328666,587.8735160730708,589.2816162109375,94051400,-0.002351298196901591,0.12852708894164963,0.13052461284454728,0.3203472732135174
2025-06-23,590.0351674928282,595.4889076465048,586.9116980815279,595.1022338867188,87426000,0.009829017063755472,0.12599588590285934,0.1183669935452808,0.3208436027465706
2025-06-24,599.2470472798032,602.737399696003,598.3347417480489,601.6764526367188,67735300,0.01098663429244116,0.1322394129572122,0.1226918295800742,0.319694429479803
2025-06-25,602.7969444947229,603.4910690166892,600.4468830082857,602.0136108398438,62114800,0.0005602076849731048,0.0978364079016252,0.11854484060967665,0.3196811140284486
2025-06-26,603.8679120398481,607.1599955272326,603.2531315625092,606.7236938476562,78548400,0.0077934334109692775,0.09393322921934431,0.10077103765677417,0.31888385476282216
2025-06-27,607.7252035075089,611.2056913389495,605.692457719191,609.7380981445312,86258400,0.004956029834652175,0.06641819630912153,0.09740532942291823,0.31887187943515993
2025-06-30,612.1873634601734,614.0118537505704,609.867018033134,612.6533813476562,92502500,0.004769811928816336,0.061534491828481475,0.09762433385505852,0.3158748277756893
2025-07-01,611.1758893553448,613.625146088841,610.3429883405835,612.455078125,70030100,-0.0003237317036786633,0.05349040032469882,0.09730834707732651,0.3157386744563594
2025-07-02,612.0484833566157,615.2711481262035,611.4237773441516,615.2315063476562,66510400,0.004523032166475909,0.0464680351227289,0.09692144471488365,0.3157833565593975
2025-07-03,617.214676143094,621.0124795190609,617.194824993195,620.0803833007812,51065800,0.00785049006139128,0.046735884115520925,0.0981510853969723,0.31589092586052586
2025-07-07,618.1170465947881,618.7814549531971,612.6732314169623,615.4595947265625,74814500,-0.007479822911334436,0.0950634458059093,0.10366561556350076,0.2982104598744681
2025-07-08,616.1238907210633,616.8775081543645,614.3093261623386,615.1224365234375,59024600,-0.0005479654391165573,0.09229273308111109,0.10108667525094277,0.2697481642367937
2025-07-09,617.5319680301938,619.4655183729625,615.6875662931247,618.8110961914062,66113300,0.005978718557821743,0.09810209637510459,0.09791196734380848,0.2695999640048507
2025-07-10,618.9499658515675,621.5974919629854,617.7699723301522,620.5563354492188,57529000,0.0028163406054207227,0.09613646414692521,0.09784585982378298,0.2667637719939249
2025-07-11,617.5022136064131,619.6043777491163,616.3024294765994,618.3748168945312,63670200,-0.003521617492822476,0.08355232137638864,0.09888925737685896,0.1819830636165269
2025-07-14,617.9186024028506,619.901780492049,616.5700558274259,619.5547485351562,51898500,0.0019062990833984936,0.05680367927375798,0.09746904840512238,0.15505189953837575
2025-07-15,622.2420420602726,622.5791484786782,616.8279435196437,616.9072875976562,74317300,-0.004282323121872532,0.06936447069006019,0.09949928320124737,0.15269968497428055
2025-07-16,618.4937831556223,619.4754466932056,612.8516386863737,618.9697265625,88987500,0.003337615079474222,0.05801929940243206,0.08799767290123937,0.15201335173965672
2025-07-17,619.1482301954767,623.1145864157634,618.9300491320286,622.757568359375,68885700,0.006100942713355944,0.07109388028610852,0.08525318425408523,0.1518237408138337
2025-07-18,624.007017899032,624.175571102461,621.1909387049365,622.301513671875,65621600,-0.0007325832395875651,0.06292819278963671,0.07677154126204556,0.1432612449572571
2025-07-21,623.4815063476562,626.2281670376054,623.0551302914085,623.4815063476562,63375000,0.0018943796948635745,0.06292060842568202,0.07621441029377918,0.14324524483854792
2025-07-22,623.8087114591411,624.4334174667899,620.9232136557434,623.5707397460938,60046300,0.00014311092236799798,0.04305373228007832,0.07465703337765817,0.1325053941734235
2025-07-23,626.2381323551606,628.8757934570312,624.4334327911965,628.8757934570312,70511000,0.008471555947003452,0.0628579353340018,0.07315520625035651,0.1249152371697768
2025-07-24,629.2624631630094,630.7994747941685,628.6576082944551,629.083984375,71307100,0.0003309977370316064,0.05917940055641899,0.06685714862050214,0.12244575488907129
2025-07-25,629.748350781943,632.2173979677802,629.5004535059064,631.7413940429688,56865400,0.004215355509912938,0.05494631566542877,0.0669807303441506,0.11684953009441049
2025-07-28,632.1181999979412,632.6734874729789,630.1945147233831,631.582763671875,54917100,-0.0002511317003774528,0.05960689882016565,0.06440798372461466,0.11657524176579988
2025-07-29,632.9809077241022,633.2982235137306,629.0046860832861,629.9169311523438,60556300,-0.0026410366877477926,0.06927638610575404,0.06525517437345599,0.1169396671158308
2025-07-30,630.5713386132512,632.3165451544952,626.2281734095909,629.1236572265625,80418900,-0.0012601246347007209,0.040839297208651475,0.06484871519465708,0.11687161470105203
2025-07-31,634.0816044685715,634.4682782312485,625.4646925404661,626.763671875,103385200,-0.0037582800219577626,0.04879250227149122,0.06696465194342362,0.11742491812210168
2025-08-01,621.0322789916852,621.0719812920488,614.0812292944926,616.4907836914062,140103600,-0.01652617763451541,0.10542941646903714,0.08936010957308918,0.1227494113198508
2025-08-04,620.4075271113948,625.9108344398344,620.3183179857707,625.8612670898438,73218000,0.015085355384855111,0.17868646597153015,0.10013434363384689,0.12290194385883987
2025-08-05,626.476110377079,627.2892207726588,621.7660617410078,622.688232421875,68051400,-0.005082764440420212,0.18022741659662345,0.09806793407547847,0.12274324383814163
2025-08-06,623.7590952688204,628.1121858315174,622.8468502662965,627.457763671875,64357500,0.0076303958197283745,0.1940100201129531,0.1009575100429988,0.12153029243408014
2025-08-07,630.8886206499576,631.6223868787783,623.8185857342208,626.9321899414062,74205800,-0.0008379750805715818,0.19204672255716268,0.09942541433059023,0.12158098690649531
2025-08-08,628.727047311219,632.2868791777582,628.4097315038053,631.82080078125,64051600,0.007767426102698934,0.1259994555751673,0.10224233302571518,0.12172982859984671
2025-08-11,632.0984361099556,633.5758942477272,629.3219380955197,630.5713500976562,58742300,-0.001979497560583303,0.09316327928805106,0.10154746177504535,0.12181390613192376
2025-08-12,632.9214680410968,637.4431125105409,631.434084195598,637.2844848632812,64730800,0.010589843604162286,0.08978212475082498,0.10691284887066284,0.10636265680443534
2025-08-13,639.4857330110176,640.7549961752953,637.2745085703324,639.4659423828125,60092800,0.003417206050253846,0.08581856898094678,0.1051197775847257,0.105946936562679
2025-08-14,637.3835851461316,640.1897994624859,636.9374184340268,639.5254516601562,59327500,9.305657202052432e-05,0.08285796580603551,0.10508773969329502,0.1059855243615707
2025-08-15,640.5566774831647,640.6558727131268,637.11589211782,638.0281372070312,68592500,-0.002344034961438168,0.0847940133124262,0.10455601217269476,0.10604190867357571
2025-08-18,637.4529805837014,638.5834067295413,636.7787072305159,637.8892822265625,43804900,-0.00021765512234882508,0.08045479063608617,0.10445413513411009,0.10561813532315587
2025-08-19,637.7108075589789,638.6924711313014,633.1098193903536,634.4286499023438,69750700,-0.005439899526511449,0.05191833796509093,0.1068820835039721,0.1064766441123599
2025-08-20,634.0221086228163,634.2798709561484,627.6263466835007,632.742919921875,88890300,-0.002660619942930772,0.0353903093075136,0.10754794493654653,0.10636254182907591
2025-08-21,630.9283690027011,632.604096553562,628.4791123479844,630.2044677734375,54805800,-0.004019891234610142,0.031006116053732376,0.10483873958384379,0.10032871275743448
2025-08-22,632.3958993542917,641.0623787509013,631.8901792096084,639.8823852539062,84083200,0.01524006767331853,0.13363225507153284,0.1172396043340869,0.1040364798678244
2025-08-25,638.6230253017661,639.8625116828326,636.9472372936925,637.0662231445312,51274300,-0.004410775275590772,0.13843902806801453,0.11788933333876367,0.10333818017796538
2025-08-26,636.7985773675441,640.0807351008626,636.1738713484165,639.733642578125,51581600,0.004178295104639576,0.1324696852767242,0.11857776798490226,0.09611088087952369
2025-08-27,639.148612992103,641.9250504526357,638.9998504138363,641.1912841796875,48341100,0.002275921406955702,0.12682911813215714,0.11810123311691784,0.09499001435297652
2025-08-28,641.7961126896905,644.0172625669782,639.9121297324674,643.4619750976562,61519500,0.0035351068723046006,0.11229646316132677,0.11819254968550269,0.09495231389984342
2025-08-29,642.0242015644989,642.3911452321481,637.7306640961879,639.6245727539062,74522200,-0.00598153537129435,0.07543990257060657,0.11958041749679703,0.09600140698547081
2025-09-02,632.13804448044,635.1028861742022,629.5797276837342,634.884765625,81983500,-0.007437888193564877,0.08834373201411594,0.10622718239461,0.09725671508833124
2025-09-03,637.2646148509236,638.7917009543937,635.0732414506999,638.3256225585938,70820900,0.005405022362943885,0.09291030945706756,0.09523789345326701,0.09720644106832038
2025-09-04,638.999797688006,643.6900550422279,638.09747828346,643.6602783203125,65219200,0.008322535450544438,0.11200325634174242,0.09587718455194784,0.09816845230780202
2025-09-05,646.0004708304714,646.7243720544352,637.9190556866993,641.796142578125,85178900,-0.002900350441516548,0.11130507298994881,0.09442922004508546,0.09774154296042105
2025-09-08,643.1644862104067,644.3742563254497,641.7861629025881,643.3727416992188,63133100,0.0024535295419670193,0.10083908851873853,0.09427690967008866,0.09612638005398123
2025-09-09,643.5115612591451,645.3856792185645,641.7762803015634,644.8601684570312,66133900,0.0023092523208794106,0.06623389745372855,0.09136084963816556,0.09614319216753921
2025-09-10,648.122479271532,649.0446498954948,645.1576374702139,646.724365234375,78034500,0.0028866837953472123,0.06309413747030733,0.09093368087463762,0.09579650827726818
2025-09-11,648.6778210448584,652.7929404681626,648.092817304151,652.0988159179688,69934400,0.008275924601042638,0.06282877986278318,0.08823784174565868,0.09642338838477162
2025-09-12,652.0689585463732,653.5662677492645,651.3748946038203,651.8805541992188,72780100,-0.0003347625365709058,0.049995159190438315,0.08795005690518104,0.0963538892449203
2025-09-15,654.0918582328915,655.4800466805781,653.7943936028013,655.3511352539062,63772400,0.00530983028777682,0.05168672922812403,0.08918325554412135,0.09316144878728046
2025-09-16,655.9063983981582,656.213849113272,653.6654579201036,654.4487915039062,61169000,-0.001377834697222049,0.06322862491496584,0.08876621095242533,0.09198477200970154
2025-09-17,654.4587781451693,656.1543568928759,648.7967821934204,653.6357421875,101952200,-0.0012431144932423498,0.06993864370675427,0.0890446688252159,0.08986559088908826
2025-09-18,656.3229972048737,659.2977648370164,654.7166275252608,656.6898803710938,90459200,0.004661656098012296,0.05243212282127262,0.08644695439295953,0.08999866447895688
2025-09-19,658.5800832029405,660.7874850308027,656.6311583459587,659.9423217773438,97945600,0.004940556697161345,0.054740588243866704,0.08568663324120271,0.08985197032922078
2025-09-22,658.4508309420254,663.5119788762895,658.4209716621773,663.0645751953125,69452200,0.004719943972387415,0.05293506898561929,0.0832589118698618,0.08856764279190675
2025-09-23,662.9452156846509,663.5617612775759,658.2320617574377,659.4551391601562,81708900,-0.005458436585496771,0.0745185764244114,0.07339214395596734,0.08767401691361404
2025-09-24,660.7477220570149,660.8471316064555,655.9350982101993,657.3569946289062,68082200,-0.003186705609680798,0.0801316527382658,0.07227774837696892,0.08814850554307481
2025-09-25,654.2149171420698,655.6765652531099,650.7048739536411,654.3242797851562,89622100,-0.004624172513464782,0.08149316563538725,0.07455348939220476,0.08798391098372332
2025-09-26,655.7760789419195,658.619871988132,654.1553026157394,658.072998046875,69179200,0.005712795234045289,0.08498321911812375,0.0761844943392017,0.08812815938503077
2025-09-29,660.5985670660314,661.5134019828115,658.112721358766,659.9224243164062,73499000,0.0028064247447203627,0.07830653667899282,0.0759490546827503,0.08789306088500226
2025-09-30,659.1766647693167,662.8756347075731,657.8641309647478,662.4082641601562,86288000,0.0037597898827210047,0.07195955433920688,0.07171717197919791,0.08798854034678978
2025-10-01,659.4152702620313,665.5801794564833,659.3059076216911,664.6654052734375,72545400,0.003401684988263315,0.06307653558796004,0.06376774230520989,0.08784718543386266
2025-10-02,666.6540464714482,666.7733621981591,663.004842335434,665.4309692382812,56896000,0.001151140720406421,0.026183937489148632,0.06275399015338243,0.08680973016787907
2025-10-03,666.1966948783695,668.8714672806448,664.377038831869,665.421142578125,70494400,-1.4767471260179647e-05,0.025408969112565787,0.058648849551937124,0.08507022836885317
2025-10-06,667.8174482099862,668.7024238148077,665.669704301124,667.8074951171875,54623300,0.003579813724412676,0.02707071392650267,0.05666938286063778,0.08511838768246173
2025-10-07,668.7322238208072,669.1796881705657,663.8898014056139,665.3316040039062,72020100,-0.0037143820348426687,0.04737839840379492,0.059838422132622617,0.08516249818543425
2025-10-08,666.4552183740389,669.398481470165,665.6299006256374,669.2990112304688,60702200,0.005945343779221919,0.058127356660065306,0.06168020673813381,0.08563985084552217
2025-10-09,669.7166839203261,670.1243359074817,665.4211353124821,667.3600463867188,66501900,-0.002901212830195306,0.06578834423721022,0.06359057599620595,0.0855097071338711
2025-10-10,668.324542434099,670.1342452495495,649.14378031214,649.32275390625,159422600,-0.027399797306962,0.21017549003166572,0.1149835902007074,0.10286611839688356
2025-10-13,656.9095884512618,661.3642043859337,656.0345659370097,659.2860107421875,79560500,0.01522754489520044,0.25190020764365206,0.12679052608004496,0.10633286682236215
2025-10-14,653.4492417720955,662.0602448848334,649.4718888267987,658.4805908203125,88779600,-0.0012224016319925188,0.2518072718788533,0.12570744438800552,0.10632603129582058
2025-10-15,663.0446129876665,666.4352795829697,655.1992699391986,661.4039306640625,81702600,0.004429697562726796,0.24898184397324735,0.12638134872027068,0.1060511950413706
2025-10-16,663.0445999065358,664.9239136533134,653.3895542222015,656.8995971679688,110563300,-0.006833556809050219,0.2510635596372978,0.1288150974495053,0.10714230070202843
2025-10-17,655.7660892614911,661.9906565438909,654.4138037793879,660.62841796875,96500900,0.005660343785832389,0.13093795097048933,0.12929287729816585,0.10755419288527107
2025-10-20,663.5418206897375,668.4041493887289,663.4921159142255,667.499267578125,60493400,0.010346762560389149,0.10537490228542581,0.1330475998111665,0.10917892670608671
2025-10-21,667.638493864759,669.1797060532549,666.1867381348511,667.4893188476562,56249000,-1.4904592548673624e-05,0.10302736550524885,0.1321824743002008,0.10815839521737432
2025-10-22,668.1953369980629,668.1953369980629,659.5445816579371,664.0191040039062,80564000,-0.005212468267243702,0.11498012219480107,0.1320497474864853,0.1088524982594799
2025-10-23,664.3372592841532,668.9012985038863,664.019063764971,667.9566650390625,65604500,0.00591237858353294,0.09574050271333323,0.1327578497076625,0.10911783944785763
2025-10-24,672.6300829996666,674.628651928334,671.8246714345047,673.4155883789062,74356500,0.008139356488562998,0.10100120001725735,0.13359347369313232,0.11004919460675572
2025-10-27,678.8645527756448,681.658640907831,678.2580209918731,681.3603515625,63339800,0.011728661579555206,0.10691794444058482,0.13762247706884548,0.11184525169334333
2025-10-28,683.1600908523567,685.0095454543999,680.9526890414517,683.1700439453125,61738100,0.0026524780243792965,0.10199752944879845,0.13760729437341754,0.1117626166331595
2025-10-29,684.8206562449755,685.795149064121,679.0038013689816,683.4982299804688,85657100,0.00048027169098161166,0.07047599508771753,0.13744219521625053,0.1113021873023717
2025-10-30,680.0279821977349,682.0564104652303,675.9810180664062,675.9810180664062,76335800,-0.011059070654489161,0.13858616856883085,0.14388878165179267,0.10822265844978783
2025-10-31,681.1614116072222,681.2012239761448,675.3942622450203,678.1983032226562,87164100,0.003274731939679319,0.12989910184682807,0.1441411852216945,0.10470036780827488
2025-11-03,681.7878948104295,681.9171636388411,676.0903560257897,679.4711303710938,57315000,0.001875018306885159,0.09467218921754952,0.14413790425165646,0.10390489467841141
2025-11-04,672.2820616639051,676.1103005794487,670.7607556049009,671.4169921875,78427000,-0.011924353295924664,0.11738963957226628,0.1505004280205639,0.10645674819429003
2025-11-05,671.1583975728993,677.0051112074705,670.3529860359731,673.7437133789062,74402400,0.003459398571762206,0.12534235613787817,0.15016673825833202,0.10648984977232621
2025-11-06,672.6399897028363,673.5448715272548,664.9338680034818,666.514892578125,85035300,-0.010787307565268271,0.12423438899972392,0.15380239805318127,0.10824985360460564
2025-11-07,664.1284090392404,667.2805048704689,657.4663915648358,667.1710815429688,100592400,0.0009840232716329205,0.11806517896119398,0.15353078179476792,0.10809732718681865
2025-11-10,673.4056154266486,678.3176487268574,671.2081667723378,677.5818481445312,75842900,0.015483847432383142,0.1791941052327831,0.12666600975330977,0.11030190374763564
2025-11-11,676.1002762110339,679.6997756663966,674.8871520395073,679.1329956054688,58953400,0.0022866236688574054,0.14810298056519455,0.1172585224093411,0.11022323474853163
2025-11-12,680.9129156193362,681.0819968300743,677.0946904605516,679.5109252929688,62312500,0.0005563336963194146,0.14808710433866257,0.11691632492536663,0.11021239854961466
2025-11-13,676.6472315164618,677.0051787486752,666.7237544337754,668.235107421875,103457800,-0.016733243059015003,0.18185297142333717,0.13221147583684684,0.1155930533351227
2025-11-14,661.612768198211,671.8345335183507,659.5147291242073,668.1256713867188,96846700,-0.00016378217190490574,0.1818492399087052,0.12954879925415747,0.11559130034932834
2025-11-17,665.9083353081996,669.8956413839408,658.4209391867944,661.901123046875,90456100,-0.009360102835536118,0.12885105646220243,0.13286518837501562,0.11670305209245772
2025-11-18,658.3512953245886,661.354216097308,652.146634691611,656.3427734375,114467500,-0.008433010863377237,0.11393253304771887,0.13050701912184692,0.11793771781167194
2025-11-19,657.0388554539629,663.5617119214406,655.0203196831769,658.8783569335938,94703000,0.003855757148191913,0.12883571232081498,0.1314865052610098,0.11774054914801285
2025-11-20,669.1001291109939,671.7351497651099,648.1991802397498,648.8355712890625,165293500,-0.015359602533844793,0.12192180634043351,0.140353253359878,0.11829190522107194
2025-11-21,651.3412595795126,660.7874729698119,647.1650267848305,655.2987670898438,123956200,0.009911937023691694,0.16508765607978448,0.14351973627779807,0.11947514562670526
2025-11-24,658.9380055466532,666.2662734630499,657.8442577670318,664.9437866210938,80437900,0.014611241086193577,0.19913301784592718,0.1502550576757761,0.12258087055228634
2025-11-25,664.8444060411854,672.3815071629971,660.717877921785,671.1982421875,81077100,0.009362030553383407,0.1861419988284108,0.14801470379751702,0.1237848226355797
2025-11-26,673.7934667684052,677.8404309302599,672.8885849296569,675.8318481445312,71879600,0.006879763512976049,0.18674394367703281,0.14993859057662098,0.12427311089044943
2025-11-28,677.0051081523229,679.7991961322198,676.6471609574353,679.5208129882812,49212000,0.0054435632273936016,0.055730746418730145,0.15133269080334388,0.12384686704919524
2025-12-01,674.9667014318244,679.1230277654502,674.8970904760725,676.41845703125,61201200,-0.004575959173217758,0.11163039285713276,0.1471209947405268,0.12318857412442354
2025-12-02,678.0591325179204,679.9483994968172,675.4838303983408,677.67138671875,62953800,0.0018505862825212542,0.08588351305042675,0.14680771714125782,0.12287738012964815
2025-12-03,676.7167950740063,681.0321891246488,675.8417725523884,680.0180053710938,57238500,0.003456786217426821,0.07063340907153494,0.14716910084664672,0.1220734121275133
2025-12-04,681.4199577792665,681.4895687361658,677.4824173401821,680.51513671875,61970300,0.0007307890626128348,0.05989443424804674,0.14059006884691555,0.121833090761837
2025-12-05,681.5890143183475,684.4925257185774,680.7040993957534,681.8078002929688,79241000,0.0018977350040129193,0.04905136740050682,0.1402993779410278,0.12180990704833168
2025-12-08,682.7027235077143,682.7524282821314,677.7111260885928,679.7594604492188,55231500,-0.003008799415334641,0.038646446197930284,0.13484957686251559,0.12202772443564822
2025-12-09,679.2822138612034,681.5095218770947,678.7253868572307,679.1727905273438,58310100,-0.0008634278241621205,0.039609725145057895,0.13499324061458265,0.12200214090222239
2025-12-10,678.6955405173951,685.0692222502689,677.4526176554032,683.6771850585938,85671300,0.006610281415951135,0.05716455265369151,0.12607736919547552,0.12163093707620284
2025-12-11,681.2609148661827,685.3476304583654,678.3076987410943,685.26806640625,86173700,0.002324244979309141,0.05768003017354543,0.12608443026821906,0.12165075087185777
2025-12-12,684.2737672143002,684.9797692517327,675.3247225627367,677.9000854492188,113160300,-0.010810189042095767,0.10322973378499016,0.1319506272876848,0.12347638566543288
2025-12-15,681.8574988128718,681.8774049984522,675.4042533093998,676.8758544921875,90811000,-0.001512030324677354,0.10207180794475974,0.11754189357502175,0.12348513541160897
2025-12-16,675.3843754405706,677.2239376857725,671.1584377196804,675.0264282226562,122030600,-0.002736037133594218,0.10294904231323825,0.11809220382181383,0.12360853995938015
2025-12-17,676.0406154817738,676.5874893555698,667.3998140691156,667.5986938476562,110625200,-0.01106460773219221,0.09431152048750602,0.12001541453626685,0.12545012210233064
2025-12-18,673.7635606688432,676.8857972779194,671.0788959983324,672.6399536132812,108650100,0.007522963990016468,0.12205359694779229,0.1179146803276516,0.12594694569087572
2025-12-19,674.747283458469,679.2350273728672,674.6275542880097,678.7363891601562,103599500,0.009022618958016409,0.13039734405142894,0.12072362901834655,0.12685106279448827
2025-12-22,682.0772531068674,683.4933686131409,678.7364013691785,682.96484375,69556700,0.006210566721978087,0.1352702316991182,0.10507076609766156,0.1268184002139448
2025-12-23,682.0572680421344,686.325640311278,682.0074163952171,686.0863037109375,64840000,0.004560042005282501,0.12968863538596953,0.10186270361166298,0.1268355710724104
2025-12-24,686.0763204450832,688.9484813838191,685.9267046355759,688.4996948242188,39445600,0.0035114479496600164,0.035166026516907,0.09153706187153315,0.1264962149247024
2025-12-26,688.758988861415,689.7761694005526,687.392725060237,688.4298706054688,41613300,-0.0001014201750952399,0.05350151624441039,0.08727200792392133,0.12611383222819236
2025-12-29,685.6674092439482,687.322922191004,684.2014421207446,685.9765625,62559500,-0.0035699930558561223,0.06246441056702295,0.08621464857335116,0.12632881552772238
2025-12-30,685.5777200962995,686.6846823672308,684.7100944386586,685.138916015625,47160700,-0.0012218468855631148,0.05345259794389737,0.08468129965324879,0.12621755061610748
2025-12-31,685.2685588951464,685.4879304984822,679.8533550408816,680.062744140625,74144800,-0.0074365500962735335,0.06464253186810232,0.08733412289779198,0.1270756478888715
2026-01-02,683.842447277036,684.999261161205,677.9684744567207,681.309326171875,89377200,0.0018313617663269853,0.0566058805382245,0.08732972507708539,0.12710006415707564
2026-01-05,684.6701449336617,687.5522884526621,684.5106074856512,685.846923828125,71927200,0.006638033243240065,0.08479550817224302,0.08946847428377852,0.12771226923067755
2026-01-06,686.0563439630641,690.4344019511112,685.9067890249802,689.92578125,69273800,0.005929568682081867,0.09146166345273776,0.09149551182623493,0.1280301569699436
2026-01-07,690.3047811958188,692.0699799720542,687.4426026835383,687.701904296875,75588300,-0.0032285629973805552,0.09574668470513914,0.09233691879974452,0.12796856495697462
2026-01-08,686.9439569075789,688.7390423054183,685.6175622141362,687.632080078125,64019200,-0.00010153783677743937,0.06569588890375354,0.09152633110010536,0.12749811819337598
2026-01-09,688.7489932725086,693.4162394407576,687.3029303433501,692.1796264648438,80125500,0.006591570183952557,0.07230925331265049,0.09369510144116916,0.1279032593179807
2026-01-12,688.7988836287034,694.1941832506386,688.7490319805348,693.2666625976562,63976000,0.0015692219387488094,0.06561969807629607,0.09142613693577328,0.11457393017027417
2026-01-13,693.595779418591,694.194181802135,689.467040360938,691.8804931640625,78309700,-0.002001476724789629,0.06083800396843264,0.09166363551606936,0.11102893107936175
2026-01-14,689.1180078469732,689.8360176539858,684.1714948792828,688.479736328125,94676700,-0.004927356850498766,0.06825611480180344,0.0845407601431264,0.11154467867266991
2026-01-15,692.678285342935,693.5558934557131,689.3673203481677,690.3546142578125,77862000,0.0027195131661778946,0.07031033316711495,0.08439277787671216,0.11136499879333421
2026-01-16,691.7707369284135,692.359156800422,688.22043529661,689.7761840820312,79289200,-0.0008382252035026964,0.04790436113274702,0.08360386637579129,0.11036193145762828
2026-01-20,679.6338820353151,682.9049778344743,674.7272992054969,675.7345581054688,111623300,-0.020566840670864645,0.14378455581602817,0.10473336637762831,0.1178545317982199
2026-01-21,677.7989248999835,686.8641332264262,676.2830453044572,683.5332641601562,127844500,0.0114749889632404,0.18742371049907688,0.10884977839814623,0.11826404817975464
2026-01-22,687.9711412752974,689.2476843606095,685.0491285530771,687.103515625,77112200,0.005209636268787033,0.192649473481832,0.10596834281614655,0.11865468153431924
2026-01-23,686.2757685331861,689.0781127396581,685.2884137823622,687.352783203125,63059600,0.00036271445090017455,0.19096426685550918,0.10397312647387326,0.11809401479205767
2026-01-26,688.609372319757,692.2394730275811,688.0409174669724,690.84326171875,60473800,0.005065296757285074,0.1955726343882168,0.10424803033922525,0.11794968860464741
2026-01-27,692.2893344912051,694.6329705879123,691.6810104865692,693.5957641601562,55506100,0.003976348566725876,0.06364113514323624,0.10443911658256551,0.11714991508116689
2026-01-28,695.1515053497095,695.9393926651097,692.0499903412962,693.5259399414062,61172200,-0.00010067497120472829,0.04095445262607159,0.10443907592501196,0.11489588069278871
2026-01-29,694.4933553961189,695.1615135683285,682.9648421722587,692.1497192382812,97486200,-0.0019863539443873905,0.04685482225395836,0.10383221916856925,0.11488127993044078
2026-01-30,689.9058246991844,692.3192774332931,685.2485609149509,690.0853271484375,101835100,-0.0029870370168700792,0.056793461582398085,0.10436401915030719,0.1150569547023172
2026-02-02,687.7019133171445,695.0318708971434,687.5423149981101,693.5159912109375,79286500,0.004959045712933714,0.05629278132951722,0.10151702765900539,0.11315731584010319
2026-02-03,694.3138377504575,695.0617950648859,682.1670182684101,687.6520385742188,107904600,-0.008491346084250548,0.07726471809372974,0.10653950891433904,0.11438532646211247
2026-02-04,688.4697490630058,689.5667896413613,679.9031787408285,684.3211059570312,105204600,-0.004855691490926631,0.07834818066564384,0.10555136861030719,0.11478085740422236
2026-02-05,679.0854402743204,681.8279505601881,673.9494421186707,675.7744750976562,113610800,-0.012567856956365418,0.10424545730756128,0.1115057455628985,0.11506202334983681
2026-02-06,679.6039887472712,690.4244132010324,678.995603890688,688.739013671875,89127600,0.019003005567205973,0.2005747935884391,0.13079975683353917,0.12095379360332065
2026-02-09,687.5423060693106,693.9747512796714,686.4652913399738,692.0599975585938,73885200,0.004810244305276485,0.20032739197156285,0.1318204591785248,0.11912555248789446
2026-02-10,693.0572335194393,694.64286887948,689.7761552680904,690.2349243164062,65185700,-0.00264064386524897,0.1894899237956916,0.13014226449033015,0.11929813938184854
2026-02-11,694.4933668556342,695.2413241987686,687.3029816841566,690.075439453125,76353900,-0.000231085512616827,0.18362463466259596,0.1299947385562812,0.11537234486095961
2026-02-12,692.3491972008484,693.4561594586687,678.5169776231163,679.41455078125,118829000,-0.015569451553392327,0.19889356272224507,0.14041695892034473,0.11956722720224167
2026-02-13,679.833354327075,684.410879804094,675.6747287653898,679.8931884765625,96267500,0.0007042374603937072,0.12287338562652289,0.13971792936673277,0.11957035711504715
2026-02-17,678.287593220413,683.074507822494,673.9394826742099,680.9901733398438,81354700,0.0016121662321053362,0.11239767148562889,0.13943905160129344,0.11465827295662012
2026-02-18,682.157061237011,687.2730943282486,680.9702998190471,684.4208374023438,73570300,0.005025111493454597,0.12711927561817274,0.14081205641122752,0.11504194952571349
2026-02-19,681.9775120282383,684.311104689823,679.6937101433548,682.61572265625,58649400,-0.0026409180968155325,0.12652456966151787,0.12066911557261166,0.11350372274327973
2026-02-20,680.4616860592505,688.1805961724377,679.8732661615737,687.5523071289062,100034000,0.0072058400517004155,0.06091174337598824,0.11660677127835219,0.1128145731929476
2026-02-23,685.9566804858357,688.1207533479937,678.5169762252317,680.531494140625,90558100,-0.010263807839928392,0.10995862647323612,0.12061396472530206,0.11474603992700165
2026-02-24,680.0427976196477,686.4751816677359,678.1479481229125,685.4779052734375,73798700,0.007242165031108853,0.12123912569676006,0.12352276075940564,0.11087689092999496
2026-02-25,688.3002642742074,691.7907319065998,688.2204651135966,691.26220703125,56369500,0.008402945104341215,0.12982137593256654,0.12581147273191085,0.11041695369143341
2026-02-26,691.391808867856,691.4117130049051,682.486077089091,687.422607421875,71671000,-0.005569959857260949,0.13782158816480936,0.1263822671096921,0.10753198463348379
2026-02-27,681.2295779636313,684.9892686841309,679.7835149777827,684.1216430664062,83308900,-0.004813509630285336,0.13224384155439545,0.12728080769120714,0.10653123643069809
2026-03-02,676.8515442239554,686.744509644098,676.1734035367807,684.5106201171875,87477200,0.0005684172026597193,0.10372565237165024,0.12725054180253642,0.10569200753074594
2026-03-03,673.221445388408,680.7508704958498,667.8361281509542,678.4771118164062,105003100,-0.008853414553509194,0.10720690966282068,0.13026560489950847,0.10667380008684058
2026-03-04,679.7735096903759,685.2186606854194,677.7689744100875,683.2639770507812,79182200,0.007030536114047319,0.09889465705423255,0.13161178054926803,0.10718537568864943
2026-03-05,680.2223290726917,683.6629449535216,673.7699188745959,679.4544067382812,106606500,-0.005591148225550186,0.09893852686114049,0.12982232425724857,0.10774015832587347
2026-03-06,671.5758690877306,674.2685275228549,667.9358467743081,670.5487060546875,100687000,-0.013193791611277716,0.12628867977838643,0.13633929932924094,0.11070080125360217
2026-03-09,664.5750801817165,678.0681991431876,660.5859743093405,676.4227294921875,102667700,0.008721878607696682,0.15492180146187076,0.13343228412388217,0.11212505759616143
2026-03-10,675.87413967305,681.4987932365287,672.9222404542279,675.3356323242188,81505300,-0.001608419719141641,0.14399412931270256,0.11426087790549078,0.11209096130473208
2026-03-11,675.7345715953234,678.2277626375325,671.5061293267642,674.4879760742188,68441700,-0.0012559513052689201,0.12603723668509534,0.11233316535014558,0.11196409469264254
2026-03-12,669.3319958917509,669.8207124533001,664.0564256954588,664.2459106445312,108882200,-0.015301420789775961,0.1559326156737882,0.12245015656829161,0.11600265272946265
2026-03-13,667.4472371497842,670.5088831921612,659.5587462493693,660.4862060546875,97200200,-0.005676188622551868,0.13767525451033327,0.12300716423232244,0.11560708251399593
2026-03-16,666.5596317087426,670.239584206393,665.3030536555561,667.2078857421875,82023100,0.010125430484197413,0.14536504008138035,0.1196803181626492,0.11743323026539583
2026-03-17,670.5586914524959,672.60309589337,667.8760155087483,668.9630126953125,87128000,0.002627101016221855,0.15046865383884628,0.12018196792567219,0.11566457767085252
2026-03-18,666.5396583763402,667.8959397089973,659.3892034355257,659.6285400390625,82062600,-0.014051912692600945,0.17280296616263768,0.128246043274502,0.11891151234298404
2026-03-19,655.1806813207687,661.1743225351036,653.3855958813168,658.0029907226562,111272500,-0.0024673819700690397,0.14360847810774469,0.12603709590958198,0.11889136202686786
2026-03-20,656.510009765625,656.6900024414062,644.719970703125,648.5700073242188,163617500,-0.01443952585884218,0.16934021822241346,0.13335563160605696,0.12030440032744086
2026-03-23,658.0700073242188,662.6199951171875,653.9400024414062,655.3800048828125,134802700,0.010445276906504148,0.17098559000835445,0.13673615399068353,0.12123087333075894
2026-03-24,651.3200073242188,657.030029296875,649.8800048828125,653.1799926757812,96457500,-0.0033624966130463346,0.16236317219927277,0.1337167832708728,0.11983554848054204
2026-03-25,658.6699829101562,660.8900146484375,654.239990234375,656.8200073242188,90653800,0.005557288574735996,0.1510666802439085,0.1323775299560084,0.11969147516113611
2026-03-26,652.0599975585938,654.8499755859375,644.8200073242188,645.0900268554688,96494400,-0.018020135919566853,0.19538475618808307,0.1376686070972284,0.12415619994695537
2026-03-27,642.5,642.6599731445312,633.1099853515625,634.0900268554688,103649400,-0.01719894102480063,0.20542928844501762,0.14574991586346833,0.12796335864609887
2026-03-30,640.1099853515625,640.3699951171875,629.280029296875,631.969970703125,99275900,-0.003349064243429706,0.16058593531063636,0.14571566375917186,0.12800386526815438
2026-03-31,638.9400024414062,651.5399780273438,637.97998046875,650.3400268554688,152534100,0.028653466042465783,0.3053370197150321,0.18377419343364176,0.14127648833751552
2026-04-01,653.9000244140625,658.52001953125,653.0,655.239990234375,97841500,0.00750622148232205,0.30822202277912153,0.18531050116731246,0.14225734670247292
2026-04-02,646.4199829101562,658.2000122070312,645.1099853515625,655.8300170898438,68358700,0.0009000692442135715,0.2668932549416121,0.18288923268488788,0.14163044200581057
2026-04-06,655.8599853515625,659.719970703125,655.52001953125,658.9299926757812,39105800,0.004715661120724013,0.19704724257953374,0.18378759667193345,0.14194682628005642
2026-04-07,656.6500244140625,659.6099853515625,651.0599975585938,659.219970703125,69980400,0.0004399773016391101,0.1851572212369623,0.17882185639002357,0.1412140296928268
2026-04-08,676.3900146484375,677.0800170898438,671.4600219726562,676.010009765625,93606100,0.025150609779818547,0.16118793537396686,0.19789619499224392,0.14981284390949656
2026-04-09,674.8400268554688,681.1599731445312,673.77001953125,679.9099731445312,57134400,0.005752513692051993,0.16182943729656188,0.19879673187350774,0.1501813265052376
2026-04-10,681.3200073242188,682.030029296875,678.4500122070312,679.4600219726562,41916700,-0.0006619995879319516,0.16610071017121703,0.19874799107766714,0.15018430624876028
