scenario,strategy,episode,seed,pnl,total_tc,n_trades
base,no_hedge,0,0,2.8106773469827786,0.0,0
base,no_hedge,1,1,2.7191338533491134,0.0,0
base,no_hedge,2,2,2.8106773469827786,0.0,0
base,no_hedge,3,3,2.8106773469827786,0.0,0
base,no_hedge,4,4,2.8106773469827786,0.0,0
base,no_hedge,5,5,2.8106773469827786,0.0,0
base,no_hedge,6,6,-3.9850182155494522,0.0,0
base,no_hedge,7,7,2.8106773469827786,0.0,0
base,no_hedge,8,8,2.8106773469827786,0.0,0
base,no_hedge,9,9,-3.1385837663797744,0.0,0
base,no_hedge,10,10,2.8106773469827786,0.0,0
base,no_hedge,11,11,2.8106773469827786,0.0,0
base,no_hedge,12,12,0.767709686711477,0.0,0
base,no_hedge,13,13,-9.43519451520644,0.0,0
base,no_hedge,14,14,2.1143059688111734,0.0,0
base,no_hedge,15,15,-1.614061405388746,0.0,0
base,no_hedge,16,16,0.7595840966362388,0.0,0
base,no_hedge,17,17,2.8106773469827786,0.0,0
base,no_hedge,18,18,-9.652351919926083,0.0,0
base,no_hedge,19,19,2.8106773469827786,0.0,0
base,no_hedge,20,20,2.8106773469827786,0.0,0
base,no_hedge,21,21,-5.560815037148792,0.0,0
base,no_hedge,22,22,2.4595210051602905,0.0,0
base,no_hedge,23,23,2.8106773469827786,0.0,0
base,no_hedge,24,24,2.8106773469827786,0.0,0
base,no_hedge,25,25,2.2136072338609054,0.0,0
base,no_hedge,26,26,0.6210074429405879,0.0,0
base,no_hedge,27,27,2.8106773469827786,0.0,0
base,no_hedge,28,28,-3.4253276352437396,0.0,0
base,no_hedge,29,29,2.5113181555623996,0.0,0
base,no_hedge,30,30,-0.6162904456935294,0.0,0
base,no_hedge,31,31,2.8106773469827786,0.0,0
base,no_hedge,32,32,0.34470676282710855,0.0,0
base,no_hedge,33,33,2.8106773469827786,0.0,0
base,no_hedge,34,34,-4.020660997354192,0.0,0
base,no_hedge,35,35,2.8106773469827786,0.0,0
base,no_hedge,36,36,2.8106773469827786,0.0,0
base,no_hedge,37,37,2.8106773469827786,0.0,0
base,no_hedge,38,38,-1.487314350909493,0.0,0
base,no_hedge,39,39,2.8106773469827786,0.0,0
base,no_hedge,40,40,2.8106773469827786,0.0,0
base,no_hedge,41,41,-0.05966858110804907,0.0,0
base,no_hedge,42,42,-0.5515825556931659,0.0,0
base,no_hedge,43,43,2.8106773469827786,0.0,0
base,no_hedge,44,44,-0.576618485882598,0.0,0
base,no_hedge,45,45,2.8106773469827786,0.0,0
base,no_hedge,46,46,2.8106773469827786,0.0,0
base,no_hedge,47,47,2.8106773469827786,0.0,0
base,no_hedge,48,48,-7.196635625309732,0.0,0
base,no_hedge,49,49,-10.442052812825615,0.0,0
base,no_hedge,50,50,2.8106773469827786,0.0,0
base,no_hedge,51,51,1.7311673075489225,0.0,0
base,no_hedge,52,52,-0.27353516802948974,0.0,0
base,no_hedge,53,53,-1.558408651853675,0.0,0
base,no_hedge,54,54,-4.544908424811062,0.0,0
base,no_hedge,55,55,-2.506465101614161,0.0,0
base,no_hedge,56,56,-8.42774989229357,0.0,0
base,no_hedge,57,57,0.5024649466469171,0.0,0
base,no_hedge,58,58,2.8106773469827786,0.0,0
base,no_hedge,59,59,-6.894032495433386,0.0,0
base,no_hedge,60,60,-6.5762184853677255,0.0,0
base,no_hedge,61,61,2.8106773469827786,0.0,0
base,no_hedge,62,62,2.8106773469827786,0.0,0
base,no_hedge,63,63,-19.409420167903427,0.0,0
base,no_hedge,64,64,2.8106773469827786,0.0,0
base,no_hedge,65,65,2.8106773469827786,0.0,0
base,no_hedge,66,66,2.8106773469827786,0.0,0
base,no_hedge,67,67,2.25323409430559,0.0,0
base,no_hedge,68,68,-4.6565074312214065,0.0,0
base,no_hedge,69,69,-5.6704929997295395,0.0,0
base,no_hedge,70,70,-4.673435796553754,0.0,0
base,no_hedge,71,71,2.8106773469827786,0.0,0
base,no_hedge,72,72,1.8897765843352303,0.0,0
base,no_hedge,73,73,2.8106773469827786,0.0,0
base,no_hedge,74,74,-1.5034056938537574,0.0,0
base,no_hedge,75,75,-2.2072372632852293,0.0,0
base,no_hedge,76,76,-5.723414064644224,0.0,0
base,no_hedge,77,77,2.8106773469827786,0.0,0
base,no_hedge,78,78,-15.024888165050832,0.0,0
base,no_hedge,79,79,2.8106773469827786,0.0,0
base,no_hedge,80,80,2.8106773469827786,0.0,0
base,no_hedge,81,81,-5.14095590393503,0.0,0
base,no_hedge,82,82,2.8106773469827786,0.0,0
base,no_hedge,83,83,-1.3210264647822,0.0,0
base,no_hedge,84,84,2.8106773469827786,0.0,0
base,no_hedge,85,85,2.8106773469827786,0.0,0
base,no_hedge,86,86,-1.0029993269448951,0.0,0
base,no_hedge,87,87,2.8106773469827786,0.0,0
base,no_hedge,88,88,2.25135026754338,0.0,0
base,no_hedge,89,89,2.7811484579260153,0.0,0
base,no_hedge,90,90,-2.43817584860097,0.0,0
base,no_hedge,91,91,-6.551081886648809,0.0,0
base,no_hedge,92,92,2.8106773469827786,0.0,0
base,no_hedge,93,93,-5.906796580171168,0.0,0
base,no_hedge,94,94,2.8106773469827786,0.0,0
base,no_hedge,95,95,2.8106773469827786,0.0,0
base,no_hedge,96,96,-7.153855827466479,0.0,0
base,no_hedge,97,97,2.8106773469827786,0.0,0
base,no_hedge,98,98,-6.128668973204761,0.0,0
base,no_hedge,99,99,-2.7983788699572543,0.0,0
base,no_hedge,100,100,-3.3470904596341953,0.0,0
base,no_hedge,101,101,0.04217840909064563,0.0,0
base,no_hedge,102,102,-2.6620531793876623,0.0,0
base,no_hedge,103,103,2.8106773469827786,0.0,0
base,no_hedge,104,104,-13.762720946991642,0.0,0
base,no_hedge,105,105,2.8106773469827786,0.0,0
base,no_hedge,106,106,2.8106773469827786,0.0,0
base,no_hedge,107,107,2.8106773469827786,0.0,0
base,no_hedge,108,108,-9.400203362978594,0.0,0
base,no_hedge,109,109,-3.201105039043732,0.0,0
base,no_hedge,110,110,-2.8023279170523026,0.0,0
base,no_hedge,111,111,2.8106773469827786,0.0,0
base,no_hedge,112,112,0.9366219577021369,0.0,0
base,no_hedge,113,113,-3.3960063294931118,0.0,0
base,no_hedge,114,114,2.8106773469827786,0.0,0
base,no_hedge,115,115,2.8106773469827786,0.0,0
base,no_hedge,116,116,2.8106773469827786,0.0,0
base,no_hedge,117,117,2.8106773469827786,0.0,0
base,no_hedge,118,118,1.6730165117506672,0.0,0
base,no_hedge,119,119,2.8106773469827786,0.0,0
base,no_hedge,120,120,-0.32159063888962436,0.0,0
base,no_hedge,121,121,2.8106773469827786,0.0,0
base,no_hedge,122,122,2.8106773469827786,0.0,0
base,no_hedge,123,123,-7.207252183115791,0.0,0
base,no_hedge,124,124,2.8106773469827786,0.0,0
base,no_hedge,125,125,2.8106773469827786,0.0,0
base,no_hedge,126,126,2.8106773469827786,0.0,0
base,no_hedge,127,127,2.8106773469827786,0.0,0
base,no_hedge,128,128,-0.7429574160815591,0.0,0
base,no_hedge,129,129,0.5364564508127998,0.0,0
base,no_hedge,130,130,2.8106773469827786,0.0,0
base,no_hedge,131,131,-9.208402382257653,0.0,0
base,no_hedge,132,132,2.8106773469827786,0.0,0
base,no_hedge,133,133,-2.19527176985104,0.0,0
base,no_hedge,134,134,2.8106773469827786,0.0,0
base,no_hedge,135,135,-1.7845011390275758,0.0,0
base,no_hedge,136,136,0.09877655543515829,0.0,0
base,no_hedge,137,137,2.8106773469827786,0.0,0
base,no_hedge,138,138,2.8106773469827786,0.0,0
base,no_hedge,139,139,2.8106773469827786,0.0,0
base,no_hedge,140,140,2.8106773469827786,0.0,0
base,no_hedge,141,141,2.3427192924980105,0.0,0
base,no_hedge,142,142,2.640967027131218,0.0,0
base,no_hedge,143,143,0.6306545554986158,0.0,0
base,no_hedge,144,144,2.8106773469827786,0.0,0
base,no_hedge,145,145,2.8106773469827786,0.0,0
base,no_hedge,146,146,2.8106773469827786,0.0,0
base,no_hedge,147,147,2.8106773469827786,0.0,0
base,no_hedge,148,148,0.9763069037139971,0.0,0
base,no_hedge,149,149,-0.9031537424725045,0.0,0
base,no_hedge,150,150,2.8106773469827786,0.0,0
base,no_hedge,151,151,-0.8232340522319035,0.0,0
base,no_hedge,152,152,2.8106773469827786,0.0,0
base,no_hedge,153,153,2.8106773469827786,0.0,0
base,no_hedge,154,154,2.8106773469827786,0.0,0
base,no_hedge,155,155,2.8106773469827786,0.0,0
base,no_hedge,156,156,0.5403234821583638,0.0,0
base,no_hedge,157,157,2.8106773469827786,0.0,0
base,no_hedge,158,158,2.8106773469827786,0.0,0
base,no_hedge,159,159,2.8106773469827786,0.0,0
base,no_hedge,160,160,-12.745709727138014,0.0,0
base,no_hedge,161,161,-9.971005265048568,0.0,0
base,no_hedge,162,162,2.8106773469827786,0.0,0
base,no_hedge,163,163,-6.92064394506685,0.0,0
base,no_hedge,164,164,2.8106773469827786,0.0,0
base,no_hedge,165,165,-1.0466020094167803,0.0,0
base,no_hedge,166,166,-14.975572959694539,0.0,0
base,no_hedge,167,167,2.4307772112765704,0.0,0
base,no_hedge,168,168,2.8106773469827786,0.0,0
base,no_hedge,169,169,-2.3380335314123286,0.0,0
base,no_hedge,170,170,-0.8087687741277207,0.0,0
base,no_hedge,171,171,2.6873055059481956,0.0,0
base,no_hedge,172,172,-1.5516071196743226,0.0,0
base,no_hedge,173,173,2.8106773469827786,0.0,0
base,no_hedge,174,174,2.8106773469827786,0.0,0
base,no_hedge,175,175,-5.837393820113213,0.0,0
base,no_hedge,176,176,2.8106773469827786,0.0,0
base,no_hedge,177,177,-6.73150577533341,0.0,0
base,no_hedge,178,178,2.8106773469827786,0.0,0
base,no_hedge,179,179,2.8106773469827786,0.0,0
base,no_hedge,180,180,-5.471422497290185,0.0,0
base,no_hedge,181,181,2.8106773469827786,0.0,0
base,no_hedge,182,182,0.7008173734051653,0.0,0
base,no_hedge,183,183,-2.9825088809716434,0.0,0
base,no_hedge,184,184,-11.013552846891024,0.0,0
base,no_hedge,185,185,2.8106773469827786,0.0,0
base,no_hedge,186,186,2.8106773469827786,0.0,0
base,no_hedge,187,187,-0.5141229135880181,0.0,0
base,no_hedge,188,188,-5.962390249544249,0.0,0
base,no_hedge,189,189,2.8106773469827786,0.0,0
base,no_hedge,190,190,0.485265957510741,0.0,0
base,no_hedge,191,191,2.8106773469827786,0.0,0
base,no_hedge,192,192,-0.7709049679241602,0.0,0
base,no_hedge,193,193,-1.8484261191014397,0.0,0
base,no_hedge,194,194,0.23927823551297678,0.0,0
base,no_hedge,195,195,-5.200475636497309,0.0,0
base,no_hedge,196,196,0.2351215696497846,0.0,0
base,no_hedge,197,197,2.8106773469827786,0.0,0
base,no_hedge,198,198,1.022369748630659,0.0,0
base,no_hedge,199,199,2.8106773469827786,0.0,0
base,no_hedge,200,200,2.8106773469827786,0.0,0
base,no_hedge,201,201,2.8106773469827786,0.0,0
base,no_hedge,202,202,-1.1588848805476673,0.0,0
base,no_hedge,203,203,-3.43130092166394,0.0,0
base,no_hedge,204,204,-3.4898101484483206,0.0,0
base,no_hedge,205,205,-2.0455373175251523,0.0,0
base,no_hedge,206,206,-2.622970537286882,0.0,0
base,no_hedge,207,207,-5.6498331147525604,0.0,0
base,no_hedge,208,208,-2.8245250767461485,0.0,0
base,no_hedge,209,209,2.8106773469827786,0.0,0
base,no_hedge,210,210,2.8106773469827786,0.0,0
base,no_hedge,211,211,-4.233347498041944,0.0,0
base,no_hedge,212,212,-4.642881178028382,0.0,0
base,no_hedge,213,213,-0.6638335098299919,0.0,0
base,no_hedge,214,214,-8.375258129561779,0.0,0
base,no_hedge,215,215,2.8106773469827786,0.0,0
base,no_hedge,216,216,-3.757646353254806,0.0,0
base,no_hedge,217,217,2.8106773469827786,0.0,0
base,no_hedge,218,218,2.8106773469827786,0.0,0
base,no_hedge,219,219,-0.38180807873042255,0.0,0
base,no_hedge,220,220,-2.149917822986147,0.0,0
base,no_hedge,221,221,2.8106773469827786,0.0,0
base,no_hedge,222,222,-0.10393286352397269,0.0,0
base,no_hedge,223,223,2.8106773469827786,0.0,0
base,no_hedge,224,224,-2.5758186048531613,0.0,0
base,no_hedge,225,225,2.8106773469827786,0.0,0
base,no_hedge,226,226,-2.5707089124183184,0.0,0
base,no_hedge,227,227,-0.45760087621626866,0.0,0
base,no_hedge,228,228,-4.720389568393394,0.0,0
base,no_hedge,229,229,-11.7492280348769,0.0,0
base,no_hedge,230,230,2.8106773469827786,0.0,0
base,no_hedge,231,231,-1.3641434312400307,0.0,0
base,no_hedge,232,232,-0.5542924438391097,0.0,0
base,no_hedge,233,233,-7.160464316170184,0.0,0
base,no_hedge,234,234,1.185287553114371,0.0,0
base,no_hedge,235,235,2.8106773469827786,0.0,0
base,no_hedge,236,236,2.415942967199392,0.0,0
base,no_hedge,237,237,-10.77811112077557,0.0,0
base,no_hedge,238,238,0.4314015593864937,0.0,0
base,no_hedge,239,239,-8.808137929245682,0.0,0
base,no_hedge,240,240,0.8446711291982396,0.0,0
base,no_hedge,241,241,-4.922912142735946,0.0,0
base,no_hedge,242,242,-8.094772592724347,0.0,0
base,no_hedge,243,243,2.8106773469827786,0.0,0
base,no_hedge,244,244,-6.918784258387369,0.0,0
base,no_hedge,245,245,2.8106773469827786,0.0,0
base,no_hedge,246,246,2.8106773469827786,0.0,0
base,no_hedge,247,247,2.8106773469827786,0.0,0
base,no_hedge,248,248,-10.718873735928518,0.0,0
base,no_hedge,249,249,-6.47137281800314,0.0,0
base,no_hedge,250,250,2.8106773469827786,0.0,0
base,no_hedge,251,251,2.8106773469827786,0.0,0
base,no_hedge,252,252,1.20102063531629,0.0,0
base,no_hedge,253,253,2.8106773469827786,0.0,0
base,no_hedge,254,254,2.8106773469827786,0.0,0
base,no_hedge,255,255,0.15820605322408454,0.0,0
base,no_hedge,256,256,2.8106773469827786,0.0,0
base,no_hedge,257,257,2.8106773469827786,0.0,0
base,no_hedge,258,258,2.8106773469827786,0.0,0
base,no_hedge,259,259,-5.874734804541951,0.0,0
base,no_hedge,260,260,-2.8491559908569926,0.0,0
base,no_hedge,261,261,2.8106773469827786,0.0,0
base,no_hedge,262,262,-8.947812770337684,0.0,0
base,no_hedge,263,263,0.048470804835766046,0.0,0
base,no_hedge,264,264,-3.1400658158340846,0.0,0
base,no_hedge,265,265,2.8106773469827786,0.0,0
base,no_hedge,266,266,1.473041166542977,0.0,0
base,no_hedge,267,267,2.8106773469827786,0.0,0
base,no_hedge,268,268,-7.348338489153612,0.0,0
base,no_hedge,269,269,-16.08525151777159,0.0,0
base,no_hedge,270,270,0.6775557013652431,0.0,0
base,no_hedge,271,271,2.8106773469827786,0.0,0
base,no_hedge,272,272,-2.171829540055249,0.0,0
base,no_hedge,273,273,2.8106773469827786,0.0,0
base,no_hedge,274,274,2.8106773469827786,0.0,0
base,no_hedge,275,275,-6.68014270306147,0.0,0
base,no_hedge,276,276,2.8106773469827786,0.0,0
base,no_hedge,277,277,2.8106773469827786,0.0,0
base,no_hedge,278,278,2.8106773469827786,0.0,0
base,no_hedge,279,279,2.8106773469827786,0.0,0
base,no_hedge,280,280,2.8106773469827786,0.0,0
base,no_hedge,281,281,2.8106773469827786,0.0,0
base,no_hedge,282,282,2.8106773469827786,0.0,0
base,no_hedge,283,283,0.5225096718409716,0.0,0
base,no_hedge,284,284,-11.588036950199204,0.0,0
base,no_hedge,285,285,2.8106773469827786,0.0,0
base,no_hedge,286,286,-6.222431222294325,0.0,0
base,no_hedge,287,287,2.8106773469827786,0.0,0
base,no_hedge,288,288,-0.2536856763709281,0.0,0
base,no_hedge,289,289,-15.746771139422371,0.0,0
base,no_hedge,290,290,-5.2687943710875444,0.0,0
base,no_hedge,291,291,-0.3678182291323182,0.0,0
base,no_hedge,292,292,2.8106773469827786,0.0,0
base,no_hedge,293,293,2.8106773469827786,0.0,0
base,no_hedge,294,294,2.579866427736995,0.0,0
base,no_hedge,295,295,2.8106773469827786,0.0,0
base,no_hedge,296,296,2.8106773469827786,0.0,0
base,no_hedge,297,297,2.8106773469827786,0.0,0
base,no_hedge,298,298,2.8106773469827786,0.0,0
base,no_hedge,299,299,2.8106773469827786,0.0,0
base,no_hedge,300,300,2.8106773469827786,0.0,0
base,no_hedge,301,301,2.8106773469827786,0.0,0
base,no_hedge,302,302,-0.6663536023743788,0.0,0
base,no_hedge,303,303,2.8106773469827786,0.0,0
base,no_hedge,304,304,-0.32823326259116214,0.0,0
base,no_hedge,305,305,2.8106773469827786,0.0,0
base,no_hedge,306,306,-6.612532711739171,0.0,0
base,no_hedge,307,307,-9.810000019236547,0.0,0
base,no_hedge,308,308,2.8106773469827786,0.0,0
base,no_hedge,309,309,-7.749877343301229,0.0,0
base,no_hedge,310,310,2.8106773469827786,0.0,0
base,no_hedge,311,311,-3.0992831674505155,0.0,0
base,no_hedge,312,312,1.326049476430164,0.0,0
base,no_hedge,313,313,0.07467385972572771,0.0,0
base,no_hedge,314,314,0.9834682533709369,0.0,0
base,no_hedge,315,315,2.8106773469827786,0.0,0
base,no_hedge,316,316,1.3916602205099977,0.0,0
base,no_hedge,317,317,-7.486022612745693,0.0,0
base,no_hedge,318,318,2.8106773469827786,0.0,0
base,no_hedge,319,319,2.8106773469827786,0.0,0
base,no_hedge,320,320,-8.723829038166592,0.0,0
base,no_hedge,321,321,2.8106773469827786,0.0,0
base,no_hedge,322,322,-0.7358023906220907,0.0,0
base,no_hedge,323,323,-13.889686528951337,0.0,0
base,no_hedge,324,324,-11.901048893679892,0.0,0
base,no_hedge,325,325,2.8106773469827786,0.0,0
base,no_hedge,326,326,2.8106773469827786,0.0,0
base,no_hedge,327,327,2.3133000817037797,0.0,0
base,no_hedge,328,328,2.8106773469827786,0.0,0
base,no_hedge,329,329,2.8106773469827786,0.0,0
base,no_hedge,330,330,-6.633350895436273,0.0,0
base,no_hedge,331,331,-4.127780958066147,0.0,0
base,no_hedge,332,332,2.8106773469827786,0.0,0
base,no_hedge,333,333,-7.324815225803981,0.0,0
base,no_hedge,334,334,2.8106773469827786,0.0,0
base,no_hedge,335,335,-0.46533797644192276,0.0,0
base,no_hedge,336,336,2.8106773469827786,0.0,0
base,no_hedge,337,337,-0.714508645159647,0.0,0
base,no_hedge,338,338,2.8106773469827786,0.0,0
base,no_hedge,339,339,1.9002658248429114,0.0,0
base,no_hedge,340,340,2.8106773469827786,0.0,0
base,no_hedge,341,341,-5.775339501750672,0.0,0
base,no_hedge,342,342,-1.5218419814122015,0.0,0
base,no_hedge,343,343,-10.17964942909824,0.0,0
base,no_hedge,344,344,0.9676177878005703,0.0,0
base,no_hedge,345,345,-1.2228689446562058,0.0,0
base,no_hedge,346,346,2.8106773469827786,0.0,0
base,no_hedge,347,347,2.8106773469827786,0.0,0
base,no_hedge,348,348,-6.629097665008111,0.0,0
base,no_hedge,349,349,2.8106773469827786,0.0,0
base,no_hedge,350,350,2.1104745942608716,0.0,0
base,no_hedge,351,351,2.8106773469827786,0.0,0
base,no_hedge,352,352,2.494677144551524,0.0,0
base,no_hedge,353,353,2.8106773469827786,0.0,0
base,no_hedge,354,354,2.8106773469827786,0.0,0
base,no_hedge,355,355,-4.425536150559616,0.0,0
base,no_hedge,356,356,2.8106773469827786,0.0,0
base,no_hedge,357,357,-5.616162065777196,0.0,0
base,no_hedge,358,358,-7.288492529011258,0.0,0
base,no_hedge,359,359,-8.39414785984193,0.0,0
base,no_hedge,360,360,2.8106773469827786,0.0,0
base,no_hedge,361,361,2.8106773469827786,0.0,0
base,no_hedge,362,362,-1.2230833265305634,0.0,0
base,no_hedge,363,363,2.8106773469827786,0.0,0
base,no_hedge,364,364,-7.632824547920343,0.0,0
base,no_hedge,365,365,2.8106773469827786,0.0,0
base,no_hedge,366,366,-2.3077931180358107,0.0,0
base,no_hedge,367,367,-1.0696860619995263,0.0,0
base,no_hedge,368,368,-3.9034999956673246,0.0,0
base,no_hedge,369,369,2.8106773469827786,0.0,0
base,no_hedge,370,370,2.0833003197004913,0.0,0
base,no_hedge,371,371,2.8106773469827786,0.0,0
base,no_hedge,372,372,0.20789242028940436,0.0,0
base,no_hedge,373,373,2.8106773469827786,0.0,0
base,no_hedge,374,374,2.8106773469827786,0.0,0
base,no_hedge,375,375,-11.531221392977038,0.0,0
base,no_hedge,376,376,0.22192605001470866,0.0,0
base,no_hedge,377,377,0.5739661763243973,0.0,0
base,no_hedge,378,378,2.8106773469827786,0.0,0
base,no_hedge,379,379,2.8106773469827786,0.0,0
base,no_hedge,380,380,2.8106773469827786,0.0,0
base,no_hedge,381,381,2.8106773469827786,0.0,0
base,no_hedge,382,382,-3.4682832014607428,0.0,0
base,no_hedge,383,383,2.8106773469827786,0.0,0
base,no_hedge,384,384,-2.32072620652486,0.0,0
base,no_hedge,385,385,-0.07886034004980758,0.0,0
base,no_hedge,386,386,2.8106773469827786,0.0,0
base,no_hedge,387,387,-5.785827284838369,0.0,0
base,no_hedge,388,388,-6.926245450900602,0.0,0
base,no_hedge,389,389,-1.118465272511493,0.0,0
base,no_hedge,390,390,1.7247239121216253,0.0,0
base,no_hedge,391,391,2.8106773469827786,0.0,0
base,no_hedge,392,392,-1.4327058537320099,0.0,0
base,no_hedge,393,393,2.8106773469827786,0.0,0
base,no_hedge,394,394,2.8106773469827786,0.0,0
base,no_hedge,395,395,2.8106773469827786,0.0,0
base,no_hedge,396,396,2.4282618336654522,0.0,0
base,no_hedge,397,397,2.8106773469827786,0.0,0
base,no_hedge,398,398,2.8106773469827786,0.0,0
base,no_hedge,399,399,1.7830535771803753,0.0,0
base,no_hedge,400,400,2.8106773469827786,0.0,0
base,no_hedge,401,401,-2.2447407915069064,0.0,0
base,no_hedge,402,402,0.8764451788393544,0.0,0
base,no_hedge,403,403,-3.35666237447996,0.0,0
base,no_hedge,404,404,2.8106773469827786,0.0,0
base,no_hedge,405,405,-5.783672727521996,0.0,0
base,no_hedge,406,406,-2.8906224320932026,0.0,0
base,no_hedge,407,407,2.8106773469827786,0.0,0
base,no_hedge,408,408,-3.974779857385265,0.0,0
base,no_hedge,409,409,2.8106773469827786,0.0,0
base,no_hedge,410,410,2.8106773469827786,0.0,0
base,no_hedge,411,411,2.4494302560667833,0.0,0
base,no_hedge,412,412,2.8106773469827786,0.0,0
base,no_hedge,413,413,2.457861473263442,0.0,0
base,no_hedge,414,414,-0.27772581244402517,0.0,0
base,no_hedge,415,415,2.022899477249446,0.0,0
base,no_hedge,416,416,2.7264996923554534,0.0,0
base,no_hedge,417,417,2.4916221503382943,0.0,0
base,no_hedge,418,418,2.8106773469827786,0.0,0
base,no_hedge,419,419,2.5437702748173834,0.0,0
base,no_hedge,420,420,0.36871405102103694,0.0,0
base,no_hedge,421,421,0.2758030529305202,0.0,0
base,no_hedge,422,422,-4.2171797742201775,0.0,0
base,no_hedge,423,423,2.8106773469827786,0.0,0
base,no_hedge,424,424,-9.990670204273805,0.0,0
base,no_hedge,425,425,0.49178642419058605,0.0,0
base,no_hedge,426,426,2.8106773469827786,0.0,0
base,no_hedge,427,427,2.8106773469827786,0.0,0
base,no_hedge,428,428,2.8106773469827786,0.0,0
base,no_hedge,429,429,2.8106773469827786,0.0,0
base,no_hedge,430,430,0.7558669974633929,0.0,0
base,no_hedge,431,431,1.5464187361369923,0.0,0
base,no_hedge,432,432,2.8106773469827786,0.0,0
base,no_hedge,433,433,2.8106773469827786,0.0,0
base,no_hedge,434,434,-1.4116030734929623,0.0,0
base,no_hedge,435,435,-4.57305980557836,0.0,0
base,no_hedge,436,436,-5.437384843797581,0.0,0
base,no_hedge,437,437,2.2569605704372364,0.0,0
base,no_hedge,438,438,2.8106773469827786,0.0,0
base,no_hedge,439,439,-3.511629530786074,0.0,0
base,no_hedge,440,440,-2.866281938088811,0.0,0
base,no_hedge,441,441,0.4476203736343862,0.0,0
base,no_hedge,442,442,-10.78332386324562,0.0,0
base,no_hedge,443,443,2.8106773469827786,0.0,0
base,no_hedge,444,444,2.8106773469827786,0.0,0
base,no_hedge,445,445,-16.274866275453896,0.0,0
base,no_hedge,446,446,2.8106773469827786,0.0,0
base,no_hedge,447,447,0.9189574555024436,0.0,0
base,no_hedge,448,448,2.8106773469827786,0.0,0
base,no_hedge,449,449,2.8106773469827786,0.0,0
base,delta,0,0,-0.27976260827130195,0.20531891460710272,30
base,delta,1,1,-0.9171791305806667,0.24664794725416225,30
base,delta,2,2,-0.1879392296339477,0.3354288777335877,30
base,delta,3,3,1.822222158744573,0.23360661709277855,30
base,delta,4,4,1.227920368851288,0.3278084597115726,30
base,delta,5,5,0.5659786219757942,0.2239033638688529,30
base,delta,6,6,-1.8162211135722117,0.18476350406860284,30
base,delta,7,7,-0.4898969490151199,0.1532231905213077,28
base,delta,8,8,1.4380928423919563,0.2665031146021327,30
base,delta,9,9,-0.14056974491084873,0.22902130115710326,30
base,delta,10,10,0.3273260322076121,0.14627480001583285,30
base,delta,11,11,-1.479337543480056,0.2451352824860875,30
base,delta,12,12,-0.39780022458941744,0.2328583287148231,30
base,delta,13,13,1.5880193029883714,0.2103769520204629,29
base,delta,14,14,0.6850395920724139,0.32726236584080676,30
base,delta,15,15,-0.7561479175150225,0.21425348422666682,30
base,delta,16,16,0.5591118443489052,0.25779609693227734,30
base,delta,17,17,-0.5111587665048335,0.16125491071239179,30
base,delta,18,18,0.13956187420686206,0.14841853053743273,28
base,delta,19,19,-1.0710932969542302,0.2788158103256521,30
base,delta,20,20,-1.3352201007507252,0.22554152456122173,30
base,delta,21,21,-1.9173757612273477,0.25657845274062613,30
base,delta,22,22,-0.14875157427411434,0.35270838045317776,30
base,delta,23,23,0.35369181402024097,0.22616907909708564,30
base,delta,24,24,-0.17505796391170092,0.2695526179835268,30
base,delta,25,25,-0.3953615003148627,0.20471874886353358,30
base,delta,26,26,0.27030020076161776,0.3412408052081505,30
base,delta,27,27,-0.8100522582880624,0.16611130587442588,29
base,delta,28,28,0.32668163508398607,0.2685066104865616,30
base,delta,29,29,-1.8084633744362577,0.23451800328620045,30
base,delta,30,30,-0.25785106009506364,0.14503720523725142,30
base,delta,31,31,0.06764887587119972,0.24547528962556164,30
base,delta,32,32,-0.9967339389500047,0.27186215034144895,30
base,delta,33,33,1.2951760532391345,0.2934788606051222,30
base,delta,34,34,1.3184884349454649,0.2102853990612246,30
base,delta,35,35,0.1866432497267354,0.34543767121601576,30
base,delta,36,36,0.7312086116965533,0.1858673404765476,30
base,delta,37,37,0.017443304352831257,0.23647817547032066,30
base,delta,38,38,-0.8009848120079681,0.24113753886574282,30
base,delta,39,39,0.7740528553301331,0.26931836824683675,30
base,delta,40,40,0.8760186241399553,0.16708345791421664,30
base,delta,41,41,-0.14809766709493033,0.276252565464575,30
base,delta,42,42,0.6558435373661666,0.2475777141625216,30
base,delta,43,43,-0.26733515442216155,0.20833483946547318,30
base,delta,44,44,0.6470727547126387,0.20462399216428723,30
base,delta,45,45,0.2967365780644006,0.18595732520372318,30
base,delta,46,46,-0.9703746120167551,0.2829566296636643,30
base,delta,47,47,-2.105899847596664,0.2666390677442879,30
base,delta,48,48,-0.9079295662237854,0.14432072946471952,30
base,delta,49,49,-2.2348167493556446,0.22155137716197176,29
base,delta,50,50,-0.3038845590949172,0.16760834679465275,28
base,delta,51,51,0.8218196810847331,0.36920936367578144,30
base,delta,52,52,0.2217288924429539,0.22953726561030552,30
base,delta,53,53,0.21514079836677524,0.20866691229134435,30
base,delta,54,54,0.5528832605839256,0.23813210015701994,30
base,delta,55,55,1.2639969326293823,0.3386718670166167,30
base,delta,56,56,-1.5454547938634136,0.21564618368020502,30
base,delta,57,57,-0.6060233810683116,0.2180157102639416,30
base,delta,58,58,-0.46156700493511105,0.11186692240482196,30
base,delta,59,59,-1.51161966817223,0.16509325764071509,30
base,delta,60,60,-0.29661626407147423,0.15627925199339235,29
base,delta,61,61,0.19774367361513612,0.3347769680915659,30
base,delta,62,62,0.5682622115823664,0.11648091274987488,30
base,delta,63,63,-2.2864011007414575,0.13323505241807948,27
base,delta,64,64,0.231106275547301,0.22829370609850838,30
base,delta,65,65,-0.36532580421314265,0.2764417611125411,30
base,delta,66,66,-0.16089586553156376,0.2879135080685358,30
base,delta,67,67,0.8086642237132651,0.2830218634107692,30
base,delta,68,68,-0.5109812091432246,0.1569909388159105,30
base,delta,69,69,-0.18486653401230058,0.16594210241295457,30
base,delta,70,70,1.4925393662047668,0.2174256115476943,30
base,delta,71,71,1.1993074003629118,0.25354459068745333,30
base,delta,72,72,0.34371398968418987,0.2909529271833854,30
base,delta,73,73,-0.3859151207586151,0.2306393128306254,30
base,delta,74,74,-0.12350388294034076,0.18348764509209256,30
base,delta,75,75,-0.5674508948345505,0.19565521346407622,30
base,delta,76,76,-1.2738171327154362,0.15985675232831395,30
base,delta,77,77,0.08147241751172549,0.2527532469249709,30
base,delta,78,78,-0.7135301015527347,0.13727718900301192,25
base,delta,79,79,1.1283679982235233,0.2737332283863122,30
base,delta,80,80,0.20532432712675863,0.26816144206634784,30
base,delta,81,81,-0.589791518390399,0.13141957883027183,30
base,delta,82,82,-0.6723960504748292,0.20455462419117598,30
base,delta,83,83,0.5089236430409301,0.2188941790109935,30
base,delta,84,84,0.37913569757738047,0.1881990556759454,30
base,delta,85,85,0.3987713635529256,0.14094519449289641,30
base,delta,86,86,-0.5796092301520019,0.27510152916468494,30
base,delta,87,87,0.1728119888599714,0.2635175272159002,30
base,delta,88,88,0.48293790741082177,0.273567010055075,30
base,delta,89,89,0.5637685255436011,0.27047337750410455,30
base,delta,90,90,0.15856439636299058,0.15377720148109447,30
base,delta,91,91,-0.5156139625545819,0.1789537957850261,30
base,delta,92,92,0.3417824995847363,0.1473678561593397,30
base,delta,93,93,0.10301360288886485,0.17355245365236172,30
base,delta,94,94,-0.2922614719373559,0.14194503488759322,30
base,delta,95,95,0.5372579909731101,0.23213301095003439,30
base,delta,96,96,-0.8238901548074438,0.229127437004744,30
base,delta,97,97,-1.0382836780887246,0.16693595709877082,30
base,delta,98,98,1.132009383402334,0.16188519356327558,30
base,delta,99,99,0.8263912113768299,0.21653922410265528,30
base,delta,100,100,-0.3450106415285177,0.1671045162311448,30
base,delta,101,101,0.17747649900343276,0.29791678593744364,30
base,delta,102,102,-1.9124215326239806,0.21086404068897371,30
base,delta,103,103,0.7645067010326101,0.14260722437180673,30
base,delta,104,104,-0.09021714041658413,0.14670632185472393,28
base,delta,105,105,-1.5795943496464702,0.232942127147524,30
base,delta,106,106,1.3614384741827479,0.23466061465789873,30
base,delta,107,107,1.5823593049374693,0.3401716535878475,30
base,delta,108,108,-0.8513233896956365,0.1961641810995983,29
base,delta,109,109,-0.46132571527921584,0.18547939985254602,30
base,delta,110,110,-1.6835830679838608,0.2872542195719217,30
base,delta,111,111,0.4739804067845953,0.23094799626415785,30
base,delta,112,112,0.2304602925903083,0.31576446966508104,30
base,delta,113,113,-2.1635322622571636,0.2772612305184226,30
base,delta,114,114,-0.444835713546791,0.22591649455970675,30
base,delta,115,115,0.9317439881586015,0.11480084377984207,29
base,delta,116,116,-0.864962893420961,0.25194625718194946,30
base,delta,117,117,0.4630953591592304,0.2633366262609459,30
base,delta,118,118,-0.5534339938664061,0.2866406668127028,30
base,delta,119,119,-1.2228091630969984,0.17321265317996365,30
base,delta,120,120,0.38568269188462523,0.24576939613404042,30
base,delta,121,121,0.10789894501814301,0.2645241037961258,30
base,delta,122,122,0.973371915589857,0.19227400349355986,30
base,delta,123,123,0.3580212914286989,0.21384525932838996,29
base,delta,124,124,0.15137484898165535,0.2608661142408319,30
base,delta,125,125,1.0214104492258265,0.09896053716659,27
base,delta,126,126,-1.5272050986450632,0.19520366968997388,29
base,delta,127,127,2.5846305321880365,0.29977669476153374,30
base,delta,128,128,0.48878845803969284,0.24507991836005624,30
base,delta,129,129,-0.06752671599026883,0.25795277881975326,30
base,delta,130,130,-0.15799250323145747,0.2011943174880197,30
base,delta,131,131,-1.3352298993454639,0.20175901612318076,30
base,delta,132,132,-0.28217787816725165,0.15943700119421522,30
base,delta,133,133,-2.4593681615827734,0.2567047262241321,30
base,delta,134,134,-0.12274324650672841,0.15662037005975107,30
base,delta,135,135,-0.07245478644124148,0.3100121296136318,30
base,delta,136,136,1.4714241799813834,0.252384873100904,30
base,delta,137,137,0.04586745736859119,0.16130737972529618,29
base,delta,138,138,0.08802409793241284,0.15369954989756393,30
base,delta,139,139,0.8350555502475223,0.2909611142309469,30
base,delta,140,140,-0.6208021759612876,0.2845935241708999,30
base,delta,141,141,-1.0025149296648515,0.2886564860096559,30
base,delta,142,142,1.7619469768829705,0.30652847997460103,30
base,delta,143,143,-1.5142216413223366,0.25518019723539903,30
base,delta,144,144,0.708888939572276,0.2036756588790583,30
base,delta,145,145,-0.8357482076064021,0.1777407037274385,30
base,delta,146,146,-0.2807969350550479,0.11795963925844695,26
base,delta,147,147,-1.0881178013421011,0.23210659561951125,30
base,delta,148,148,-2.3719780383660094,0.29624140192593856,30
base,delta,149,149,0.2731574996019219,0.19430932605183018,30
base,delta,150,150,-0.4605662040531744,0.29427536561783835,30
base,delta,151,151,0.8503802505748581,0.21995631261924065,30
base,delta,152,152,0.24498173025985848,0.17973526870233464,30
base,delta,153,153,0.1836166204199978,0.23341232163992184,30
base,delta,154,154,0.2665638958302431,0.17674521746753055,30
base,delta,155,155,0.649609880006358,0.2405365099893868,30
base,delta,156,156,0.2619619623405498,0.2437714373985806,30
base,delta,157,157,0.19636847041584624,0.23237736332964964,29
base,delta,158,158,0.027970865070134146,0.14645435335773418,28
base,delta,159,159,1.2505459681202755,0.25461125010577074,30
base,delta,160,160,-0.38066551325017883,0.16578454214807528,28
base,delta,161,161,-1.4944467962050965,0.14108005961809672,27
base,delta,162,162,0.12004700934730908,0.21647021636658054,30
base,delta,163,163,-0.7643762272575003,0.13984758978505363,29
base,delta,164,164,-0.8088423321859892,0.32282860414373793,30
base,delta,165,165,-0.6105537089997881,0.2920535954195097,30
base,delta,166,166,-2.073390783541072,0.18655538368504576,26
base,delta,167,167,1.3152555253719314,0.27407080499650666,30
base,delta,168,168,-0.3454905844882642,0.2251389293930103,30
base,delta,169,169,-0.44578226366260765,0.23895860446248382,30
base,delta,170,170,-1.5348515061544674,0.14601146348874014,30
base,delta,171,171,0.746727120990581,0.2248335806700481,30
base,delta,172,172,1.1954736162050352,0.2836872419628306,30
base,delta,173,173,0.23914878913234627,0.23969195721754621,30
base,delta,174,174,-0.481237046981652,0.1535481633247571,30
base,delta,175,175,-0.9870399362009294,0.16229957756550212,30
base,delta,176,176,-0.813291619330146,0.16238925838930426,30
base,delta,177,177,0.45074014531937223,0.18304979983038297,29
base,delta,178,178,-0.3600542030042377,0.15871351516394594,30
base,delta,179,179,-0.38531736592615107,0.2378635995432612,30
base,delta,180,180,-0.13205288827955997,0.32475153082552616,30
base,delta,181,181,1.0757151550582957,0.22988053909408357,30
base,delta,182,182,-0.8240146270330229,0.30362507855302273,30
base,delta,183,183,-1.7199407087661314,0.3015483144420194,30
base,delta,184,184,-0.7769644220234824,0.14275490947701316,29
base,delta,185,185,-0.2301626108100301,0.3007189899631598,30
base,delta,186,186,-0.6191875348493355,0.16965235336558102,30
base,delta,187,187,-1.1629646525975375,0.20752024095890576,30
base,delta,188,188,0.28423731618096326,0.2507825206699346,30
base,delta,189,189,-0.2793062119741796,0.2664758791127828,30
base,delta,190,190,-4.276265362251706,0.4335787644800971,30
base,delta,191,191,0.49297818021773654,0.20239827423301948,30
base,delta,192,192,-0.7787985968252826,0.23375913363472647,30
base,delta,193,193,-0.524022007371272,0.152010706397386,30
base,delta,194,194,-0.9944600487106641,0.16330106661434327,30
base,delta,195,195,-1.0555983034843877,0.2336260634315801,30
base,delta,196,196,-0.8362603242257904,0.29627650584221726,30
base,delta,197,197,-0.07717486147362473,0.2678412752591979,30
base,delta,198,198,1.7571848216798998,0.2565887991328249,30
base,delta,199,199,-1.0606837237736015,0.1920481872500477,30
base,delta,200,200,0.8473109186972358,0.204135095384111,30
base,delta,201,201,-0.3738666258947721,0.2521820636902789,30
base,delta,202,202,0.37508753476427614,0.21665199821280826,30
base,delta,203,203,-0.8783396243660206,0.28138747348264975,30
base,delta,204,204,-0.7642381939793239,0.25936251167578556,30
base,delta,205,205,-1.8680549705396459,0.11163680816613203,30
base,delta,206,206,-0.14295294631033073,0.22347142434912834,30
base,delta,207,207,-0.5082789765082367,0.26916059784519547,30
base,delta,208,208,-0.1406840606812665,0.24192985009536344,30
base,delta,209,209,0.03798290124053121,0.13125851541947475,29
base,delta,210,210,-0.36176676748609304,0.2810629711959635,30
base,delta,211,211,-0.39295244480669567,0.21885760581529332,30
base,delta,212,212,1.3513580605695807,0.19142325263491233,30
base,delta,213,213,0.1395289701355722,0.3021915104220796,30
base,delta,214,214,-0.35032527470825414,0.13573452060101326,28
base,delta,215,215,-0.04475797598866939,0.17724693159640645,30
base,delta,216,216,-2.1551814602344734,0.1333529597945281,30
base,delta,217,217,1.071131642021395,0.2565732824844783,30
base,delta,218,218,0.4731564298723013,0.14937141074541735,29
base,delta,219,219,0.22183752306068527,0.29379882368679594,30
base,delta,220,220,-0.2038798857783206,0.17549380771482287,30
base,delta,221,221,0.7038677201862242,0.3066551975727346,30
base,delta,222,222,-2.7306705215108735,0.3642948677270579,30
base,delta,223,223,0.11025667320754125,0.20388631052093212,30
base,delta,224,224,-0.4218683842522637,0.2560552663139574,30
base,delta,225,225,-0.1692927066444064,0.2006531063091521,30
base,delta,226,226,-1.2915836006958301,0.2132935516059064,30
base,delta,227,227,-0.23017207416988583,0.18879770529694265,30
base,delta,228,228,-1.5823498733768986,0.20856901608696946,30
base,delta,229,229,-0.18824401091892184,0.1558505512424169,28
base,delta,230,230,-0.5185064093069075,0.257168918232657,30
base,delta,231,231,-1.6862626287248617,0.2721463132825078,30
base,delta,232,232,-0.21895086112111528,0.26125081990267657,30
base,delta,233,233,-1.836237278002855,0.15281614365365387,30
base,delta,234,234,-1.2867965211275774,0.3098482792241732,30
base,delta,235,235,-0.9761971940049133,0.278762308443873,30
base,delta,236,236,-1.3814538097538218,0.2741686681806447,30
base,delta,237,237,-0.26151525295462363,0.1412845836329038,27
base,delta,238,238,1.466073902292763,0.22407440361278988,30
base,delta,239,239,0.13925963526813234,0.20590922815460597,28
base,delta,240,240,1.2573917294468941,0.28627342833913155,30
base,delta,241,241,-0.4981934063217892,0.22207301983891198,30
base,delta,242,242,0.09594129268224094,0.19462851776130533,27
base,delta,243,243,0.08254831820515918,0.26394416254415554,30
base,delta,244,244,-0.7890885377014882,0.14444997023332598,30
base,delta,245,245,-0.7172639200061077,0.29976633183647217,30
base,delta,246,246,0.29508377108243317,0.1740283676998851,29
base,delta,247,247,-2.595975747329242,0.32079325113523777,30
base,delta,248,248,-1.3473942498484774,0.16540978666482725,29
base,delta,249,249,-1.6881974823570403,0.14544415334449415,30
base,delta,250,250,-0.022623256562948058,0.22936969440621496,30
base,delta,251,251,0.03408401556560172,0.20018217504949948,30
base,delta,252,252,1.7819284611082082,0.25293577850194554,30
base,delta,253,253,-0.1068795495588688,0.2565945826720175,30
base,delta,254,254,-0.235704286564397,0.10299510205274989,25
base,delta,255,255,0.8968324802844734,0.2813926606001542,30
base,delta,256,256,-1.1740747341591264,0.27648993490391877,30
base,delta,257,257,0.5424237258603353,0.20120982797284745,30
base,delta,258,258,0.4961960361427472,0.14884143959808924,30
base,delta,259,259,-0.13444571096744085,0.17440268595472555,30
base,delta,260,260,-1.99926985903015,0.26025219909270275,30
base,delta,261,261,-1.0439947146106203,0.2770977748005376,30
base,delta,262,262,-0.8272095420650629,0.2004285234081581,29
base,delta,263,263,-1.106304703960518,0.15463838438363645,30
base,delta,264,264,-0.409941629067049,0.1896109532229726,30
base,delta,265,265,-1.4109152653915364,0.3124257290589802,30
base,delta,266,266,0.34257936411120404,0.2857528561853893,30
base,delta,267,267,-0.643800959424266,0.19497148836525108,30
base,delta,268,268,-0.2611309292481536,0.18203261580841212,30
base,delta,269,269,-0.5496643482498484,0.13051626321370763,27
base,delta,270,270,0.01956698127355594,0.30591849571941293,30
base,delta,271,271,0.7688124933035341,0.12616284276493298,30
base,delta,272,272,-1.8815255110102385,0.26451096517186823,30
base,delta,273,273,-1.3048808680122488,0.2614150045068292,30
base,delta,274,274,0.03834024382107677,0.15340387446801884,30
base,delta,275,275,-1.7692082772050526,0.13320837769762395,29
base,delta,276,276,0.4145877717418309,0.17677571756971877,30
base,delta,277,277,-0.2837047855762247,0.3265406703669273,30
base,delta,278,278,-0.9074881079833157,0.16354859522334247,30
base,delta,279,279,-0.05885359797796485,0.13273875283566036,30
base,delta,280,280,-0.6064979170024658,0.23267327895796266,30
base,delta,281,281,-1.8716461981029557,0.23066916986845507,30
base,delta,282,282,0.0005135169485607173,0.11164766098888414,27
base,delta,283,283,1.3485912232618347,0.23119115061190346,30
base,delta,284,284,0.05823923556600619,0.14914049406736268,27
base,delta,285,285,-2.4268932334930935,0.352526482096152,30
base,delta,286,286,-0.3211375085748216,0.13208222327179758,30
base,delta,287,287,1.5926627149955976,0.3151188433572091,30
base,delta,288,288,-0.30228542884491105,0.2083702253609366,30
base,delta,289,289,-2.029972918930298,0.14125028463115677,26
base,delta,290,290,-0.07687059394574192,0.2324272448536826,30
base,delta,291,291,1.2660776776095446,0.25277046357528066,30
base,delta,292,292,-0.4467090897519879,0.2981274101930576,30
base,delta,293,293,0.8794404621451068,0.26372382734675703,30
base,delta,294,294,1.0392041321866685,0.3460715876515169,30
base,delta,295,295,-1.2667219722552758,0.34329077241053796,30
base,delta,296,296,1.5503208208455925,0.2852504671418723,30
base,delta,297,297,-0.5607935334612573,0.18010832255908688,30
base,delta,298,298,-2.5628380807668707,0.26095988853196433,30
base,delta,299,299,-0.37066235960466926,0.17930357850196066,29
base,delta,300,300,0.7103557704419146,0.12623883542742348,30
base,delta,301,301,0.33621959654506983,0.1049654707924512,29
base,delta,302,302,-0.8879894357724964,0.26676527192758076,30
base,delta,303,303,0.2068740664157035,0.239788660774105,30
base,delta,304,304,-1.2552105900667954,0.30631375699450847,30
base,delta,305,305,0.8021819687478358,0.2644591427619701,30
base,delta,306,306,0.5553408526154868,0.23707292647867803,30
base,delta,307,307,-1.786169625297262,0.23983229678979764,30
base,delta,308,308,-0.5989759666007541,0.2514530954933773,30
base,delta,309,309,-2.7779478170949545,0.2625626858691507,30
base,delta,310,310,0.4739381906041018,0.2552423896924655,30
base,delta,311,311,-0.018184617359935373,0.2424505983845698,30
base,delta,312,312,-0.9501572288655211,0.31569552410361185,30
base,delta,313,313,-1.1626215517107426,0.3459857927073589,30
base,delta,314,314,0.15502586813028074,0.2579101923662159,30
base,delta,315,315,-1.4493790572896668,0.1749587240792578,30
base,delta,316,316,0.09507302399399009,0.24793213519694604,30
base,delta,317,317,0.3674702660515976,0.16769851227246227,29
base,delta,318,318,-0.19538878690533712,0.2863614010289377,30
base,delta,319,319,0.7169362516997992,0.2718004002368168,30
base,delta,320,320,-0.5440215652787259,0.14982953986780892,29
base,delta,321,321,0.45051450496628415,0.2358486544792573,30
base,delta,322,322,-1.1718695109930621,0.256594548259283,30
base,delta,323,323,-1.9177797177145948,0.12125351853610976,28
base,delta,324,324,-2.609396428022009,0.14330442743893734,26
base,delta,325,325,-0.14522361765803338,0.21722197104371588,30
base,delta,326,326,-0.610903941376844,0.1785286079498229,30
base,delta,327,327,-0.42245036044855055,0.23934451991638467,30
base,delta,328,328,-0.04791821361218077,0.2529540236291912,30
base,delta,329,329,0.3709009694991039,0.24090090934322078,30
base,delta,330,330,-0.4182045976620259,0.12305832575344926,30
base,delta,331,331,-1.753531060412456,0.23660815705153343,30
base,delta,332,332,-1.3079126165959978,0.2689006486193827,30
base,delta,333,333,-2.0176399470588535,0.20317233297535833,29
base,delta,334,334,-0.6806593226759142,0.1252048764637608,28
base,delta,335,335,0.8429337179883589,0.22625158386252484,30
base,delta,336,336,0.5364130161851932,0.29692968502647626,30
base,delta,337,337,0.7067907920033178,0.2365265302344467,30
base,delta,338,338,-0.4792255067691989,0.18345674287912594,30
base,delta,339,339,1.0310365234428787,0.1825658816797839,30
base,delta,340,340,-0.7174638693400607,0.2647257545429734,30
base,delta,341,341,0.03950161834144694,0.18865227100144863,30
base,delta,342,342,-0.3861451142556831,0.16635842821684563,30
base,delta,343,343,-0.9080228727551116,0.1490032806579013,29
base,delta,344,344,0.4314090200098235,0.33804772694916735,30
base,delta,345,345,-0.2183225883663198,0.22972434295448677,30
base,delta,346,346,1.1659935850184397,0.18822016133597894,30
base,delta,347,347,-0.6220034588360194,0.1194248147030903,29
base,delta,348,348,0.008747070547059366,0.20504196526797303,30
base,delta,349,349,-1.177991940784029,0.27535194083821846,30
base,delta,350,350,0.05680407153804623,0.27486384818804177,30
base,delta,351,351,0.24679687920685656,0.2784911387324131,30
base,delta,352,352,1.4512537735141784,0.3140241162292556,30
base,delta,353,353,0.1743768920399341,0.27611453563496313,30
base,delta,354,354,0.3630494304232201,0.1472214209976899,30
base,delta,355,355,0.4664432256722506,0.2632231361453961,30
base,delta,356,356,-0.5422765921973369,0.2498485306811781,30
base,delta,357,357,-0.28466900953233676,0.14585025985578887,30
base,delta,358,358,0.5108230478577127,0.16854457932129943,30
base,delta,359,359,0.7177575722805045,0.16575739215449684,30
base,delta,360,360,-0.026079509994075246,0.1548652659676423,28
base,delta,361,361,-0.9046523615723034,0.284570405854094,30
base,delta,362,362,-1.4380286491805663,0.22758637491233505,30
base,delta,363,363,0.5308947253657137,0.25578308643648934,30
base,delta,364,364,0.08018487555541753,0.20787319189011924,29
base,delta,365,365,0.2640727520398103,0.18309472945571248,30
base,delta,366,366,-0.7651466330429315,0.18095310149264468,30
base,delta,367,367,-0.563576500547029,0.197930390059776,30
base,delta,368,368,0.9182925524687988,0.26630170308029516,30
base,delta,369,369,-1.5567740973878212,0.1948823154006545,30
base,delta,370,370,0.315859934215009,0.31594715469875884,30
base,delta,371,371,-0.10634973866201136,0.3364254122957656,30
base,delta,372,372,0.027899361044219972,0.16032975574344435,30
base,delta,373,373,-0.5305654072734558,0.20303733569274143,30
base,delta,374,374,-0.5293399651918113,0.2588342790589023,30
base,delta,375,375,-0.9443967620594833,0.1530720934482929,28
base,delta,376,376,-1.658360294778987,0.30917585138224285,30
base,delta,377,377,0.8135505987531246,0.3217422894735162,30
base,delta,378,378,0.33359327929816507,0.1873327603637969,30
base,delta,379,379,-0.6362119308301314,0.29314471274785403,30
base,delta,380,380,0.3736254846232758,0.16810252695976505,30
base,delta,381,381,0.27710776468029535,0.22399617125985025,30
base,delta,382,382,0.4840793226702118,0.15120971594268384,30
base,delta,383,383,-0.011023563081654196,0.2121802217583177,30
base,delta,384,384,-0.6185308677579542,0.20315857101213666,30
base,delta,385,385,0.34082527476080315,0.27570739314429127,30
base,delta,386,386,-1.2806804379912162,0.21422473920559612,30
base,delta,387,387,-0.694116100898043,0.1424690626305208,30
base,delta,388,388,-0.11436177657898838,0.18943630222815322,30
base,delta,389,389,0.40476463005663277,0.26043083339233647,30
base,delta,390,390,-0.15040926556326895,0.19252921477460394,30
base,delta,391,391,-0.9222498120336979,0.31562757101157346,30
base,delta,392,392,-0.10390446742793813,0.14314807303540028,30
base,delta,393,393,1.2577560604932039,0.2862488864320174,30
base,delta,394,394,-0.9738828543988279,0.24561805355658015,30
base,delta,395,395,-0.7401173785655573,0.26182040568262105,30
base,delta,396,396,-0.40040528384348306,0.19116678159904302,30
base,delta,397,397,0.760333317645471,0.23776895976623635,30
base,delta,398,398,0.6752589958149546,0.1554118795020492,29
base,delta,399,399,1.0074541764733098,0.31722210226849407,30
base,delta,400,400,1.6205590984237421,0.26268178987736523,30
base,delta,401,401,0.0903441096810127,0.23485944867277556,30
base,delta,402,402,0.01713653477366961,0.254946952732758,30
base,delta,403,403,-0.23110958830174866,0.21945480059976674,30
base,delta,404,404,1.5471335762240646,0.2673698726007787,30
base,delta,405,405,-3.252668503133293,0.18322180438337454,30
base,delta,406,406,-0.13369076039801087,0.23254400141646253,30
base,delta,407,407,0.5515045939625587,0.26824762228116045,30
base,delta,408,408,-0.5415370707029723,0.23855571905206716,30
base,delta,409,409,1.4885784430835312,0.3029187577494126,30
base,delta,410,410,-0.10675356551350239,0.19438272031685447,30
base,delta,411,411,1.4850098118481583,0.26727427205015436,30
base,delta,412,412,-1.376423144276239,0.2534431803672389,30
base,delta,413,413,1.7088535453828158,0.31193305521442616,30
base,delta,414,414,1.1689685127281706,0.22011667609791924,30
base,delta,415,415,-0.19843206153614545,0.2863136990733118,30
base,delta,416,416,2.086769032295578,0.22012053701398865,30
base,delta,417,417,0.8363935975428944,0.27563577833571784,30
base,delta,418,418,0.2679385009699495,0.23316985309741786,30
base,delta,419,419,1.1403039266271264,0.23868370181023138,30
base,delta,420,420,1.3704164109440882,0.24759010634646783,30
base,delta,421,421,0.11634042485106022,0.1861443008274557,30
base,delta,422,422,0.1262785379298208,0.19894152467010032,30
base,delta,423,423,-1.7734534422232722,0.2558795042475493,30
base,delta,424,424,-0.1296254762197293,0.12001454972895871,28
base,delta,425,425,2.085120645147242,0.27051901156732305,30
base,delta,426,426,1.1968894544834399,0.2989925235501554,30
base,delta,427,427,1.4383283225282824,0.15526486966401545,30
base,delta,428,428,-0.20856503631138779,0.34299619843456197,30
base,delta,429,429,-1.127208710755951,0.2407694234720892,30
base,delta,430,430,0.3881924821038183,0.26338541449954705,30
base,delta,431,431,-2.4335628233706785,0.2666121063713222,30
base,delta,432,432,0.917936302535211,0.1720081421592796,30
base,delta,433,433,1.324473791734409,0.26690430841419194,30
base,delta,434,434,-2.6944902721934056,0.2887074751232749,30
base,delta,435,435,-0.0005613268995432463,0.15177495779650693,30
base,delta,436,436,-0.8627689205853244,0.1836809352615531,30
base,delta,437,437,0.7499565760224414,0.33845699746013663,30
base,delta,438,438,2.437195916369811,0.3105972688148463,30
base,delta,439,439,-0.8210310086823114,0.2761589158116347,30
base,delta,440,440,0.4569096169697673,0.2698314270479588,30
base,delta,441,441,0.4762766979487054,0.19930878419403228,30
base,delta,442,442,-1.4012579349704737,0.14996626017437475,28
base,delta,443,443,-2.1563630368229028,0.3114449905614656,30
base,delta,444,444,1.4969558139716952,0.15388636986820833,30
base,delta,445,445,-0.4181851559647072,0.13097185302314443,27
base,delta,446,446,0.6924084311788912,0.1785789505330192,29
base,delta,447,447,1.3560431085221722,0.2734706769547268,30
base,delta,448,448,0.45355007206716436,0.16464212884435614,30
base,delta,449,449,-0.7885389896800226,0.29916824127954295,30
base,random,0,0,-0.5091770089696013,1.7462692232031347,30
base,random,1,1,0.06539041509115862,1.788721621506035,30
base,random,2,2,10.2956097805952,2.2796073147352676,30
base,random,3,3,-1.2462273461146012,2.3748419807394123,30
base,random,4,4,-4.1686022375675975,1.676518956955387,30
base,random,5,5,-3.122085338670402,2.3295905850841403,30
base,random,6,6,3.9774539069981074,1.6285424109698254,30
base,random,7,7,4.378834556068977,2.102262401345776,30
base,random,8,8,0.4189939498691082,2.052021501508987,30
base,random,9,9,-9.794324729874987,2.2958394235909427,30
base,random,10,10,3.9785793809241063,1.6224036743796861,30
base,random,11,11,-0.590193043353139,2.0873256755323846,30
base,random,12,12,-3.1874541963227117,2.017688230600318,30
base,random,13,13,-21.30129285059167,2.1406172313164813,30
base,random,14,14,1.7435873814753649,1.9121449147273233,30
base,random,15,15,-7.157319014628142,2.2138980844341423,30
base,random,16,16,-3.2561790644480926,1.7379434449775453,30
base,random,17,17,-4.987214739159896,1.7141886762349507,30
base,random,18,18,-7.873564331837244,2.2469613623963247,30
base,random,19,19,1.7992827623061487,2.3584781183761794,30
base,random,20,20,-2.3899489155921643,1.61341494332681,30
base,random,21,21,-14.423399176679126,1.956341354440987,30
base,random,22,22,-2.00191800837041,1.8036218501263293,30
base,random,23,23,2.5424904630145733,1.641955971212648,30
base,random,24,24,2.587389391051172,2.1515111547115824,30
base,random,25,25,-5.838623656402973,1.8412955781225993,30
base,random,26,26,-1.9821999251781648,1.9683990891253935,30
base,random,27,27,-0.4617978232030282,2.1622421539788914,30
base,random,28,28,-12.85400362816883,2.059175680599042,30
base,random,29,29,1.8044927180264025,1.4380635257198113,30
base,random,30,30,-3.8121668210014334,2.6031021032112998,30
base,random,31,31,0.6936897837559997,2.1009681199071535,30
base,random,32,32,-3.702222966583946,2.125176317035893,30
base,random,33,33,9.355248044400277,2.2996327431424035,30
base,random,34,34,-9.263240975688944,2.0308225983607526,30
base,random,35,35,2.031288051719036,2.2303900691520604,30
base,random,36,36,1.5123191786215404,2.4555265908737898,30
base,random,37,37,-0.9437908403924311,2.1866306654129635,30
base,random,38,38,-6.2770256622587794,2.3616131086462437,30
base,random,39,39,-2.3098534643281035,1.551322584675965,30
base,random,40,40,-2.700726348595369,2.2455886415032746,30
base,random,41,41,-4.077516029915955,1.865998637674132,30
base,random,42,42,-4.2085785131115045,1.9082391531999061,30
base,random,43,43,-2.670604117527276,2.27331451212689,30
base,random,44,44,-6.241489932033453,1.8439718100109879,30
base,random,45,45,3.0465948753755043,1.6167801770936336,30
base,random,46,46,-3.956075764639376,1.8053460880045658,30
base,random,47,47,3.5934080499657384,1.4436796579289168,30
base,random,48,48,-13.614096908750199,1.8276701100688642,30
base,random,49,49,-12.944294810412487,2.073345882356487,30
base,random,50,50,-5.67523051597081,1.7800278922260389,30
base,random,51,51,-1.4197028104640168,2.0306813436216262,30
base,random,52,52,-0.7970600713989313,1.5137015524061586,30
base,random,53,53,6.711643857485541,2.0414611249461174,30
base,random,54,54,-5.467184204013833,1.949949430965745,30
base,random,55,55,-0.26248599614655,1.617525112489746,30
base,random,56,56,-10.512887525232927,2.14688597370238,30
base,random,57,57,3.5143254534840196,2.078923298187399,30
base,random,58,58,0.5197858872857051,2.0161727745142195,30
base,random,59,59,-11.560299313226167,2.287435134627129,30
base,random,60,60,-2.066489261202973,1.9456189939193107,30
base,random,61,61,-5.5133968978237675,2.035166700152059,30
base,random,62,62,2.2358906266941325,1.9984193128526548,30
base,random,63,63,-20.601506789234165,1.7468268625032097,30
base,random,64,64,1.6231539091160272,2.6105740884408806,30
base,random,65,65,0.18920621819492567,2.2708695054800456,30
base,random,66,66,-3.141986800462483,1.8133380125969882,30
base,random,67,67,-2.166250177890621,1.870288706454228,30
base,random,68,68,-8.220641698920637,2.652758801399168,30
base,random,69,69,-8.03174892800314,1.7765026590930582,30
base,random,70,70,-5.280718168951864,1.7488743097042934,30
base,random,71,71,0.4631152105350722,2.028734196102933,30
base,random,72,72,-1.6752366975593311,2.083303905257605,30
base,random,73,73,4.977396026420109,1.8648507434369517,30
base,random,74,74,-0.8474202149120984,1.9249488715377718,30
base,random,75,75,-2.498831551661226,1.9978283007007478,30
base,random,76,76,-3.2133968207389607,2.1532521222786993,30
base,random,77,77,-9.52414118509519,2.1670111398411347,30
base,random,78,78,-19.384436929251933,1.9399935920581433,30
base,random,79,79,-0.06767612055787353,1.6843803481114987,30
base,random,80,80,7.764820984064329,2.4048665536335903,30
base,random,81,81,-4.133996246288426,2.6591056812119738,30
base,random,82,82,0.8313574617581665,2.0912140952131684,30
base,random,83,83,0.6952841677592829,1.8566194596510734,30
base,random,84,84,-5.478558170790947,2.070826894403031,30
base,random,85,85,8.478376944191595,1.8887468512070014,30
base,random,86,86,-0.9500617981034765,1.8883859272681098,30
base,random,87,87,-1.32902537978741,1.958225555736198,30
base,random,88,88,-0.24659918145699322,2.0334647883487205,30
base,random,89,89,0.4780878214052535,1.7583528200454397,30
base,random,90,90,-0.20266081859631058,1.8042327901037958,30
base,random,91,91,-9.573618238306974,2.4954595077481474,30
base,random,92,92,2.7731683550924657,1.877240443556162,30
base,random,93,93,-6.841159854877731,2.259277818559964,30
base,random,94,94,-1.8991224098552557,2.040705263520966,30
base,random,95,95,0.026374228249821385,2.0127501800749417,30
base,random,96,96,-11.91277311442661,2.235287268649218,30
base,random,97,97,2.7880685616100287,1.965782975613547,30
base,random,98,98,-3.2821790972540725,2.6738181414149107,30
base,random,99,99,0.15003039447688593,2.29775770899966,30
base,random,100,100,-6.637810293674093,2.148821843077307,30
base,random,101,101,-0.9574976407897928,1.4820911813326163,30
base,random,102,102,-6.517504177712424,2.187034014608253,30
base,random,103,103,6.090090121270336,1.93437730275502,30
base,random,104,104,-9.11612922789476,2.062369370882975,30
base,random,105,105,-1.18597159486432,1.4596799579585666,30
base,random,106,106,1.562028894117205,1.5353501577923325,30
base,random,107,107,-1.5673844394520486,1.9596112771480996,30
base,random,108,108,-13.239234021131338,2.983565823407462,30
base,random,109,109,-3.163669975552665,1.8024054698157763,30
base,random,110,110,-4.435152285235084,2.0984067567014457,30
base,random,111,111,-2.754782247679742,1.9079989438565492,30
base,random,112,112,2.061646915353897,2.1140164595160456,30
base,random,113,113,-8.813277246948665,2.05712124088182,30
base,random,114,114,3.8977531943019272,1.6991253062139662,30
base,random,115,115,3.6022202907291074,1.902798564186923,30
base,random,116,116,3.1664238638653646,1.9987219099041234,30
base,random,117,117,2.1354436601911075,2.1858026447406216,30
base,random,118,118,5.100366622229757,1.9039211907954119,30
base,random,119,119,-3.1800814529556867,1.9375384584842246,30
base,random,120,120,-5.936812158738562,2.0141883421935285,30
base,random,121,121,-1.0164384815106011,2.064332311800129,30
base,random,122,122,1.230582079969281,1.6960917458129723,30
base,random,123,123,-8.808251076846943,1.4970146449509318,30
base,random,124,124,0.9618660283013725,2.1559068906779877,30
base,random,125,125,-3.4070613953456643,1.8243966801210236,30
base,random,126,126,4.357917117923321,2.7176760851942943,30
base,random,127,127,1.392467052973572,1.6517245898792932,30
base,random,128,128,-0.6693587103672485,2.0081874472630563,30
base,random,129,129,-5.439074459690332,1.578480528404768,30
base,random,130,130,2.3443834014834692,1.682004398421469,30
base,random,131,131,-21.663839664741914,1.9056358367429043,30
base,random,132,132,-5.846864469461096,2.1568303240089635,30
base,random,133,133,2.920577367615408,1.8523374248841957,30
base,random,134,134,0.6316726023819186,1.778178850061415,30
base,random,135,135,-8.258492299362207,2.055968303920094,30
base,random,136,136,-1.081328887097215,2.2057762542301305,30
base,random,137,137,-1.9986702172016209,2.052686986388153,30
base,random,138,138,0.73960772176099,1.6555137787473113,30
base,random,139,139,-4.395711724060888,1.774265238983318,30
base,random,140,140,-1.3083079810379061,1.9247134976774294,30
base,random,141,141,2.3227736595078525,2.2881390237234984,30
base,random,142,142,-0.9463068049559524,1.7952093229464798,30
base,random,143,143,-1.2865549149945963,1.9018994366484694,30
base,random,144,144,-5.59114583438004,2.4111702562468347,30
base,random,145,145,4.861522393370677,2.024421924813149,30
base,random,146,146,6.193639815277976,1.4675429575598598,30
base,random,147,147,-5.420851344567225,2.5341176318418066,30
base,random,148,148,2.490553769668999,1.8301643016861306,30
base,random,149,149,-8.786032401099131,2.010481942394369,30
base,random,150,150,7.72671955640585,2.073220369735871,30
base,random,151,151,-1.3103839045520829,1.675271052594427,30
base,random,152,152,1.8544115155403187,1.9652006096185743,30
base,random,153,153,2.1223829634221403,1.98663602332104,30
base,random,154,154,2.456557932839644,1.8330702297696437,30
base,random,155,155,7.003305265529093,1.8531021579649198,30
base,random,156,156,-3.6451286113516517,2.4654477962739394,30
base,random,157,157,0.9996579944912014,1.7328662087616453,30
base,random,158,158,0.9275627688172889,1.7475278429707428,30
base,random,159,159,1.701352406001126,1.599702744114609,30
base,random,160,160,-14.772650684648013,2.2645673198946574,30
base,random,161,161,-15.348818304842757,2.1932060501587536,30
base,random,162,162,-2.9672036283473844,1.5245284227034734,30
base,random,163,163,-2.592978166931746,2.3230672760205997,30
base,random,164,164,-6.220181476258965,2.153126541691582,30
base,random,165,165,0.49935173282928247,1.9505641362277886,30
base,random,166,166,-20.250866952262825,1.8503419171499977,30
base,random,167,167,1.471814491579309,1.3980843123740345,30
base,random,168,168,-3.158110082683188,1.6726696919878998,30
base,random,169,169,-0.6704451553432484,2.0797455453584095,30
base,random,170,170,-11.064246233175453,2.2080854987306844,30
base,random,171,171,-4.412512562743451,2.3456361770887963,30
base,random,172,172,-1.4186831590248516,2.590787010834539,30
base,random,173,173,-7.079504291574153,1.9797989624414856,30
base,random,174,174,-0.6525005212673776,1.8664987133557245,30
base,random,175,175,-12.750998551958972,2.2101831949495736,30
base,random,176,176,-2.213269066436574,1.6928826413836648,30
base,random,177,177,0.08880249126744388,2.5337937940385125,30
base,random,178,178,0.16812433010300154,1.8319692896772617,30
base,random,179,179,-3.486328751200773,1.8662233378065658,30
base,random,180,180,-6.301957750912486,1.9141749303092435,30
base,random,181,181,-5.793185508167298,2.2504354920621834,30
base,random,182,182,4.076819911419918,1.6440308197771798,30
base,random,183,183,-4.55859098250486,2.1716156095288115,30
base,random,184,184,-10.226311114767526,1.9117094776958938,30
base,random,185,185,11.092582226016233,1.9567014804283076,30
base,random,186,186,3.9692936641329624,2.323483710783404,30
base,random,187,187,4.177372037940799,2.24430285676095,30
base,random,188,188,-6.901033374611247,1.7730103624260858,30
base,random,189,189,-1.340573638097922,1.6911869386678497,30
base,random,190,190,-5.010705170224377,2.169910848314269,30
base,random,191,191,-0.18335962266910144,2.6127432999075517,30
base,random,192,192,-5.772376534421326,2.6577285976999954,30
base,random,193,193,-3.781856353050789,1.6801996707228803,30
base,random,194,194,0.07258724508628944,1.8972825194466258,30
base,random,195,195,-7.919088076723554,1.8912432537991444,30
base,random,196,196,-4.704742195194086,2.401005782210315,30
base,random,197,197,-1.589426397941363,2.369669863641891,30
base,random,198,198,5.808585083178784,1.742967214877701,30
base,random,199,199,9.916652725628168,1.7522677007580751,30
base,random,200,200,1.714624847705883,1.8244809992884485,30
base,random,201,201,2.016129377935002,1.5445190523820576,30
base,random,202,202,-4.686761441230843,1.860370250326739,30
base,random,203,203,-6.730571310829234,2.714330957786465,30
base,random,204,204,-9.943213649145235,1.6856388428858577,30
base,random,205,205,-5.9901501531399335,2.1833706172052216,30
base,random,206,206,-1.9730907636881767,2.3606976711467462,30
base,random,207,207,-6.478984349619868,2.1591365544568255,30
base,random,208,208,-10.167071158341216,1.6139159235474374,30
base,random,209,209,-2.84828795562208,1.7171703575623851,30
base,random,210,210,4.43953153146645,1.8170085222399317,30
base,random,211,211,-6.8954032617270045,1.5022999306116003,30
base,random,212,212,-1.0641745752729026,1.7049976728387812,30
base,random,213,213,0.5855777547266712,1.573238402546443,30
base,random,214,214,-7.020247395665081,1.6481395005604007,30
base,random,215,215,-3.0446269142084574,1.9566705821356207,30
base,random,216,216,-10.652120640497543,2.8504047425978634,30
base,random,217,217,2.113954964703211,1.6434059510727463,30
base,random,218,218,-2.516120091817733,1.9967897146966642,30
base,random,219,219,-2.9259807564755462,1.9955846987047572,30
base,random,220,220,-5.445239579035176,1.9103920652069584,30
base,random,221,221,1.393940933971919,2.3804416742959575,30
base,random,222,222,-3.7718531845752743,1.9686788552190695,30
base,random,223,223,0.294307664171626,2.2827525037207845,30
base,random,224,224,-10.014248030319692,2.212477117184855,30
base,random,225,225,-0.4471762514416646,1.8187849715425346,30
base,random,226,226,-5.941775387340783,2.371460401947011,30
base,random,227,227,-3.2380426228353496,2.367140385445037,30
base,random,228,228,-11.2765497162096,2.055029202173087,30
base,random,229,229,-11.33991293314866,2.0901803167873947,30
base,random,230,230,8.36285706361187,2.210543827449814,30
base,random,231,231,-0.28501780194197535,2.0720078957918227,30
base,random,232,232,1.9352375688739016,1.8861553274662899,30
base,random,233,233,-2.1021603935826665,2.3265311445048953,30
base,random,234,234,5.974504968289807,2.0850293116967786,30
base,random,235,235,0.49334409396415424,1.6966068101193958,30
base,random,236,236,-5.840742459811924,2.1722419143420253,30
base,random,237,237,-11.62451182484925,2.0207605326131497,30
base,random,238,238,-4.537250570686545,2.308983090629919,30
base,random,239,239,-14.80632513120247,2.1171023748262905,30
base,random,240,240,-2.1085340597697524,2.010418115188629,30
base,random,241,241,1.3628359832828636,2.220595189196224,30
base,random,242,242,-4.925370755461202,2.052820919398874,30
base,random,243,243,-3.259636140843593,2.112546233920923,30
base,random,244,244,-5.05911517195878,1.3474214460019525,30
base,random,245,245,-4.830305945706108,2.577921642007679,30
base,random,246,246,-0.9997565694652053,1.5813783613168084,30
base,random,247,247,1.0670230585251872,2.081962734517753,30
base,random,248,248,-9.314396603026204,2.464673752105699,30
base,random,249,249,-7.949452412835996,2.493375154794581,30
base,random,250,250,3.6861008577024705,2.2581353210065886,30
base,random,251,251,-1.0993942039221807,2.0872442282126538,30
base,random,252,252,-2.5664000352935474,2.176422897162747,30
base,random,253,253,-2.409095902336496,2.0860352001855147,30
base,random,254,254,-8.97684671445387,1.9484880938995528,30
base,random,255,255,-0.2434738216712704,1.9437570902232908,30
base,random,256,256,-0.5063164484175644,1.8691664764352696,30
base,random,257,257,-0.8353528387452833,2.2312712563539185,30
base,random,258,258,5.565762296785323,2.1170444449481174,30
base,random,259,259,-2.5044275755715795,2.510497977684227,30
base,random,260,260,2.0200448403435445,2.008357195298446,30
base,random,261,261,10.484640073229631,1.7462632794235473,30
base,random,262,262,-13.492705796135475,2.058337908911201,30
base,random,263,263,-4.249663026048282,2.198925230124072,30
base,random,264,264,-4.895402300246182,2.791427437232101,30
base,random,265,265,7.753384601805969,1.945901314039061,30
base,random,266,266,1.391387674156185,1.730913430782141,30
base,random,267,267,-5.305548703412356,1.9325185613663132,30
base,random,268,268,-10.938020601861055,1.6374300765576462,30
base,random,269,269,-19.50617019591151,2.1983301595680373,30
base,random,270,270,-8.4542092548416,1.978241145479081,30
base,random,271,271,-0.14285118735888602,2.0078851940857607,30
base,random,272,272,-4.226578810257379,1.708083950411103,30
base,random,273,273,-3.44925533001555,2.0116424208427954,30
base,random,274,274,-3.9235124324418678,1.76587537334954,30
base,random,275,275,-14.588566590676663,2.3340943356012773,30
base,random,276,276,1.2761182978688552,2.0935811819950754,30
base,random,277,277,6.536455370085189,1.662116921241183,30
base,random,278,278,-2.4692537745838052,1.6946863435828363,30
base,random,279,279,1.6869010520289436,1.9962938617477632,30
base,random,280,280,1.2669900171607082,2.0105331954921173,30
base,random,281,281,-3.9855689838041286,2.2471052451783304,30
base,random,282,282,1.4726991988464917,1.8105869020358532,30
base,random,283,283,-5.5495382171966074,1.9595348676072026,30
base,random,284,284,-14.557367038383582,2.2090301241078465,30
base,random,285,285,3.8040942799401156,1.4412474760800995,30
base,random,286,286,-5.887545268199098,2.093604412574929,30
base,random,287,287,3.2812142926649024,2.0935552759777223,30
base,random,288,288,0.6496844956469374,2.200940059089646,30
base,random,289,289,-22.73230904528161,2.635091331445591,30
base,random,290,290,-2.3881086321526794,2.212684511529027,30
base,random,291,291,-2.799391686523535,2.3265803767003956,30
base,random,292,292,-1.8638066469710068,1.81920837033732,30
base,random,293,293,3.612856682646143,2.482535341450127,30
base,random,294,294,-2.903742415994614,1.9330904339623494,30
base,random,295,295,1.1598477399844,2.3869205574582186,30
base,random,296,296,-0.8252657209314265,1.6808215011367897,30
base,random,297,297,0.844028803567042,2.139578435276416,30
base,random,298,298,9.895343072862147,1.6325481518330753,30
base,random,299,299,-4.116397065884726,1.7797871019934588,30
base,random,300,300,2.379169498751793,2.1971120232113837,30
base,random,301,301,6.445532005959857,2.1059367937571096,30
base,random,302,302,-3.1327779451816866,1.9193267826186076,30
base,random,303,303,1.9554117809794604,1.7763942232354804,30
base,random,304,304,-1.1693681996921015,2.2025587365857002,30
base,random,305,305,0.44712969027900584,2.2043563916709497,30
base,random,306,306,-9.57831576640806,1.608872104665057,30
base,random,307,307,-7.102965353999153,2.3935606956482087,30
base,random,308,308,4.203706687342121,2.1970040757431044,30
base,random,309,309,-18.298360229947825,2.0182653937600983,30
base,random,310,310,1.1738414793314575,1.9133590357302046,30
base,random,311,311,-13.62868337527523,1.99171455636854,30
base,random,312,312,-9.464849978717908,1.9165244127460777,30
base,random,313,313,0.3579386686303323,1.7320963231044393,30
base,random,314,314,-5.5119835865207705,1.64227439596535,30
base,random,315,315,-5.745982190431839,1.9702628005488045,30
base,random,316,316,1.4558371646526638,2.0516782513628447,30
base,random,317,317,-11.673176450906396,2.0646992571742326,30
base,random,318,318,-2.6683558408769983,1.911879807472673,30
base,random,319,319,-1.3287548836115946,2.6236871694570905,30
base,random,320,320,-14.536544852217204,2.048907878224589,30
base,random,321,321,4.244029969372206,1.9914654718348828,30
base,random,322,322,-3.5461509096644264,2.1358328461167218,30
base,random,323,323,-31.829427305676568,2.662871326864251,30
base,random,324,324,-11.104259692633509,2.172658562525417,30
base,random,325,325,3.7879364364254853,1.6614182946432692,30
base,random,326,326,0.1375242330168689,2.1493106193033493,30
base,random,327,327,-3.7710132777392857,2.256846244693242,30
base,random,328,328,3.4899974678954067,2.2559916139412435,30
base,random,329,329,4.771630860786345,2.061655805998615,30
base,random,330,330,-5.089651834234999,2.046222551011742,30
base,random,331,331,-0.886594518798006,2.0213556036638236,30
base,random,332,332,-5.9652099452918605,2.175137919728115,30
base,random,333,333,-11.618326931243722,2.7161810014087457,30
base,random,334,334,8.759319317353565,2.2170008300786264,30
base,random,335,335,-1.229780530988208,1.9988863645684347,30
base,random,336,336,1.234223515784251,2.14583024335746,30
base,random,337,337,-3.26391744687691,1.7233208844765098,30
base,random,338,338,-1.4838470990240076,1.5231614193775453,30
base,random,339,339,1.5288412662511917,2.1953752076387274,30
base,random,340,340,1.8825870741492325,1.4911611581146282,30
base,random,341,341,-4.4586093858935225,2.283556014857199,30
base,random,342,342,-1.357844905563013,2.3675410572003797,30
base,random,343,343,-13.838262773869886,1.8936691456087917,30
base,random,344,344,1.0286854194512642,1.9394301734157087,30
base,random,345,345,-2.793976879761054,1.7608037552151883,30
base,random,346,346,-1.0371811975645642,1.4607488063841718,30
base,random,347,347,1.8707233870013198,1.42641585508014,30
base,random,348,348,-9.660733195166245,2.4270621158931376,30
base,random,349,349,-4.581810224888413,2.2767513762527543,30
base,random,350,350,-1.780323371130308,1.8499355219899378,30
base,random,351,351,-3.016630958786994,1.830448570594012,30
base,random,352,352,-2.78565509398571,1.89395334061112,30
base,random,353,353,-0.008256918647159495,2.0446622515953776,30
base,random,354,354,-3.6915854424895045,2.118459442439458,30
base,random,355,355,-9.976239093686646,1.8207465892161745,30
base,random,356,356,-0.6749169665908283,2.172643556484599,30
base,random,357,357,-9.796797685112153,2.0398564146374887,30
base,random,358,358,-16.996708630322754,1.6003179701794517,30
base,random,359,359,-9.043958256767148,2.125777689067699,30
base,random,360,360,5.733952510678456,1.7166335792111522,30
base,random,361,361,12.133576548393094,2.1487553532575947,30
base,random,362,362,-4.054724182552334,2.527356751982782,30
base,random,363,363,-3.201236582377117,1.9005799795111056,30
base,random,364,364,-11.204154386832002,1.9528422311570341,30
base,random,365,365,6.6105228867701555,1.521461660477366,30
base,random,366,366,-7.282881051872948,1.8718128120115873,30
base,random,367,367,-8.456919508500958,2.612570831977248,30
base,random,368,368,-2.9077802071843237,1.5770914991344587,30
base,random,369,369,8.024465618407035,1.728486419342043,30
base,random,370,370,-2.668147159571596,2.389270387350373,30
base,random,371,371,-3.6148128221362583,2.3525525912618948,30
base,random,372,372,-5.125091116403013,2.037363523731117,30
base,random,373,373,1.8594474587129035,2.0890599672705816,30
base,random,374,374,1.7793294264956359,1.8945628292854575,30
base,random,375,375,-5.5538316999348005,2.0529242096174873,30
base,random,376,376,1.548211099773141,1.8256200936078133,30
base,random,377,377,0.23771708986367912,2.080962378548428,30
base,random,378,378,1.706332204166955,1.8363315329544112,30
base,random,379,379,1.6383887372957062,2.141324768421698,30
base,random,380,380,2.6790428909586517,2.3061733744842625,30
base,random,381,381,6.644256144361165,2.0575008900292415,30
base,random,382,382,-1.879279530828999,1.6765814986186203,30
base,random,383,383,3.995883525044242,1.9000628499759111,30
base,random,384,384,-7.293065956429402,2.0269923825430016,30
base,random,385,385,-1.7361414998009792,1.6498926232227542,30
base,random,386,386,-3.6579841362446075,1.6686180171059766,30
base,random,387,387,-12.79810572304941,1.724769380180604,30
base,random,388,388,-9.032450692290695,2.597472815451129,30
base,random,389,389,1.2339578873953414,1.4676377488559589,30
base,random,390,390,3.9335895821406623,1.4513547922517296,30
base,random,391,391,5.051420332642083,1.9944587524853337,30
base,random,392,392,8.919600255699855,2.151444946019287,30
base,random,393,393,-4.542162370239428,2.2286725145929194,30
base,random,394,394,-6.198525139150405,1.7444248810883491,30
base,random,395,395,-2.058822610685567,2.5749065573477172,30
base,random,396,396,1.2099164158185438,2.2576052563844815,30
base,random,397,397,-2.996494117756754,2.0169745711581637,30
base,random,398,398,3.2797805572997385,1.8656926051413452,30
base,random,399,399,5.922582257196133,2.1631396479896132,30
base,random,400,400,1.9592176377954047,1.7626658627139098,30
base,random,401,401,-5.459956993736682,2.055210869433457,30
base,random,402,402,-7.460565245281302,2.275817926270124,30
base,random,403,403,-6.311505638643382,1.7878458137319784,30
base,random,404,404,1.5766697929540925,2.024318765635779,30
base,random,405,405,-19.832462739369248,2.2376446072283382,30
base,random,406,406,-10.713016816350006,2.1124187955634266,30
base,random,407,407,-2.1179340173886274,2.315018202791601,30
base,random,408,408,0.17091760541161705,2.0636457989730452,30
base,random,409,409,4.075663838392003,2.098854256401136,30
base,random,410,410,4.8709696529952655,2.1853848110045107,30
base,random,411,411,-4.463012712827982,2.488166820126517,30
base,random,412,412,3.8053386934232662,1.9626725357340615,30
base,random,413,413,-4.5360343950190725,2.0798048561528213,30
base,random,414,414,-0.27834013982320727,2.3623177516240883,30
base,random,415,415,6.87416589543966,2.130898498168273,30
base,random,416,416,-0.6376655063655186,1.7230536590232615,30
base,random,417,417,-1.4286139863583358,1.8908904736278926,30
base,random,418,418,0.43164041819483145,1.4992011396899751,30
base,random,419,419,4.811599683704582,1.7448675926485606,30
base,random,420,420,-1.7978140825911169,1.922939429997002,30
base,random,421,421,-4.140389188510831,1.8416369846404195,30
base,random,422,422,-8.853465553347313,1.88229925514547,30
base,random,423,423,2.13618294337702,2.412001984251305,30
base,random,424,424,-10.508357678548862,1.8715572215942364,30
base,random,425,425,-4.102830100481153,1.7884211897826852,30
base,random,426,426,-0.33064596012124525,2.131906787595896,30
base,random,427,427,0.303289465130959,2.026721491772473,30
base,random,428,428,6.343709531642418,1.8852063516890305,30
base,random,429,429,0.33173052946706605,1.5765817221936615,30
base,random,430,430,-0.3196318149009514,2.415887894693491,30
base,random,431,431,-6.833446575063537,1.9304243955426694,30
base,random,432,432,-3.524772394265433,1.9609967247605558,30
base,random,433,433,-1.4221473939801719,2.294578437460521,30
base,random,434,434,-0.8763790690697135,1.9104771025961893,30
base,random,435,435,-10.234980720309181,2.3596597513447657,30
base,random,436,436,-10.640541142775344,2.3067129453335693,30
base,random,437,437,-1.4603847579045777,1.719896801896654,30
base,random,438,438,-0.30894442376700226,1.783339531667162,30
base,random,439,439,-3.9651442047710077,2.2236226721052144,30
base,random,440,440,-8.411545468428628,1.7867568766054305,30
base,random,441,441,-3.5608283792900544,2.050341254316068,30
base,random,442,442,-20.079101716533003,2.0823858672221367,30
base,random,443,443,-1.0378948876881466,2.1716822586365607,30
base,random,444,444,1.2646772335989311,1.9173051554521663,30
base,random,445,445,-21.329386563474735,2.0648811720621536,30
base,random,446,446,6.157572634734125,1.8043306342790109,30
base,random,447,447,7.000982514280043,1.8011237105559241,30
base,random,448,448,2.1014551545271587,2.010826284787345,30
base,random,449,449,4.093108682161466,1.8859813109095367,30
base,whalley_wilmott,0,0,0.3147254825025185,0.0732637443229649,9
base,whalley_wilmott,1,1,2.1475832280113494,0.05623185939771263,9
base,whalley_wilmott,2,2,1.490358571400197,0.07901049233209106,4
base,whalley_wilmott,3,3,3.105256971767485,0.01475710366955142,1
base,whalley_wilmott,4,4,0.9295408059409889,0.06171356422753012,4
base,whalley_wilmott,5,5,1.2806907714843143,0.04790329268134218,7
base,whalley_wilmott,6,6,-2.7929903186101797,0.10545954394622227,14
base,whalley_wilmott,7,7,0.9132683660747194,0.032695801499092826,11
base,whalley_wilmott,8,8,2.5810249319303225,0.01951884599080994,2
base,whalley_wilmott,9,9,-1.214515321298549,0.10340371339037713,15
base,whalley_wilmott,10,10,1.0567215804083705,0.03658188975688936,10
base,whalley_wilmott,11,11,-2.3662277685334097,0.11861407735806775,10
base,whalley_wilmott,12,12,-0.45942252498026903,0.07168639734136963,7
base,whalley_wilmott,13,13,-2.5254556029277495,0.10523090203787265,16
base,whalley_wilmott,14,14,2.3634465961442075,0.019051863996839905,2
base,whalley_wilmott,15,15,-2.2169173223340835,0.1040949778189783,12
base,whalley_wilmott,16,16,-0.2391458126259991,0.05889078049223627,6
base,whalley_wilmott,17,17,1.5606685877311288,0.03398445871864892,6
base,whalley_wilmott,18,18,-3.654256895580403,0.10635857565690625,22
base,whalley_wilmott,19,19,-0.2509917445173899,0.09326533859717516,8
base,whalley_wilmott,20,20,-1.6009319419037393,0.08594959722943278,13
base,whalley_wilmott,21,21,-1.4889587259084323,0.10419425327186692,12
base,whalley_wilmott,22,22,0.8399371081109237,0.05947695608434671,5
base,whalley_wilmott,23,23,2.4451130308105924,0.020579205802171208,3
base,whalley_wilmott,24,24,1.7198172429279093,0.034153360374171,4
base,whalley_wilmott,25,25,-1.2329099339584957,0.09047420261635873,10
base,whalley_wilmott,26,26,-0.121837062416283,0.0806951410136911,9
base,whalley_wilmott,27,27,-0.36218420821009656,0.06621979339708704,13
base,whalley_wilmott,28,28,-0.5328830142947965,0.10306588517233986,9
base,whalley_wilmott,29,29,2.2907883848945305,0.021050421782446174,3
base,whalley_wilmott,30,30,-2.8230087013130287,0.10191373062364983,18
base,whalley_wilmott,31,31,-0.5213352394240474,0.07463836526686003,10
base,whalley_wilmott,32,32,0.7081670375405871,0.02611257301294336,3
base,whalley_wilmott,33,33,1.7765395698118578,0.047270770773621386,4
base,whalley_wilmott,34,34,-1.0873515534351839,0.10349353046174171,13
base,whalley_wilmott,35,35,0.615257817476639,0.0557249677628637,7
base,whalley_wilmott,36,36,1.5721875902223514,0.03877517383550002,7
base,whalley_wilmott,37,37,2.38390942557275,0.028531602988491868,3
base,whalley_wilmott,38,38,-1.7404164839491472,0.09084977071055621,10
base,whalley_wilmott,39,39,2.294497037878962,0.036450419819595514,6
base,whalley_wilmott,40,40,2.413939108262502,0.02655428458961502,2
base,whalley_wilmott,41,41,0.4329184115247102,0.07821428112466745,5
base,whalley_wilmott,42,42,0.3474535255528224,0.019212379883472165,2
base,whalley_wilmott,43,43,1.3402275488300341,0.03946419253924482,6
base,whalley_wilmott,44,44,-0.6129075491131033,0.09667638770585986,11
base,whalley_wilmott,45,45,0.8832229141587825,0.054648879962226546,10
base,whalley_wilmott,46,46,2.1470116858935597,0.0289339371145245,3
base,whalley_wilmott,47,47,2.6239084496567013,0.015632574671091228,2
base,whalley_wilmott,48,48,-3.0710387205925684,0.10577594011745785,19
base,whalley_wilmott,49,49,-3.6083275858497075,0.10631269223060186,11
base,whalley_wilmott,50,50,-0.719521847518394,0.05967574768421166,17
base,whalley_wilmott,51,51,1.9801484109307523,0.05892479797695738,4
base,whalley_wilmott,52,52,0.03516731473312973,0.07373045046792467,9
base,whalley_wilmott,53,53,-1.9122739409258145,0.10461798492357642,13
base,whalley_wilmott,54,54,-1.8652206065362975,0.10457101338444845,10
base,whalley_wilmott,55,55,-0.3254422840198288,0.08366209306350272,5
base,whalley_wilmott,56,56,-3.2401249424165854,0.10594485742197739,13
base,whalley_wilmott,57,57,-1.238986778401582,0.08158936070713338,10
base,whalley_wilmott,58,58,1.299284366792603,0.029696655537040546,11
base,whalley_wilmott,59,59,-3.2256532080597538,0.10593040014489762,16
base,whalley_wilmott,60,60,-3.073972571267575,0.10577887103721312,17
base,whalley_wilmott,61,61,1.3872424841886684,0.05190394518461519,6
base,whalley_wilmott,62,62,1.9715327986976532,0.027230366340034045,7
base,whalley_wilmott,63,63,-4.74547772003163,0.10744870635066373,18
base,whalley_wilmott,64,64,2.068634587746139,0.027708920202181887,3
base,whalley_wilmott,65,65,0.9844843664129499,0.05601670641024165,5
base,whalley_wilmott,66,66,2.0022164909080207,0.05767703619895252,3
base,whalley_wilmott,67,67,1.6081365150527347,0.04574955921707266,6
base,whalley_wilmott,68,68,-2.939631520732803,0.10564085030356164,21
base,whalley_wilmott,69,69,-2.4399660517303943,0.105145284726593,16
base,whalley_wilmott,70,70,-1.6361534648352603,0.10429398795990488,13
base,whalley_wilmott,71,71,1.9700851136911126,0.03889626899288643,6
base,whalley_wilmott,72,72,2.101314318079293,0.018947051665647707,2
base,whalley_wilmott,73,73,2.060402877150196,0.02270168077142758,4
base,whalley_wilmott,74,74,-0.7135244027609673,0.09796938962439442,13
base,whalley_wilmott,75,75,-1.7652498107773198,0.10055828300588394,13
base,whalley_wilmott,76,76,-2.581001571053804,0.10528634081413472,14
base,whalley_wilmott,77,77,0.2672419943479475,0.06210928341286619,9
base,whalley_wilmott,78,78,-4.041740561033592,0.10674567222579058,20
base,whalley_wilmott,79,79,2.6423418259093197,0.019777814752591296,3
base,whalley_wilmott,80,80,2.4912534405139883,0.016550459260130747,2
base,whalley_wilmott,81,81,-3.0404470037183984,0.1057449482863584,19
base,whalley_wilmott,82,82,-0.24045590398739886,0.06358574634320494,10
base,whalley_wilmott,83,83,-1.027731897802127,0.10070773571858625,8
base,whalley_wilmott,84,84,1.7042085594705554,0.029263679653134585,4
base,whalley_wilmott,85,85,1.4713425107321578,0.028745904527771496,10
base,whalley_wilmott,86,86,-0.9871615431742669,0.08467354159373962,11
base,whalley_wilmott,87,87,0.628992623356031,0.08111193038269524,6
base,whalley_wilmott,88,88,1.5442558280658076,0.06001755935906589,6
base,whalley_wilmott,89,89,1.5279153408161932,0.05738375203344756,10
base,whalley_wilmott,90,90,-2.3706970931338844,0.10507056377807457,14
base,whalley_wilmott,91,91,-2.3766652657333083,0.105080690960772,14
base,whalley_wilmott,92,92,1.8589589065439074,0.028303525395501856,4
base,whalley_wilmott,93,93,-2.2824363747656804,0.10496554569440303,13
base,whalley_wilmott,94,94,1.093251664095425,0.03642677474754015,7
base,whalley_wilmott,95,95,0.006077115019436974,0.07248976551143138,9
base,whalley_wilmott,96,96,-1.4711919924562977,0.10417750175017772,11
base,whalley_wilmott,97,97,0.5911796932567934,0.04715278105807039,9
base,whalley_wilmott,98,98,-2.1729488897000806,0.10487874099239942,15
base,whalley_wilmott,99,99,-0.6443488413269449,0.10059454378404019,13
base,whalley_wilmott,100,100,-2.9480079144274924,0.1055844980413069,15
base,whalley_wilmott,101,101,-0.22865521201599392,0.10201266644481058,8
base,whalley_wilmott,102,102,-2.907405400005743,0.10502066965868719,12
base,whalley_wilmott,103,103,1.6488610873825096,0.028858830283563855,9
base,whalley_wilmott,104,104,-2.7459657039207315,0.10545119184905448,18
base,whalley_wilmott,105,105,-3.581771825057544,0.09570987207199165,10
base,whalley_wilmott,106,106,2.564619430806008,0.027896312583330713,4
base,whalley_wilmott,107,107,2.4407424054437605,0.030144319868532193,3
base,whalley_wilmott,108,108,-3.2367213789729163,0.10594145725869698,16
base,whalley_wilmott,109,109,-1.2318970393021829,0.1038388985226,8
base,whalley_wilmott,110,110,-1.10313430497294,0.10334249693731809,7
base,whalley_wilmott,111,111,0.8015386512207403,0.06192402669146792,7
base,whalley_wilmott,112,112,0.9650311471138195,0.07210615315333557,6
base,whalley_wilmott,113,113,-1.8686218299263402,0.10141658894600819,11
base,whalley_wilmott,114,114,1.4174015470883288,0.05381916109990568,6
base,whalley_wilmott,115,115,1.5512186286819145,0.028504381127257342,15
base,whalley_wilmott,116,116,0.36438824559740557,0.06603326888327092,7
base,whalley_wilmott,117,117,2.1374454307173174,0.024775194578899595,4
base,whalley_wilmott,118,118,1.3734490405124262,0.0697244467774497,6
base,whalley_wilmott,119,119,-0.14225975911041536,0.06965035063280295,7
base,whalley_wilmott,120,120,0.3507077767246898,0.08042801918634325,8
base,whalley_wilmott,121,121,-0.07909406025407151,0.08992603253138651,7
base,whalley_wilmott,122,122,1.9290424528478958,0.036729724269755716,4
base,whalley_wilmott,123,123,-2.030055999224672,0.10473599733886858,14
base,whalley_wilmott,124,124,1.7725875030168223,0.02922785114066586,2
base,whalley_wilmott,125,125,1.0507614839471977,0.027723942066580583,17
base,whalley_wilmott,126,126,-2.6132469627412562,0.09210304672394351,16
base,whalley_wilmott,127,127,3.1178750806815323,0.014892248072715627,1
base,whalley_wilmott,128,128,-1.3782486601203914,0.10350915448767828,10
base,whalley_wilmott,129,129,-0.6638762587622296,0.10259184815061716,5
base,whalley_wilmott,130,130,0.6239348996271945,0.06419055423718792,8
base,whalley_wilmott,131,131,-1.9483211960139641,0.10465434418880792,14
base,whalley_wilmott,132,132,1.3437066421886181,0.03183099733157325,11
base,whalley_wilmott,133,133,-2.829877347175241,0.10462638707581198,9
base,whalley_wilmott,134,134,1.378818025776129,0.03357116513298323,7
base,whalley_wilmott,135,135,-0.8158257633602943,0.10306881240044787,11
base,whalley_wilmott,136,136,0.11944557137461231,0.07144533516793469,10
base,whalley_wilmott,137,137,1.364584214731128,0.028782802313845245,11
base,whalley_wilmott,138,138,1.7207888292884894,0.02917429642424595,7
base,whalley_wilmott,139,139,2.7251481619356532,0.014951742033823956,1
base,whalley_wilmott,140,140,0.8156324263502839,0.0615074289100009,4
base,whalley_wilmott,141,141,0.6774929251405126,0.06642882175254661,5
base,whalley_wilmott,142,142,3.0752497676369455,0.01481493936254335,1
base,whalley_wilmott,143,143,-0.5174731470109428,0.053522002637405475,7
base,whalley_wilmott,144,144,0.029621534995698084,0.07797440716647926,9
base,whalley_wilmott,145,145,2.196648515519634,0.016969600498812323,3
base,whalley_wilmott,146,146,0.7806546369915986,0.028459425669340833,13
base,whalley_wilmott,147,147,1.3969561474000785,0.046068690620559447,9
base,whalley_wilmott,148,148,-0.6700060627000894,0.08325375417384828,7
base,whalley_wilmott,149,149,-1.1713221963620555,0.08880040062609895,12
base,whalley_wilmott,150,150,1.7122111305979075,0.04980082351097137,5
base,whalley_wilmott,151,151,-1.0764292207176283,0.0947043928214162,8
base,whalley_wilmott,152,152,2.160472924092801,0.015230769258418585,1
base,whalley_wilmott,153,153,0.01786058864829882,0.06772502483723973,11
base,whalley_wilmott,154,154,1.8451274028023832,0.02917735689698274,5
base,whalley_wilmott,155,155,1.8901998707372747,0.02905938149672042,4
base,whalley_wilmott,156,156,1.0009689623942748,0.059293025600775345,4
base,whalley_wilmott,157,157,-1.993566154461576,0.09645736453701066,11
base,whalley_wilmott,158,158,1.1320756051956502,0.03393761764669143,11
base,whalley_wilmott,159,159,2.2546959553070103,0.037150439518736166,5
base,whalley_wilmott,160,160,-3.3440313462477462,0.10604866002320734,14
base,whalley_wilmott,161,161,-3.758696560914643,0.10646291098691046,20
base,whalley_wilmott,162,162,0.4821272531305487,0.07532596135407414,6
base,whalley_wilmott,163,163,-3.6512087263348576,0.10635553053278485,17
base,whalley_wilmott,164,164,0.46431333819322873,0.06625698192076102,7
base,whalley_wilmott,165,165,-0.4172177274400468,0.08859770737867283,5
base,whalley_wilmott,166,166,-3.7672542488198673,0.106471460125677,15
base,whalley_wilmott,167,167,2.0471448407880715,0.03968187934140134,5
base,whalley_wilmott,168,168,1.5876497827958644,0.03191053731438121,6
base,whalley_wilmott,169,169,-1.021293315576898,0.10364245294853737,9
base,whalley_wilmott,170,170,-3.3574899333462582,0.10555592205372791,16
base,whalley_wilmott,171,171,1.6937500649793868,0.04938859317092899,7
base,whalley_wilmott,172,172,-0.42070109147927326,0.1004541411117138,8
base,whalley_wilmott,173,173,2.728505459444559,0.020562585087786505,3
base,whalley_wilmott,174,174,0.972954912728976,0.03932497048472421,10
base,whalley_wilmott,175,175,-4.029148797389638,0.10673309304133105,17
base,whalley_wilmott,176,176,-0.030825888938648596,0.05250904500792623,11
base,whalley_wilmott,177,177,-2.892990026009201,0.10559752790958063,10
base,whalley_wilmott,178,178,1.842383194431021,0.02890407689207111,5
base,whalley_wilmott,179,179,2.3257937373601214,0.021555802629687367,2
base,whalley_wilmott,180,180,-1.724541239705772,0.10443038803345711,10
base,whalley_wilmott,181,181,2.7235303595197085,0.014997796284233603,1
base,whalley_wilmott,182,182,-0.7417205416859645,0.09934168546801866,7
base,whalley_wilmott,183,183,-1.2637163749847815,0.10368449683464936,7
base,whalley_wilmott,184,184,-3.2289257168309433,0.10593366938442926,20
base,whalley_wilmott,185,185,0.3391876741323756,0.07102691005670708,7
base,whalley_wilmott,186,186,-1.7597867740253663,0.08240179693279777,15
base,whalley_wilmott,187,187,-1.713625835770344,0.0997816905655862,10
base,whalley_wilmott,188,188,-1.9719311866618767,0.104677049734223,12
base,whalley_wilmott,189,189,1.7461931176405336,0.024053282687755327,3
base,whalley_wilmott,190,190,0.5021641196475315,0.07409191657148748,5
base,whalley_wilmott,191,191,2.061909964465145,0.03670377329770635,5
base,whalley_wilmott,192,192,-1.3403233117565065,0.10123113590635524,12
base,whalley_wilmott,193,193,-3.45870195193163,0.10594694293996455,15
base,whalley_wilmott,194,194,-2.6998715702018643,0.09923690141002665,12
base,whalley_wilmott,195,195,-1.9708465703381535,0.10467638398975004,10
base,whalley_wilmott,196,196,0.013968173385705995,0.07791919269504141,6
base,whalley_wilmott,197,197,1.5019545964646959,0.02848858301950352,5
base,whalley_wilmott,198,198,1.3198215122043209,0.05283076305633409,3
base,whalley_wilmott,199,199,1.5646109208177021,0.03725962269711253,5
base,whalley_wilmott,200,200,2.615619972307792,0.02571246819128143,5
base,whalley_wilmott,201,201,1.1820400724136166,0.06512503071090443,6
base,whalley_wilmott,202,202,-0.868503041055078,0.10195173748816433,9
base,whalley_wilmott,203,203,-1.2060916805790072,0.10390238631829896,9
base,whalley_wilmott,204,204,-2.2438557334690046,0.10494711491444687,11
base,whalley_wilmott,205,205,-4.502359621989015,0.10701281419743683,17
base,whalley_wilmott,206,206,-0.6790698653585707,0.08997281477515998,10
base,whalley_wilmott,207,207,-2.3966110470457807,0.10510218619783071,11
base,whalley_wilmott,208,208,-2.0523981648339316,0.10472740154633296,8
base,whalley_wilmott,209,209,1.5434953449110203,0.029105734750170777,8
base,whalley_wilmott,210,210,-0.422611475103424,0.10120133133151588,9
base,whalley_wilmott,211,211,-1.4509371291840125,0.10414899240737101,10
base,whalley_wilmott,212,212,-1.7473313962953227,0.10310823531424539,13
base,whalley_wilmott,213,213,0.09307021066224941,0.016730934757611372,3
base,whalley_wilmott,214,214,-3.6944815718742774,0.10639876014870833,20
base,whalley_wilmott,215,215,1.7997947672541574,0.029361325198910212,6
base,whalley_wilmott,216,216,-4.310531126416095,0.10681219410130788,15
base,whalley_wilmott,217,217,2.003367085973253,0.043853571790492235,5
base,whalley_wilmott,218,218,1.0588206407482899,0.03600018633674311,11
base,whalley_wilmott,219,219,0.19758479476197977,0.09571749175939384,5
base,whalley_wilmott,220,220,-2.285743254510777,0.10390652966298669,13
base,whalley_wilmott,221,221,1.9766861860459457,0.03469162565179095,4
base,whalley_wilmott,222,222,-0.2289114680783797,0.09765517689118114,5
base,whalley_wilmott,223,223,0.17339397786617122,0.05250112003404782,7
base,whalley_wilmott,224,224,-1.46986413813012,0.10413032360511598,8
base,whalley_wilmott,225,225,1.9292509376083187,0.029151724908633134,7
base,whalley_wilmott,226,226,-2.508913843027159,0.10521368655924046,15
base,whalley_wilmott,227,227,-1.6043562209816002,0.1036733727045884,15
base,whalley_wilmott,228,228,-2.5868912334212837,0.10527904140039321,14
base,whalley_wilmott,229,229,-2.91878450013661,0.10562383799912023,18
base,whalley_wilmott,230,230,0.341000949282109,0.07005549408533912,9
base,whalley_wilmott,231,231,-1.790026198561776,0.09060600230327273,7
base,whalley_wilmott,232,232,0.0600484004827706,0.08757461842930939,6
base,whalley_wilmott,233,233,-3.7662124335568308,0.10647036041700512,17
base,whalley_wilmott,234,234,1.2457676380232456,0.0300078186060231,5
base,whalley_wilmott,235,235,-1.3878209067405418,0.08794061615498776,9
base,whalley_wilmott,236,236,0.7437716997531183,0.05805647227547598,6
base,whalley_wilmott,237,237,-2.9252028890404915,0.10563024997604718,21
base,whalley_wilmott,238,238,-0.6838427685759569,0.09306457703373336,7
base,whalley_wilmott,239,239,-2.937925943966931,0.1056429603206291,13
base,whalley_wilmott,240,240,1.305923795119142,0.04227300615742661,4
base,whalley_wilmott,241,241,-1.9255110678208212,0.10458175073109215,9
base,whalley_wilmott,242,242,-3.8473897206947925,0.10655151554213542,12
base,whalley_wilmott,243,243,1.4133709964835148,0.042948993375585984,7
base,whalley_wilmott,244,244,-3.2325825828519896,0.10593732259723757,19
base,whalley_wilmott,245,245,0.6882884604523909,0.05747850425431443,6
base,whalley_wilmott,246,246,0.9197683476995917,0.04317967208112309,11
base,whalley_wilmott,247,247,0.08837675319019755,0.09006565410063985,10
base,whalley_wilmott,248,248,-3.49995536683042,0.10620442827553765,17
base,whalley_wilmott,249,249,-3.2353146514809623,0.10594005193652722,16
base,whalley_wilmott,250,250,2.5105661607196765,0.015144458499684458,1
base,whalley_wilmott,251,251,0.8876010773696894,0.05993275313864672,6
base,whalley_wilmott,252,252,1.4847894431986077,0.03311743864418656,6
base,whalley_wilmott,253,253,-0.40196042390765285,0.07756026492712345,8
base,whalley_wilmott,254,254,0.987510313904167,0.0285602739053364,12
base,whalley_wilmott,255,255,-0.19045395771874496,0.09620168777379567,8
base,whalley_wilmott,256,256,-3.3864057976803283,0.15817984094067788,10
base,whalley_wilmott,257,257,1.9433786082659719,0.05146388038416294,6
base,whalley_wilmott,258,258,2.0760007152876403,0.026570126616670825,4
base,whalley_wilmott,259,259,-2.2383706037718554,0.1049440391200807,17
base,whalley_wilmott,260,260,-1.535647024067373,0.1039292487659202,11
base,whalley_wilmott,261,261,-1.1847226249369096,0.09644300401051936,7
base,whalley_wilmott,262,262,-1.9460551410841447,0.10465208039766924,13
base,whalley_wilmott,263,263,-1.7592911460477865,0.08423043904744165,15
base,whalley_wilmott,264,264,-1.8292645164955275,0.10453311002651879,12
base,whalley_wilmott,265,265,-2.4959947067964023,0.1310960542135769,12
base,whalley_wilmott,266,266,1.860943846342801,0.01589297189816194,2
base,whalley_wilmott,267,267,-0.32815616604149234,0.06327442135715197,12
base,whalley_wilmott,268,268,-2.077031672875222,0.10478272930088692,16
base,whalley_wilmott,269,269,-4.503897178325531,0.10720736714816011,18
base,whalley_wilmott,270,270,0.2815289096470508,0.05436917638739548,4
base,whalley_wilmott,271,271,1.4520745163353583,0.030775915115445952,14
base,whalley_wilmott,272,272,-1.0843556048193221,0.10367485072206578,10
base,whalley_wilmott,273,273,-0.581462804852255,0.06841718006590843,11
base,whalley_wilmott,274,274,1.808612102610851,0.029202525573728277,5
base,whalley_wilmott,275,275,-4.61220525840497,0.1073155670283594,20
base,whalley_wilmott,276,276,1.8883924431398338,0.028918677865632025,6
base,whalley_wilmott,277,277,-0.42367066277725485,0.08518096817919757,9
base,whalley_wilmott,278,278,1.5968700216322291,0.029272611562980055,8
base,whalley_wilmott,279,279,1.7531868490688274,0.028822810167803727,6
base,whalley_wilmott,280,280,1.0525017041028129,0.04234064312471269,4
base,whalley_wilmott,281,281,-3.9597450274858588,0.14066864753804137,16
base,whalley_wilmott,282,282,1.4309081670081722,0.028650392474501463,10
base,whalley_wilmott,283,283,1.0715539874731306,0.039629142025530875,8
base,whalley_wilmott,284,284,-2.64950628359216,0.10535482879178315,20
base,whalley_wilmott,285,285,0.20745400553628635,0.07486197085803217,6
base,whalley_wilmott,286,286,-3.0006064170810873,0.10570514967832502,19
base,whalley_wilmott,287,287,1.7163288499867164,0.055153611021540955,8
base,whalley_wilmott,288,288,-1.442644033347264,0.08272587266957142,11
base,whalley_wilmott,289,289,-3.9734293539292054,0.10667742926165032,18
base,whalley_wilmott,290,290,-0.8520932354591935,0.10297790265650944,10
base,whalley_wilmott,291,291,-0.7985695278770493,0.09005096865204769,11
base,whalley_wilmott,292,292,0.32695998140145655,0.09199056735439286,8
base,whalley_wilmott,293,293,2.232550585469589,0.031701468106566634,5
base,whalley_wilmott,294,294,1.828538345858341,0.049826500532736406,6
base,whalley_wilmott,295,295,0.3761973100934739,0.05437916077413843,5
base,whalley_wilmott,296,296,2.9863332738800246,0.014866598030003035,1
base,whalley_wilmott,297,297,2.2867055732620365,0.017633717836085392,3
base,whalley_wilmott,298,298,-3.370933617593328,0.10768904271105757,9
base,whalley_wilmott,299,299,1.1452409116969755,0.03782398213183677,8
base,whalley_wilmott,300,300,2.3286306404150645,0.024948538111110686,3
base,whalley_wilmott,301,301,1.2644066487865855,0.02834835733530243,11
base,whalley_wilmott,302,302,-1.1618753884564939,0.0941872867975981,9
base,whalley_wilmott,303,303,2.1128547403609375,0.028275787822742624,2
base,whalley_wilmott,304,304,0.4755708772528848,0.04044810881510621,6
base,whalley_wilmott,305,305,2.3621666282106766,0.020764668631885905,4
base,whalley_wilmott,306,306,-1.4546784098442913,0.10415000723969003,10
base,whalley_wilmott,307,307,-3.0193254580128013,0.10572427851647907,14
base,whalley_wilmott,308,308,1.3887089015302054,0.04037062502460029,6
base,whalley_wilmott,309,309,-3.2264980310847875,0.10713454554608934,6
base,whalley_wilmott,310,310,1.1878740124086065,0.05964306473313106,8
base,whalley_wilmott,311,311,-0.9808555914999033,0.09013663052263446,10
base,whalley_wilmott,312,312,-0.12666273723773713,0.07507088895336209,9
base,whalley_wilmott,313,313,0.23486483725719154,0.08460740390858036,5
base,whalley_wilmott,314,314,1.0290920868427662,0.06837929010840528,8
base,whalley_wilmott,315,315,-0.8706499482724122,0.06573463981773481,14
base,whalley_wilmott,316,316,1.6088234852074628,0.019791266224903438,2
base,whalley_wilmott,317,317,-2.632094265708858,0.10533743416852312,16
base,whalley_wilmott,318,318,-0.42866418190978806,0.08210131756041777,8
base,whalley_wilmott,319,319,2.9571594755345636,0.014897470278905178,1
base,whalley_wilmott,320,320,-2.8453691829935366,0.10555049602395233,14
base,whalley_wilmott,321,321,1.9170355896422713,0.025711394435155823,4
base,whalley_wilmott,322,322,-0.08676752236262075,0.08496443738464422,5
base,whalley_wilmott,323,323,-4.856063142993179,0.10755918129867728,20
base,whalley_wilmott,324,324,-4.632094270634909,0.10733543617144625,19
base,whalley_wilmott,325,325,0.49865156663416876,0.06352205860639656,9
base,whalley_wilmott,326,326,1.759953253865855,0.029365494374019526,6
base,whalley_wilmott,327,327,-1.0719774915668552,0.09814014739533752,7
base,whalley_wilmott,328,328,0.12605677938447069,0.08031494938250441,9
base,whalley_wilmott,329,329,1.8349104833932772,0.03225777226523963,5
base,whalley_wilmott,330,330,-2.927970542506756,0.10563301486462491,19
base,whalley_wilmott,331,331,-1.3943505270683971,0.103020423985799,10
base,whalley_wilmott,332,332,-0.2524106351055763,0.0707590781850677,11
base,whalley_wilmott,333,333,-3.0479285741152466,0.10575285305803997,18
base,whalley_wilmott,334,334,0.7061711705131272,0.03285825227521436,11
base,whalley_wilmott,335,335,-0.5494446741410286,0.08944629071573826,12
base,whalley_wilmott,336,336,1.3126496177335056,0.04633032096412868,4
base,whalley_wilmott,337,337,-0.34429887086452027,0.09852547263733782,8
base,whalley_wilmott,338,338,1.5390577100043141,0.04784590318177402,5
base,whalley_wilmott,339,339,-0.41928129127315117,0.08955913487207699,14
base,whalley_wilmott,340,340,0.8912281160446414,0.053519479236619656,6
base,whalley_wilmott,341,341,-1.8910287890068957,0.10459686978366044,12
base,whalley_wilmott,342,342,-2.39580727913075,0.10490091859709894,11
base,whalley_wilmott,343,343,-4.170854647250849,0.10687465732690672,19
base,whalley_wilmott,344,344,1.2559360555416248,0.041916001748217406,4
base,whalley_wilmott,345,345,-0.6833290242334584,0.10232890818921055,9
base,whalley_wilmott,346,346,1.8759420534338886,0.028795498997864023,5
base,whalley_wilmott,347,347,0.6739025763904979,0.03453615445162065,15
base,whalley_wilmott,348,348,-1.5833973759609847,0.10428961549635567,13
base,whalley_wilmott,349,349,-0.9964823350165606,0.09955300157379644,9
base,whalley_wilmott,350,350,1.1563472371068215,0.047110753327668176,6
base,whalley_wilmott,351,351,2.228828784599127,0.016577004116227284,2
base,whalley_wilmott,352,352,2.685584310161369,0.015080341445552623,1
base,whalley_wilmott,353,353,-0.02032330929144366,0.08261394920525492,5
base,whalley_wilmott,354,354,1.4986037142662052,0.03415188549412848,8
base,whalley_wilmott,355,355,-2.3500030327831922,0.10505555450571971,9
base,whalley_wilmott,356,356,2.0641756216210165,0.037326814509568165,5
base,whalley_wilmott,357,357,-2.704959672053789,0.10541000081221069,16
base,whalley_wilmott,358,358,-2.116708994642792,0.10482256376785773,16
base,whalley_wilmott,359,359,-2.876496208393064,0.10558159195342241,15
base,whalley_wilmott,360,360,1.0686075983016499,0.028724923488076884,9
base,whalley_wilmott,361,361,-0.37548740982569484,0.10197346424294507,10
base,whalley_wilmott,362,362,-1.0038510444585853,0.09999462283963395,8
base,whalley_wilmott,363,363,2.429185268359239,0.016977508467418485,2
base,whalley_wilmott,364,364,-1.9249748449791895,0.10463102116080115,13
base,whalley_wilmott,365,365,1.5150787859972379,0.03989208119634255,5
base,whalley_wilmott,366,366,-2.0502026434870686,0.10434933261244603,11
base,whalley_wilmott,367,367,-1.5464917768626094,0.09890382377506939,12
base,whalley_wilmott,368,368,-0.996540817005851,0.09951325629290138,7
base,whalley_wilmott,369,369,-0.9018079280168019,0.09003732271279467,11
base,whalley_wilmott,370,370,1.6914164594736505,0.04749034095662544,7
base,whalley_wilmott,371,371,1.481917859326117,0.0418189336970273,6
base,whalley_wilmott,372,372,-1.7740696809604088,0.09611454402065092,15
base,whalley_wilmott,373,373,1.5928422040694665,0.028984844465748033,4
base,whalley_wilmott,374,374,1.2797207006150022,0.06867325801510152,5
base,whalley_wilmott,375,375,-2.9520491814181753,0.10565706944895199,17
base,whalley_wilmott,376,376,-3.746928316546864,0.1184451062135022,13
base,whalley_wilmott,377,377,1.0803108416170915,0.0382967465767714,5
base,whalley_wilmott,378,378,1.8768931041540284,0.03375046167996576,4
base,whalley_wilmott,379,379,0.9292945252367906,0.10056237505240075,7
base,whalley_wilmott,380,380,1.5824737144765018,0.04273833091437151,7
base,whalley_wilmott,381,381,0.7386203676224146,0.06382673681908492,8
base,whalley_wilmott,382,382,-1.7365427007143808,0.10437722145497354,13
base,whalley_wilmott,383,383,1.6128265828666628,0.04171521218886375,7
base,whalley_wilmott,384,384,-1.8324763487242848,0.10437963458933867,12
base,whalley_wilmott,385,385,0.21555865883484415,0.04731494319227039,6
base,whalley_wilmott,386,386,-1.1971419966749826,0.09075353353234229,12
base,whalley_wilmott,387,387,-2.4359386648585826,0.10514146806092434,20
base,whalley_wilmott,388,388,-2.0173593375902783,0.10472331336121186,9
base,whalley_wilmott,389,389,-0.16870595628049045,0.09416399340799765,9
base,whalley_wilmott,390,390,-1.4163515736062777,0.0935449495122194,10
base,whalley_wilmott,391,391,1.9162256486309381,0.026656876258245258,3
base,whalley_wilmott,392,392,-3.1720388979260576,0.10500124179757936,15
base,whalley_wilmott,393,393,1.9097937963506055,0.03714496641874716,3
base,whalley_wilmott,394,394,-0.012235942547978773,0.0874808241367617,11
base,whalley_wilmott,395,395,-0.8058647253817028,0.08241896301503324,10
base,whalley_wilmott,396,396,-1.6077873678221977,0.09157249434953935,12
base,whalley_wilmott,397,397,1.8799578111799704,0.04972553412418686,7
base,whalley_wilmott,398,398,1.5256754378165878,0.028887635004766744,6
base,whalley_wilmott,399,399,1.9961521841059913,0.025284977250540505,6
base,whalley_wilmott,400,400,2.657444697257535,0.014852461710931322,1
base,whalley_wilmott,401,401,-0.792131198868617,0.1033346072365543,11
base,whalley_wilmott,402,402,0.38005128981286873,0.09662089496495335,3
base,whalley_wilmott,403,403,-2.323799918740164,0.1049143225128992,14
base,whalley_wilmott,404,404,0.994083168425135,0.07553461836209836,8
base,whalley_wilmott,405,405,-4.054567357776577,0.10675846034350522,14
base,whalley_wilmott,406,406,-1.6476578997278466,0.08953188871915296,8
base,whalley_wilmott,407,407,2.3371832970663817,0.03792153523690944,7
base,whalley_wilmott,408,408,-1.1832267653775546,0.10287711603860006,10
base,whalley_wilmott,409,409,2.6780166953600038,0.02274291817119533,3
base,whalley_wilmott,410,410,1.1252137806410725,0.039896596879875366,8
base,whalley_wilmott,411,411,2.1362013451858886,0.03603893481950248,4
base,whalley_wilmott,412,412,-1.6163600277023669,0.10585145981249475,8
base,whalley_wilmott,413,413,2.712095852865584,0.0209248941851756,2
base,whalley_wilmott,414,414,0.36041180635120185,0.05714669763776453,5
base,whalley_wilmott,415,415,1.8938296400886223,0.026862234613290598,2
base,whalley_wilmott,416,416,2.783869715630516,0.02475338854812567,2
base,whalley_wilmott,417,417,2.0300446601060997,0.037654691893218656,4
base,whalley_wilmott,418,418,2.1845788294059205,0.029280907853510438,2
base,whalley_wilmott,419,419,0.23560617650012716,0.08234296103244872,7
base,whalley_wilmott,420,420,1.0528468736638956,0.07806511161590676,6
base,whalley_wilmott,421,421,-0.8038033358396746,0.10234616597840727,12
base,whalley_wilmott,422,422,-1.5187965889504227,0.10418722745220763,14
base,whalley_wilmott,423,423,-1.1969165825178019,0.09433963073717197,9
base,whalley_wilmott,424,424,-3.500535110357191,0.10620500743990009,18
base,whalley_wilmott,425,425,1.0990508471035412,0.06191301242723074,7
base,whalley_wilmott,426,426,1.950781893929964,0.04473181308410933,6
base,whalley_wilmott,427,427,2.146786786936818,0.02886241828562204,7
base,whalley_wilmott,428,428,1.2076644683704316,0.061124997768534715,4
base,whalley_wilmott,429,429,1.29304105230601,0.040454574148464,5
base,whalley_wilmott,430,430,0.7919503976331868,0.09549471356275491,7
base,whalley_wilmott,431,431,0.514254383533185,0.048084562389801674,5
base,whalley_wilmott,432,432,2.010498914106,0.02901085336311934,5
base,whalley_wilmott,433,433,1.4226329800610955,0.05055653525474516,6
base,whalley_wilmott,434,434,0.02399704870470032,0.10157349546818897,7
base,whalley_wilmott,435,435,-2.5475913791804885,0.10525286224025483,13
base,whalley_wilmott,436,436,-2.4398090529857797,0.10514513478838677,15
base,whalley_wilmott,437,437,0.6412150838049584,0.06176258209221935,3
base,whalley_wilmott,438,438,2.8260523174669103,0.019877256671872984,2
base,whalley_wilmott,439,439,-2.0274138131374286,0.10473226886508193,10
base,whalley_wilmott,440,440,-1.1444056614458304,0.10280357335229133,10
base,whalley_wilmott,441,441,-1.0373808816964925,0.0938091992921616,12
base,whalley_wilmott,442,442,-4.091036471758613,0.1067949188898515,18
base,whalley_wilmott,443,443,1.3628321585904963,0.032185574316785356,4
base,whalley_wilmott,444,444,2.6741782507040774,0.01895884265284692,3
base,whalley_wilmott,445,445,-3.532042523242481,0.10623648337684842,20
base,whalley_wilmott,446,446,0.991759612344342,0.04020187156969838,12
base,whalley_wilmott,447,447,1.331860349340623,0.046297310227418426,5
base,whalley_wilmott,448,448,1.9481782281953652,0.029358029950342868,3
base,whalley_wilmott,449,449,0.8879567848709939,0.06973417037168442,6
base,ppo,0,0,-0.5889552823771513,0.1808088398444963,30
base,ppo,1,1,-1.1486315654925896,0.25878958603379604,30
base,ppo,2,2,-0.40583746880020044,0.3106517948913428,30
base,ppo,3,3,2.283596945349032,0.1692332917404792,30
base,ppo,4,4,0.6052975125484927,0.2963743320669129,30
base,ppo,5,5,0.13415921585975,0.19347206011458262,30
base,ppo,6,6,-2.003239156438312,0.2243374213371551,30
base,ppo,7,7,-1.0486532093700198,0.13250197535302194,30
base,ppo,8,8,1.4860847452088564,0.2101949534989145,30
base,ppo,9,9,0.27787777635541033,0.24383230002638423,30
base,ppo,10,10,0.25776731276909715,0.12066704846979649,30
base,ppo,11,11,-2.3448880422543166,0.26007139093588294,30
base,ppo,12,12,-1.2319877151418552,0.2769118398659246,30
base,ppo,13,13,2.6289696200077373,0.22278846716294354,30
base,ppo,14,14,0.9503067845813646,0.2898947018586677,30
base,ppo,15,15,-1.1814828806478772,0.2369436604784983,30
base,ppo,16,16,-0.15240212341092274,0.30630056830511465,30
base,ppo,17,17,-0.7256132641679933,0.1268572042091852,30
base,ppo,18,18,0.8431321499573272,0.1549710379790579,30
base,ppo,19,19,-1.6553193630038372,0.29019852883123126,30
base,ppo,20,20,-2.142982297084698,0.20351943859165744,30
base,ppo,21,21,-0.8597415037161937,0.27580056096864264,30
base,ppo,22,22,-0.44975731164861443,0.3166192912585362,30
base,ppo,23,23,0.6468739988985774,0.18314284350502102,30
base,ppo,24,24,0.14864870381168593,0.21865399999260068,30
base,ppo,25,25,-1.5526179615791165,0.2341296296874974,30
base,ppo,26,26,-0.6643646669575318,0.3102772029159122,30
base,ppo,27,27,-1.4186059916503808,0.15447487543665436,30
base,ppo,28,28,0.8254729528110261,0.291056106194587,30
base,ppo,29,29,-0.7205676973153032,0.2001901745614104,30
base,ppo,30,30,-1.2994019072114185,0.16781190907961668,30
base,ppo,31,31,-0.8707517556450597,0.2676108219611629,30
base,ppo,32,32,-0.6359313884396798,0.23471094251159172,30
base,ppo,33,33,1.2859994086141704,0.2418134417224019,30
base,ppo,34,34,1.3895455799555805,0.22929962802956239,30
base,ppo,35,35,-0.659567498533356,0.3466734777385678,30
base,ppo,36,36,0.7321695432641189,0.1606838895029799,30
base,ppo,37,37,0.4988474871479145,0.18971213880144228,30
base,ppo,38,38,-1.5807263824410853,0.29157973706789175,30
base,ppo,39,39,0.573961004766268,0.2579643679483786,30
base,ppo,40,40,1.3191329665966212,0.11810085684544123,30
base,ppo,41,41,0.1942074235322906,0.27651724602531835,30
base,ppo,42,42,0.8321968181096366,0.2074150274858302,30
base,ppo,43,43,-0.24051318557157053,0.16874517190939817,30
base,ppo,44,44,0.2937626061939653,0.24963731133335243,30
base,ppo,45,45,-0.08968640048308885,0.15525224733418908,30
base,ppo,46,46,-0.3355686911089748,0.2482671749186503,30
base,ppo,47,47,-1.4189199180226986,0.23297923115961758,30
base,ppo,48,48,-0.3519997175162928,0.17886203443991425,30
base,ppo,49,49,-0.2806546413023767,0.23952880300974538,30
base,ppo,50,50,-1.001288771765088,0.15132722412154428,30
base,ppo,51,51,0.9904549148995159,0.34435047321617773,30
base,ppo,52,52,-0.16178822949737537,0.2643378338351221,30
base,ppo,53,53,-0.3102097975057916,0.2321036479617182,30
base,ppo,54,54,0.6271315736028669,0.27271860563737615,30
base,ppo,55,55,1.4287074375909299,0.34349900539626776,30
base,ppo,56,56,-1.5482171188030804,0.27938525938554754,30
base,ppo,57,57,-1.800712234739322,0.2719453733391036,30
base,ppo,58,58,-0.02904440721576229,0.09631891952405972,30
base,ppo,59,59,-1.1771090595367326,0.20779078049641483,30
base,ppo,60,60,-0.07831287521052843,0.17783325906426325,30
base,ppo,61,61,0.005126592861103063,0.3264014528629797,30
base,ppo,62,62,1.1404525040003612,0.08576614156776666,30
base,ppo,63,63,1.0311157183351014,0.1651714097979245,30
base,ppo,64,64,0.5795571669854169,0.18624902964221662,30
base,ppo,65,65,-1.0452300919289996,0.28488493248827473,30
base,ppo,66,66,-0.18945279786917446,0.25682559523868,30
base,ppo,67,67,0.3871490214779669,0.30085808024916844,30
base,ppo,68,68,-0.6244071091631582,0.19849590793927474,30
base,ppo,69,69,0.12080011440532701,0.18795358609900764,30
base,ppo,70,70,1.9568003264007672,0.21541560611497762,30
base,ppo,71,71,0.9162045758796324,0.24758923359070317,30
base,ppo,72,72,0.6322568613355344,0.26626086334313487,30
base,ppo,73,73,0.12446697164816989,0.17695770310089515,30
base,ppo,74,74,-0.42212659473884173,0.21499419221366328,30
base,ppo,75,75,-1.1115107932432693,0.24420951319118994,30
base,ppo,76,76,-1.0154979436322549,0.20040681130884114,30
base,ppo,77,77,-0.1691418761900607,0.22622828671354092,30
base,ppo,78,78,1.541728917555531,0.15717135517320846,30
base,ppo,79,79,1.2540778972390463,0.23148839957577316,30
base,ppo,80,80,0.5289318087556865,0.2138473110650679,30
base,ppo,81,81,-0.6196543677596082,0.16116878726261688,30
base,ppo,82,82,-0.69557088675049,0.17568041486932487,30
base,ppo,83,83,0.5291564018368717,0.22683467946171829,30
base,ppo,84,84,0.6082715660422462,0.13580999807553673,30
base,ppo,85,85,0.4756074788918596,0.10590248537194756,30
base,ppo,86,86,-1.163840960173701,0.31903191611529297,30
base,ppo,87,87,-0.09091848792601986,0.25151902160244083,30
base,ppo,88,88,0.0911847531660186,0.27657540117477414,30
base,ppo,89,89,-0.430043737217531,0.3107291227213951,30
base,ppo,90,90,-0.4036551303773166,0.18640214858981527,30
base,ppo,91,91,0.622759677745151,0.19345893790191526,30
base,ppo,92,92,1.1345723511260761,0.10774640487098637,30
base,ppo,93,93,0.29135623264502897,0.19685605933866618,30
base,ppo,94,94,-0.2565409798686904,0.115719111292842,30
base,ppo,95,95,-0.7670972534451295,0.27350259202457133,30
base,ppo,96,96,0.6906050336218073,0.24562783064665974,30
base,ppo,97,97,-1.07641598981421,0.1331990482852023,30
base,ppo,98,98,1.710677178996761,0.1807736336666131,30
base,ppo,99,99,1.056866229484669,0.23744063655637437,30
base,ppo,100,100,-1.0803309814723292,0.21068689060539844,30
base,ppo,101,101,-0.54520262904569,0.31482463157594526,30
base,ppo,102,102,-2.3495735162141216,0.25557503363724177,30
base,ppo,103,103,1.1706869779590114,0.10501279560915805,30
base,ppo,104,104,2.5884943684036017,0.16926623599953852,30
base,ppo,105,105,-3.1491515709590985,0.26051666705491705,30
base,ppo,106,106,1.372601276868437,0.21205291187277908,30
base,ppo,107,107,1.5405210728444274,0.28197642659439215,30
base,ppo,108,108,-0.38185360759260334,0.24020582082137204,30
base,ppo,109,109,0.08976633119647204,0.2058642737095213,30
base,ppo,110,110,-1.6506953275022056,0.30477717669648907,30
base,ppo,111,111,0.3541200879344686,0.19618536830008854,30
base,ppo,112,112,0.01784565732197052,0.33057499932437107,30
base,ppo,113,113,-2.214272268943617,0.3252609689250969,30
base,ppo,114,114,-0.27525274338559313,0.200903857459761,30
base,ppo,115,115,1.0398096148194593,0.08703813467846021,30
base,ppo,116,116,-1.3790086280076537,0.25163375799404986,30
base,ppo,117,117,0.5616764669550829,0.22520965233627013,30
base,ppo,118,118,-0.27968204320323764,0.2802821178835861,30
base,ppo,119,119,-1.1544891175897067,0.15498506654965682,30
base,ppo,120,120,0.2598383425162609,0.2798168011881268,30
base,ppo,121,121,-0.37234601260885647,0.24473014701467635,30
base,ppo,122,122,1.0305277276706768,0.1479391204255118,30
base,ppo,123,123,1.0809985979232692,0.24250559835362676,30
base,ppo,124,124,-0.13132596729334267,0.21625384883752044,30
base,ppo,125,125,0.9149174804805469,0.07896873838632903,30
base,ppo,126,126,-2.513975656002879,0.1947997354270166,30
base,ppo,127,127,2.772931331999203,0.24119753799715643,30
base,ppo,128,128,-0.3042457222287851,0.28291769370122116,30
base,ppo,129,129,-0.5330959827714281,0.2589761335826468,30
base,ppo,130,130,-0.5832939721840713,0.16990970120863186,30
base,ppo,131,131,0.14640233104869083,0.2423105698034888,30
base,ppo,132,132,0.11308193621477436,0.12940321489480366,30
base,ppo,133,133,-3.186339413338601,0.2879828878751302,30
base,ppo,134,134,-0.45122208298031374,0.12366179905059861,30
base,ppo,135,135,-0.18678602860670424,0.3503996581661733,30
base,ppo,136,136,0.8409735888951957,0.285130209558979,30
base,ppo,137,137,0.31399274916724806,0.12183415578654783,30
base,ppo,138,138,0.5322156714851349,0.11483551158571742,30
base,ppo,139,139,1.0322846742619625,0.23598565674626884,30
base,ppo,140,140,-0.23979055017782258,0.24280871160242196,30
base,ppo,141,141,-1.6722814315132624,0.3127747129309102,30
base,ppo,142,142,2.146338047884683,0.24278180169395003,30
base,ppo,143,143,-1.0699023688828362,0.24961605844604953,30
base,ppo,144,144,-0.39442524043028016,0.22695090985338792,30
base,ppo,145,145,0.010238308098974969,0.14346274330085754,30
base,ppo,146,146,-0.49483625519061114,0.09835335919663626,30
base,ppo,147,147,-0.9184065652217228,0.20244514237753178,30
base,ppo,148,148,-2.1978228351154456,0.270647732960869,30
base,ppo,149,149,-0.1785098834069032,0.22716227053981672,30
base,ppo,150,150,-0.7132678172002329,0.29319020925277595,30
base,ppo,151,151,0.722138060224836,0.21244810110539622,30
base,ppo,152,152,0.5122919588523338,0.14070276162542583,30
base,ppo,153,153,-0.6926885445942936,0.20947908281781447,30
base,ppo,154,154,0.6580985389462093,0.13877816488621847,30
base,ppo,155,155,0.7589945813490697,0.17885128686505275,30
base,ppo,156,156,0.573426136836062,0.2445393615246495,30
base,ppo,157,157,-0.4885401168149084,0.21256684504261109,30
base,ppo,158,158,-0.06658249172519604,0.11576978960464553,30
base,ppo,159,159,1.2202745382294697,0.1938279504401289,30
base,ppo,160,160,1.9561812829002037,0.18018700902888357,30
base,ppo,161,161,-0.6290638190579045,0.17353123310285123,30
base,ppo,162,162,0.13388411206332407,0.19228895713069932,30
base,ppo,163,163,-0.8997206905303159,0.18489850112048165,30
base,ppo,164,164,-1.3528404367708617,0.3346199263198728,30
base,ppo,165,165,-0.3854622280121873,0.28905917963802213,30
base,ppo,166,166,-0.2273495114858406,0.23251499138043089,30
base,ppo,167,167,1.0397653977572077,0.25764242312752783,30
base,ppo,168,168,-0.05472354648474109,0.1764136621346984,30
base,ppo,169,169,-0.6247932574475641,0.2728571793605724,30
base,ppo,170,170,-2.8934978422321223,0.17925838066267943,30
base,ppo,171,171,0.7830705576119641,0.19038201855641587,30
base,ppo,172,172,0.9632415641403895,0.29487017728333653,30
base,ppo,173,173,0.5039429936866728,0.20933273302487526,30
base,ppo,174,174,-0.1392676236249457,0.12465234647659724,30
base,ppo,175,175,-1.6484268057777456,0.1945330452512679,30
base,ppo,176,176,-0.4452250653572847,0.13810758917069726,30
base,ppo,177,177,1.1997125652444396,0.20133013388057977,30
base,ppo,178,178,-0.14028690961732693,0.11838068462656978,30
base,ppo,179,179,-0.04393888339891028,0.19932158829535096,30
base,ppo,180,180,0.7302092423010009,0.32842541716639645,30
base,ppo,181,181,1.4932538365341124,0.1652850870304386,30
base,ppo,182,182,-1.40174291447984,0.31354895284010453,30
base,ppo,183,183,-1.8833983545954567,0.3292752251540805,30
base,ppo,184,184,0.8003346327533336,0.17628440758479746,30
base,ppo,185,185,-0.9937582722748886,0.32317714022805677,30
base,ppo,186,186,-1.1608959428792005,0.16763800737218235,30
base,ppo,187,187,-1.560504385856646,0.23413778568101648,30
base,ppo,188,188,0.5851699556523329,0.2912697586934022,30
base,ppo,189,189,-0.34689070145138245,0.22136651051613881,30
base,ppo,190,190,-4.423655667678631,0.4374280640500003,30
base,ppo,191,191,0.46214511065476493,0.1684456268633528,30
base,ppo,192,192,-1.3110740088460773,0.27825526103123616,30
base,ppo,193,193,-1.682258163528246,0.1946953697072001,30
base,ppo,194,194,-2.693246674531764,0.20710768157801981,30
base,ppo,195,195,-0.42186430369284267,0.2706729095540097,30
base,ppo,196,196,-0.9463102571603628,0.2906783011270765,30
base,ppo,197,197,-0.4087828463795553,0.24630415426983462,30
base,ppo,198,198,1.6537219354159447,0.24982116387423828,30
base,ppo,199,199,-0.6211787313008106,0.14952990124865614,30
base,ppo,200,200,1.3718398746178586,0.1572289636480839,30
base,ppo,201,201,-0.13469489128705092,0.2251158863628036,30
base,ppo,202,202,0.3642110208470797,0.21543815964970164,30
base,ppo,203,203,-1.1878686543421821,0.31124526605969194,30
base,ppo,204,204,-0.9652561083191245,0.2933833636139268,30
base,ppo,205,205,-3.4648769916150712,0.14528337137332922,30
base,ppo,206,206,0.10198307513866212,0.23598839205042538,30
base,ppo,207,207,-0.2783799781321932,0.2776243664752628,30
base,ppo,208,208,-0.04670178037083872,0.23329235885117605,30
base,ppo,209,209,-0.02336980142953138,0.10118188814527775,30
base,ppo,210,210,-1.3649758700178776,0.28263381245358876,30
base,ppo,211,211,0.5496237321311526,0.22894418374211575,30
base,ppo,212,212,1.4012201515825353,0.1987929280035697,30
base,ppo,213,213,0.7386335150088144,0.26394079420421146,30
base,ppo,214,214,0.22606181896136945,0.1620893222547118,30
base,ppo,215,215,-0.07651494465556397,0.14487818570080627,30
base,ppo,216,216,-3.1450013454254986,0.17207129255951592,30
base,ppo,217,217,1.1416816915047825,0.2117141532159249,30
base,ppo,218,218,0.44187618319961075,0.11935321343314419,30
base,ppo,219,219,-0.26678819695715106,0.3164650778578939,30
base,ppo,220,220,-1.2034565263153496,0.2127886157098251,30
base,ppo,221,221,0.5257000911889733,0.29107703974522625,30
base,ppo,222,222,-2.4380178117431086,0.3428515203888747,30
base,ppo,223,223,0.18591104761896915,0.1733569389367301,30
base,ppo,224,224,-0.24468676258894106,0.2848751496099621,30
base,ppo,225,225,0.026194817927148506,0.14810866437509093,30
base,ppo,226,226,-1.3066074870374678,0.2280847768299466,30
base,ppo,227,227,-1.0200860284275564,0.2212610589123659,30
base,ppo,228,228,-1.6492808148602052,0.24003814452157088,30
base,ppo,229,229,1.6597525815015644,0.18666392429757894,30
base,ppo,230,230,-1.0844859051590667,0.2268555915511734,30
base,ppo,231,231,-1.8483724254610934,0.3076355106394043,30
base,ppo,232,232,0.17434828639716216,0.2664049191712333,30
base,ppo,233,233,-1.9836264349468138,0.19327473696523753,30
base,ppo,234,234,-0.886108180967419,0.27043222313097726,30
base,ppo,235,235,-1.686656070578561,0.25310028429488945,30
base,ppo,236,236,-2.335420564984318,0.3119374193480427,30
base,ppo,237,237,1.095339802632168,0.17405008993646737,30
base,ppo,238,238,0.7745794524934411,0.23087891590869558,30
base,ppo,239,239,0.9316637014119493,0.20794845731508926,30
base,ppo,240,240,1.1045523388927307,0.28744364452841387,30
base,ppo,241,241,0.1655161489564705,0.25214968459139436,30
base,ppo,242,242,0.8744578931911633,0.19947281861315566,30
base,ppo,243,243,-0.10615478834366954,0.2394929590361698,30
base,ppo,244,244,-0.2938677794580258,0.17182113624663803,30
base,ppo,245,245,-1.5741180499136433,0.3153511041606196,30
base,ppo,246,246,-0.08497509112129009,0.14284825379791077,30
base,ppo,247,247,-3.6631663756347095,0.31027478215963644,30
base,ppo,248,248,0.22276445726762972,0.18864707421974522,30
base,ppo,249,249,-1.1614769966370773,0.17080522997821007,30
base,ppo,250,250,0.5687263887653806,0.1772490140249066,30
base,ppo,251,251,-0.200525845983055,0.1637600135694085,30
base,ppo,252,252,1.5995927367476952,0.24738020163259003,30
base,ppo,253,253,-1.27534970385193,0.30197675976125943,30
base,ppo,254,254,-0.24041693077232384,0.08516450030435868,30
base,ppo,255,255,0.3678066616959228,0.2871649858941588,30
base,ppo,256,256,-3.4254149542882963,0.2978534812996498,30
base,ppo,257,257,0.6692700565186076,0.16833224958927515,30
base,ppo,258,258,0.5396738811111828,0.12364910823962846,30
base,ppo,259,259,0.4026958048785616,0.2026360800385362,30
base,ppo,260,260,-2.3276525536404193,0.2921903567852383,30
base,ppo,261,261,-1.3133409673939855,0.273793763005004,30
base,ppo,262,262,0.25836014695838116,0.2384102275968019,30
base,ppo,263,263,-2.0999977222688386,0.19677192664074933,30
base,ppo,264,264,-0.2992036614915463,0.2204758499680999,30
base,ppo,265,265,-2.987093174746718,0.3316821253983226,30
base,ppo,266,266,0.7127838930633068,0.25306542608911453,30
base,ppo,267,267,-0.8775850550626281,0.16705929521476906,30
base,ppo,268,268,0.8709131706183513,0.21358891182078024,30
base,ppo,269,269,1.4726471481317986,0.1581615992474745,30
base,ppo,270,270,-0.02718614950249787,0.325716818562678,30
base,ppo,271,271,0.9026636740491796,0.09942412082874262,30
base,ppo,272,272,-2.1858924712898045,0.3189028402086125,30
base,ppo,273,273,-1.452872418252662,0.23664902628910944,30
base,ppo,274,274,0.2632519242168119,0.12017699483035459,30
base,ppo,275,275,-1.8788017491250173,0.16501901577281006,30
base,ppo,276,276,0.784359304967694,0.1352265568967242,30
base,ppo,277,277,-1.3798000819747074,0.33071812460334654,30
base,ppo,278,278,-0.7310756649591283,0.13689251205983075,30
base,ppo,279,279,0.4232129906419111,0.09820029590217141,30
base,ppo,280,280,-0.49400387032019566,0.2005100199028105,30
base,ppo,281,281,-2.8917558290317427,0.2472738044920414,30
base,ppo,282,282,0.01909505890566887,0.08199383242014942,30
base,ppo,283,283,1.266287367300123,0.22676655674946253,30
base,ppo,284,284,1.6848232324873607,0.1764009254829116,30
base,ppo,285,285,-2.696073747262904,0.32045007228927497,30
base,ppo,286,286,-0.2909246451088592,0.16829378885788068,30
base,ppo,287,287,0.9654668687624763,0.3285189312834001,30
base,ppo,288,288,-1.2180425644639996,0.26016288973554785,30
base,ppo,289,289,0.6888490716576712,0.17333062936360738,30
base,ppo,290,290,0.9262267740175929,0.2531262084129111,30
base,ppo,291,291,0.35654639123445975,0.2760328171867179,30
base,ppo,292,292,-1.4152870700363014,0.29975389033605515,30
base,ppo,293,293,1.0621827400212975,0.20130924751085982,30
base,ppo,294,294,0.5707284440892622,0.33277733026748646,30
base,ppo,295,295,-1.7433294644540211,0.3432707544045098,30
base,ppo,296,296,2.0697128083314915,0.20914869265233507,30
base,ppo,297,297,-0.04358336391685036,0.1460788770268072,30
base,ppo,298,298,-3.3536575160983872,0.25622824142719963,30
base,ppo,299,299,-0.6003665251841284,0.1451116830696181,30
base,ppo,300,300,1.438660050427373,0.09181151902019066,30
base,ppo,301,301,0.6394550746570697,0.08048927876836098,30
base,ppo,302,302,-1.3730211076683787,0.29059922340429667,30
base,ppo,303,303,0.5617221886502932,0.17142436349223517,30
base,ppo,304,304,-1.2922782856772983,0.32697908001236786,30
base,ppo,305,305,0.41032022669308255,0.2386905540679125,30
base,ppo,306,306,1.7747178464324946,0.2330587092262416,30
base,ppo,307,307,-0.07909216187178458,0.2518967247371009,30
base,ppo,308,308,-0.9465014133071818,0.23579501934918337,30
base,ppo,309,309,-0.8540997052275401,0.25974242625761945,30
base,ppo,310,310,0.1138831846803754,0.23993860065557626,30
base,ppo,311,311,0.3328835823042766,0.2725293785015216,30
base,ppo,312,312,-2.224257516311667,0.34266187914686047,30
base,ppo,313,313,-1.167814759451602,0.3476854450674047,30
base,ppo,314,314,-0.2681075005736062,0.27986404887276567,30
base,ppo,315,315,-1.3581637511851152,0.16027993982224872,30
base,ppo,316,316,0.6584806282975535,0.22627021415839113,30
base,ppo,317,317,0.8753510072018003,0.1944414320123448,30
base,ppo,318,318,-0.8707301323091556,0.2856873461758137,30
base,ppo,319,319,0.7337883164463506,0.23512132215265322,30
base,ppo,320,320,0.4604027899140135,0.18513129299620498,30
base,ppo,321,321,0.5518700357039243,0.1905595422364424,30
base,ppo,322,322,-0.7507928186401074,0.25173584464863913,30
base,ppo,323,323,-0.5762392896526052,0.15903327726362554,30
base,ppo,324,324,-1.5276857054042523,0.17667246906235756,30
base,ppo,325,325,-0.15923318820438936,0.19044302908772026,30
base,ppo,326,326,-0.02610158183361122,0.14502431817429687,30
base,ppo,327,327,-1.6851901956914759,0.2671961029988493,30
base,ppo,328,328,-0.5788865241626233,0.2438549693128936,30
base,ppo,329,329,1.0873067481268066,0.20459784186333277,30
base,ppo,330,330,-0.07447782191189845,0.15526878088185944,30
base,ppo,331,331,-1.4780485115165902,0.2701311367798796,30
base,ppo,332,332,-1.669224761405589,0.2475605948822295,30
base,ppo,333,333,-1.3421321578872636,0.2322860596016135,30
base,ppo,334,334,-0.8104785421867753,0.10488199178738868,30
base,ppo,335,335,0.2579079316359696,0.24638710050493814,30
base,ppo,336,336,0.06401459064235127,0.27411460656951275,30
base,ppo,337,337,0.5101809911097916,0.24093628205718193,30
base,ppo,338,338,-0.17614530911808757,0.15179072106897967,30
base,ppo,339,339,-0.00952081102107627,0.20478945664980985,30
base,ppo,340,340,-0.6420602674462579,0.22547603538848585,30
base,ppo,341,341,0.26469443459988895,0.22092725552568868,30
base,ppo,342,342,-1.1397895081467055,0.20353281618657082,30
base,ppo,343,343,0.027694687860559952,0.17303164558475506,30
base,ppo,344,344,0.7747829064894347,0.32520273889687207,30
base,ppo,345,345,0.13184056736317018,0.2211027010324389,30
base,ppo,346,346,1.1171491088057426,0.13625502711175078,30
base,ppo,347,347,-0.011753638967963553,0.10349632700155453,30
base,ppo,348,348,1.0337253518119098,0.22685433709674516,30
base,ppo,349,349,-1.6670962339576558,0.2605827361378772,30
base,ppo,350,350,-0.08280449097921405,0.2726724464375188,30
base,ppo,351,351,0.39820987311476586,0.23360292397648674,30
base,ppo,352,352,1.8927823498104246,0.24558577322872793,30
base,ppo,353,353,-0.5654281023722962,0.24374549926205902,30
base,ppo,354,354,0.16865515640660433,0.11316191435097232,30
base,ppo,355,355,0.607057495738303,0.28696013163871714,30
base,ppo,356,356,-0.5831840806846884,0.22910822792856841,30
base,ppo,357,357,-0.1154964973297723,0.17541939543004534,30
base,ppo,358,358,1.4839028236632288,0.19235740633952014,30
base,ppo,359,359,1.5668146076532565,0.1736482707399652,30
base,ppo,360,360,-0.6537894715461512,0.12302990416165406,30
base,ppo,361,361,-1.7252559656526891,0.3007733546818169,30
base,ppo,362,362,-2.2498954876369055,0.2829271322751724,30
base,ppo,363,363,0.7345478226924307,0.21447155953726382,30
base,ppo,364,364,1.1832487193873504,0.21365303770867167,30
base,ppo,365,365,0.5169219592522296,0.14577499770405578,30
base,ppo,366,366,-0.9260316004483684,0.2083842956329024,30
base,ppo,367,367,-1.3367581744161896,0.23303543200690124,30
base,ppo,368,368,1.1035965968067387,0.2777909705195211,30
base,ppo,369,369,-1.8173919702004966,0.18533950583543346,30
base,ppo,370,370,0.11751624239495939,0.31333248379594797,30
base,ppo,371,371,-0.3939126283229868,0.3447198943077659,30
base,ppo,372,372,-1.140143114292968,0.20847086848455537,30
base,ppo,373,373,-0.3251527881066778,0.16600327365855674,30
base,ppo,374,374,-0.5260213837973637,0.22325451250734005,30
base,ppo,375,375,0.8600732043574055,0.17185018795252527,30
base,ppo,376,376,-3.2942466547671074,0.3411531661225551,30
base,ppo,377,377,0.6831551086251721,0.30985984692708946,30
base,ppo,378,378,0.7704993783685588,0.14810176707482928,30
base,ppo,379,379,-1.3343322574932497,0.29914953048618076,30
base,ppo,380,380,0.5406946115504567,0.1446672492404137,30
base,ppo,381,381,0.0070239936724387775,0.18673225878858674,30
base,ppo,382,382,0.42148004425318675,0.18168567398013927,30
base,ppo,383,383,-0.1854517312876407,0.1701391626151068,30
base,ppo,384,384,-1.0069526262137316,0.23986628230555435,30
base,ppo,385,385,0.2022121796566978,0.29625966014984,30
base,ppo,386,386,-2.195404011815821,0.20961545835862372,30
base,ppo,387,387,-0.19621253591768095,0.17601334537740473,30
base,ppo,388,388,0.9601589488229934,0.192222846874812,30
base,ppo,389,389,0.38020919120306473,0.27331102351461567,30
base,ppo,390,390,-1.6334180502994826,0.2349670204556508,30
base,ppo,391,391,-0.7443445925383116,0.2678576070354022,30
base,ppo,392,392,-1.4916167777409157,0.17846448867707035,30
base,ppo,393,393,1.200689578986477,0.2415147365081312,30
base,ppo,394,394,-1.1420887590391207,0.22447104189279413,30
base,ppo,395,395,-1.3750842708455195,0.25685339261708157,30
base,ppo,396,396,-1.9262480045913506,0.23251921239878298,30
base,ppo,397,397,0.7310452526098867,0.22150410799104517,30
base,ppo,398,398,0.37385790887731396,0.10725988561684383,30
base,ppo,399,399,1.2970836074435184,0.2655881388805887,30
base,ppo,400,400,1.60932678832995,0.20003157029509472,30
base,ppo,401,401,0.2171372549223065,0.260358202447596,30
base,ppo,402,402,0.4128628656257831,0.23508487666976663,30
base,ppo,403,403,-0.31273005669136467,0.25610616734238056,30
base,ppo,404,404,0.7312102792816653,0.28187130788956527,30
base,ppo,405,405,-3.320939547832438,0.20869736532093874,30
base,ppo,406,406,0.04790882396895313,0.23360578345514196,30
base,ppo,407,407,0.39340300589115174,0.26236433756735167,30
base,ppo,408,408,0.31031129635542243,0.22696533627627663,30
base,ppo,409,409,1.5906771799029507,0.24070349927664533,30
base,ppo,410,410,0.030446437026185436,0.16092493816017753,30
base,ppo,411,411,1.2032647395271425,0.26270132298113585,30
base,ppo,412,412,-2.317303342212602,0.25543530787384733,30
base,ppo,413,413,1.6550374323324775,0.2880350517978986,30
base,ppo,414,414,0.7838703311762032,0.2298260130003463,30
base,ppo,415,415,0.32233861866357927,0.2419162639608204,30
base,ppo,416,416,2.1794436291097696,0.19785873217138514,30
base,ppo,417,417,1.3242440576349352,0.22196724478383406,30
base,ppo,418,418,0.16829600756811836,0.19042200759544287,30
base,ppo,419,419,0.09583356496270312,0.26092465401362197,30
base,ppo,420,420,1.659167626267788,0.2273814594279825,30
base,ppo,421,421,-0.3751428237730039,0.20333630168384054,30
base,ppo,422,422,0.5281826732147437,0.219429399061761,30
base,ppo,423,423,-1.7169867424468563,0.24892964552559196,30
base,ppo,424,424,0.8705008959526879,0.1500734160782533,30
base,ppo,425,425,2.0742903469943457,0.2554505130737478,30
base,ppo,426,426,0.9659140505402632,0.26853019428284725,30
base,ppo,427,427,1.292061692753748,0.11103713948061862,30
base,ppo,428,428,-0.45705499430460605,0.3260827913734804,30
base,ppo,429,429,-0.9892351119811842,0.20457326914523943,30
base,ppo,430,430,-0.11821099344817299,0.28022799398123904,30
base,ppo,431,431,-2.5488997461802825,0.2575847322598656,30
base,ppo,432,432,1.4112785896117384,0.12191170749480137,30
base,ppo,433,433,0.9835204520552381,0.26260242500569736,30
base,ppo,434,434,-2.215825155323401,0.3019274369946989,30
base,ppo,435,435,-0.24241071642097722,0.17334412225389687,30
base,ppo,436,436,-0.6729214579834206,0.22776539231866716,30
base,ppo,437,437,0.41364620675221886,0.33418856577243355,30
base,ppo,438,438,2.323759085922976,0.2539357770603507,30
base,ppo,439,439,-0.5433357622627852,0.294234668574645,30
base,ppo,440,440,0.5268343656837544,0.29694078894302556,30
base,ppo,441,441,-0.4961178978092704,0.22045079930144887,30
base,ppo,442,442,-0.1507979790712426,0.1763553368332642,30
base,ppo,443,443,-2.3933732855367964,0.3036460505736204,30
base,ppo,444,444,1.8801687287338424,0.11348866296617915,30
base,ppo,445,445,2.323069739791336,0.16504946960408373,30
base,ppo,446,446,0.5415724821802002,0.13428827276593683,30
base,ppo,447,447,1.1862702177097333,0.26187912481676484,30
base,ppo,448,448,0.5719691666008302,0.11569228895321401,30
base,ppo,449,449,-1.3364223465884546,0.287614767211559,30
base,sac,0,0,-1.1050267953086141,0.32203884609191846,30
base,sac,1,1,-1.3160107023159178,0.44525091260981386,30
base,sac,2,2,0.5350726073756373,0.27352497161635936,30
base,sac,3,3,1.3464007158332123,0.26189317685294927,30
base,sac,4,4,0.8653930567903672,0.3142039327905754,30
base,sac,5,5,-0.22556424824703925,0.21188294870547061,30
base,sac,6,6,1.2141459729015338,0.4699904634212282,28
base,sac,7,7,-1.1435474607065892,0.13957469639740056,30
base,sac,8,8,1.8580889941483463,0.17371669048422728,30
base,sac,9,9,0.1729879089506028,0.3096372303710428,27
base,sac,10,10,0.8508476808595411,0.16133420991911482,30
base,sac,11,11,-1.4016271005252143,0.5339361489646555,30
base,sac,12,12,-1.2701306144317925,0.528490849503153,30
base,sac,13,13,0.6109643177928348,0.4741094067067784,26
base,sac,14,14,3.0302918491218094,0.23486792981758148,30
base,sac,15,15,-0.7693020347855679,0.25604931352796756,28
base,sac,16,16,-0.9473242467580718,0.44094815860728537,30
base,sac,17,17,-1.4411532000934848,0.17600586319754852,30
base,sac,18,18,-1.1206336523211036,0.3490745427145901,26
base,sac,19,19,-2.5580618779647146,0.4332483712779261,30
base,sac,20,20,-3.3965599240006945,0.35437275022972164,30
base,sac,21,21,0.06799511486248377,0.3444829099554386,28
base,sac,22,22,0.9058009767488642,0.45261431962849197,30
base,sac,23,23,2.0463392997025736,0.2238577365757622,30
base,sac,24,24,1.7644111150233641,0.1947122993906559,30
base,sac,25,25,1.120042495710095,0.34677579471345293,30
base,sac,26,26,0.1700952546406711,0.3765602993898662,30
base,sac,27,27,-2.079310475735575,0.305034199548766,30
base,sac,28,28,0.5031875969929729,0.3480746194915452,29
base,sac,29,29,0.6117378509288756,0.21910869853546366,30
base,sac,30,30,1.2999815435009197,0.4588082217446361,28
base,sac,31,31,-0.15011994848300958,0.35337474450931444,30
base,sac,32,32,-0.15983015167179815,0.26149106997876775,30
base,sac,33,33,0.18456454890414875,0.33120200012351964,30
base,sac,34,34,0.5024023536800968,0.4055682326092034,28
base,sac,35,35,-1.2314531306226328,0.5080892444182645,30
base,sac,36,36,0.5735725614376292,0.17755265639510384,30
base,sac,37,37,1.8894986626627714,0.18946156213904003,30
base,sac,38,38,0.8827361938922849,0.4567547164939627,29
base,sac,39,39,1.6583588121570187,0.4840716214188639,30
base,sac,40,40,1.276562871741941,0.17973715397375722,30
base,sac,41,41,0.9198605496078613,0.3285435609959415,30
base,sac,42,42,0.9240049572911886,0.16472018051815754,30
base,sac,43,43,0.6419599991567928,0.16361374341390644,30
base,sac,44,44,-0.8029204814502435,0.4797429856303977,29
base,sac,45,45,-0.4330477773018906,0.2601261710241017,30
base,sac,46,46,-0.03706669462062706,0.25713468583340116,30
base,sac,47,47,0.11058070045788781,0.421609570650422,30
base,sac,48,48,0.49973870623773564,0.4009360668868355,27
base,sac,49,49,0.08441878786744894,0.2890849898870241,27
base,sac,50,50,-0.993196280897628,0.1862996216449127,30
base,sac,51,51,1.259500918028138,0.2905661758528874,30
base,sac,52,52,-1.1797841075764524,0.5067727619097885,30
base,sac,53,53,-2.1068357740453507,0.3260960645466666,28
base,sac,54,54,0.10436526940893032,0.4963551653736442,28
base,sac,55,55,0.9013641767816978,0.5053145470532027,30
base,sac,56,56,-0.7831445338288745,0.3474471558802883,27
base,sac,57,57,-1.5621350673061585,0.4182918998172959,30
base,sac,58,58,0.4969217368561054,0.15122355033800142,30
base,sac,59,59,-1.0178964022826307,0.4741568887132385,28
base,sac,60,60,-0.7185747106943978,0.411688016597623,27
base,sac,61,61,0.5597202138274255,0.31888571435367885,30
base,sac,62,62,1.2076039455131529,0.17077787364485153,30
base,sac,63,63,0.03685928909460756,0.4663365102089219,25
base,sac,64,64,1.5716690026785258,0.23727184052029318,30
base,sac,65,65,-0.15869680856917512,0.235685714388936,30
base,sac,66,66,0.7877965222146663,0.22872144515680742,30
base,sac,67,67,-1.1936406148466148,0.5443559332072755,30
base,sac,68,68,-3.7246936417977707,0.4918653957323483,26
base,sac,69,69,-3.0536536591372254,0.5691075923931918,27
base,sac,70,70,-0.7485527181341496,0.3235765048227354,27
base,sac,71,71,0.5650587297173644,0.23363581254434304,30
base,sac,72,72,1.8419958447864246,0.2139968951437085,30
base,sac,73,73,0.5979819413747371,0.2861074023354332,30
base,sac,74,74,-2.0101413389075304,0.359268003381862,28
base,sac,75,75,-1.2892632452082466,0.3231595834127436,28
base,sac,76,76,-1.1728030013555895,0.3252462449229833,28
base,sac,77,77,0.571129696191143,0.32667771314830923,30
base,sac,78,78,-4.4876382811038695,0.3978709003494741,24
base,sac,79,79,0.9457332031582837,0.3234320738917867,30
base,sac,80,80,1.3151740615601888,0.2742793385620085,30
base,sac,81,81,-2.0435896254387274,0.3845029301367185,27
base,sac,82,82,-0.6508331697494505,0.22534228561692518,30
base,sac,83,83,-0.08342709697636508,0.24045307743289504,28
base,sac,84,84,0.38049025746318677,0.16449724454765677,30
base,sac,85,85,-0.10486764040211938,0.17680869731088503,30
base,sac,86,86,-0.6045857480509795,0.4104419701455285,30
base,sac,87,87,-0.9631232583562834,0.5796177695195599,30
base,sac,88,88,0.6069040809648811,0.2631579400445281,30
base,sac,89,89,-0.4305856846441287,0.39580827143567343,30
base,sac,90,90,-0.10407801905428471,0.3196521262837143,29
base,sac,91,91,-1.049010939333911,0.28831127782005506,27
base,sac,92,92,2.8853979874360824,0.22123653383553282,30
base,sac,93,93,0.7884161849677866,0.3402408304914812,28
base,sac,94,94,-0.17478360171653406,0.15812316359711853,30
base,sac,95,95,-0.7444993017005288,0.40037857093052753,30
base,sac,96,96,0.43096990807487146,0.3118133836666066,28
base,sac,97,97,-1.6578562093017588,0.1984218836134532,30
base,sac,98,98,-0.6390526587434096,0.3262864312165349,27
base,sac,99,99,1.013428968000241,0.25127129322455755,29
base,sac,100,100,2.6233653008510345,0.3208391081297883,28
base,sac,101,101,-1.2883415332492518,0.373991566145904,30
base,sac,102,102,-5.263241793664918,0.4721866233477996,27
base,sac,103,103,0.5992047150677848,0.18126165922476717,30
base,sac,104,104,-0.4649595162353961,0.5153800104178109,26
base,sac,105,105,-0.6308410156415789,0.40098133884411535,30
base,sac,106,106,1.9460537070513482,0.2511784609591812,30
base,sac,107,107,1.4664646639150405,0.332230318625048,30
base,sac,108,108,2.399853618721494,0.5407697945471684,27
base,sac,109,109,0.615419714533914,0.25325243932276703,28
base,sac,110,110,-2.7174520421031616,0.48618726584834426,30
base,sac,111,111,0.4354491438074177,0.2791767476313435,30
base,sac,112,112,-0.11592547948414733,0.46391796842952954,30
base,sac,113,113,-2.899512046752463,0.45907135170898056,28
base,sac,114,114,-0.13772227662926895,0.2548940450991791,30
base,sac,115,115,0.5298361142334223,0.13071867659250208,30
base,sac,116,116,-0.6378724939267144,0.28141989680595225,30
base,sac,117,117,1.5702380412636252,0.31021515297564095,30
base,sac,118,118,0.4748441828731984,0.2449673604107476,30
base,sac,119,119,-0.39670962444484914,0.3381488391149896,30
base,sac,120,120,-0.4662242907277232,0.5971818364754176,29
base,sac,121,121,-0.9813095837950652,0.42698052768269557,30
base,sac,122,122,1.3461645380155751,0.22671783694982064,30
base,sac,123,123,-1.066000229718668,0.530610170174675,27
base,sac,124,124,0.9281942423412346,0.15015677376240893,30
base,sac,125,125,1.4765075020573768,0.14301653891612037,30
base,sac,126,126,-5.678511731109811,0.3410780184552493,30
base,sac,127,127,3.0779363502817745,0.20707125330978216,30
base,sac,128,128,-0.8064225842265103,0.4246854820733441,28
base,sac,129,129,-0.4043923460140064,0.26113684811896876,28
base,sac,130,130,-0.28858555824464815,0.35758798769638855,30
base,sac,131,131,-1.3077507191876663,0.4230742270387647,28
base,sac,132,132,-0.5236806766565998,0.16972089399052612,30
base,sac,133,133,-2.378543957222689,0.37475000840367034,28
base,sac,134,134,-1.801816024861786,0.17716790362953871,30
base,sac,135,135,-1.1958864355557637,0.6410219441132214,28
base,sac,136,136,0.6217970222945866,0.48511825569799183,29
base,sac,137,137,0.1272160607915822,0.1624582225875093,30
base,sac,138,138,0.971894611717854,0.1701565920694122,30
base,sac,139,139,2.548888621192578,0.2158004142142887,30
base,sac,140,140,1.4115706865839144,0.39907399551063777,30
base,sac,141,141,-0.4622905967866586,0.4652288030936085,30
base,sac,142,142,3.6594210489165633,0.2353747222407106,30
base,sac,143,143,-0.932408226622556,0.3251500686822874,30
base,sac,144,144,-1.475588927955613,0.36309312146671924,29
base,sac,145,145,0.2970305077288513,0.21100519146022542,30
base,sac,146,146,0.314189301205249,0.13418491395604767,30
base,sac,147,147,-0.03017428487498819,0.2120798647369218,30
base,sac,148,148,-2.8750349158426474,0.3118088490294067,30
base,sac,149,149,-0.29541357567043747,0.2799769160398663,28
base,sac,150,150,-2.596152381615937,0.5445779733129016,30
base,sac,151,151,-0.10632800572336976,0.21315554777400164,28
base,sac,152,152,1.5767097453766015,0.17694400218587245,30
base,sac,153,153,-1.8638437942131993,0.49394540731129494,30
base,sac,154,154,1.5309110507059422,0.16794801878957133,30
base,sac,155,155,0.9230298305376543,0.21544677901236606,30
base,sac,156,156,2.200905506234676,0.2768286632523073,30
base,sac,157,157,-0.2953741961982743,0.4754365688379261,30
base,sac,158,158,-0.5876200723577938,0.16592336520482065,30
base,sac,159,159,1.2962180167581643,0.2868505549149065,30
base,sac,160,160,-2.0143666504013282,0.3395780613732874,26
base,sac,161,161,-4.05299258598572,0.48910953050952644,26
base,sac,162,162,-0.36648311102205255,0.29364084179445926,30
base,sac,163,163,-2.682442490668066,0.4031813684987606,27
base,sac,164,164,0.29325101700651146,0.2149858770827344,30
base,sac,165,165,-0.13922873232358768,0.26539025438563824,30
base,sac,166,166,-6.300426173126425,0.5575850517990484,25
base,sac,167,167,0.5583041679739154,0.3162022677692215,30
base,sac,168,168,-0.2699265433491078,0.26967578766755673,30
base,sac,169,169,-0.4678048876498764,0.3708445879949871,29
base,sac,170,170,-4.092749558731711,0.45006350638376325,27
base,sac,171,171,0.025857822405768616,0.28352576518739053,30
base,sac,172,172,0.006807050019332905,0.5031843242053153,30
base,sac,173,173,2.1976333141440136,0.2998164740209607,30
base,sac,174,174,0.33170865411074146,0.19033174631569005,30
base,sac,175,175,-2.925160729986402,0.4910576698603876,27
base,sac,176,176,-0.6859570113387328,0.20211228315238544,30
base,sac,177,177,0.57067169067831,0.24951768508776356,27
base,sac,178,178,-0.2737163719056568,0.19017629662385188,30
base,sac,179,179,1.1166210127488085,0.22003899465233598,30
base,sac,180,180,0.7011549137779554,0.4490417194529821,28
base,sac,181,181,2.148370566184589,0.25467103236384464,30
base,sac,182,182,-0.8039498118101278,0.4849116043476489,30
base,sac,183,183,-3.74855959000935,0.44644179077361185,29
base,sac,184,184,-0.4843699765165752,0.34077812692504306,26
base,sac,185,185,-0.44403703709184583,0.2664938238100773,30
base,sac,186,186,-1.9790181804875928,0.2673070106751997,30
base,sac,187,187,-2.8958179749567563,0.3192266622365204,28
base,sac,188,188,0.16876036270960526,0.4671552855383428,29
base,sac,189,189,0.595398302980314,0.2908741406885599,30
base,sac,190,190,-4.273255606746233,0.3949289996096974,30
base,sac,191,191,1.0427026494040579,0.2333607041707753,30
base,sac,192,192,-0.9242587513458886,0.46271153964789946,30
base,sac,193,193,-2.1096586587545403,0.30703078961842534,28
base,sac,194,194,0.24769669867559685,0.3418156358489238,28
base,sac,195,195,-1.0361149837279982,0.41675875414633995,28
base,sac,196,196,-1.2199811806471956,0.35642504608680015,30
base,sac,197,197,0.9981529628501598,0.2702660606705154,30
base,sac,198,198,1.4995076581013507,0.21724765186208672,30
base,sac,199,199,-0.5782737109284213,0.21098290722068044,30
base,sac,200,200,1.4314021989857206,0.23296395773983986,30
base,sac,201,201,0.8182684820153661,0.2663209009283678,30
base,sac,202,202,0.38046787006774707,0.25900177680733655,28
base,sac,203,203,-0.4300425387702518,0.527593478095768,30
base,sac,204,204,-1.674055979850607,0.4518600382685287,28
base,sac,205,205,0.7254521397122318,0.40982533726965986,27
base,sac,206,206,-0.1845470169176764,0.2972357788042958,28
base,sac,207,207,0.3673081241286411,0.3537811279409208,27
base,sac,208,208,0.16696222879930644,0.3404734669958783,27
base,sac,209,209,-1.5550533178091328,0.19127498147514801,30
base,sac,210,210,-2.4858189071153554,0.49701815476222955,30
base,sac,211,211,1.3161052082311642,0.1848997549774486,28
base,sac,212,212,0.3648496323771582,0.5677223275061359,27
base,sac,213,213,0.6340133895826199,0.24429812942261883,30
base,sac,214,214,-0.7592454369953145,0.3781367291591016,26
base,sac,215,215,0.42709628843415004,0.15508764212574766,30
base,sac,216,216,-1.262661775924073,0.3332246086470976,27
base,sac,217,217,1.2912641501318944,0.23135052799386005,30
base,sac,218,218,0.49973174454724045,0.16623838076247646,30
base,sac,219,219,-2.3335590030651048,0.6557996839315581,30
base,sac,220,220,-0.30519977784426544,0.4866030925082542,28
base,sac,221,221,1.021698227414504,0.4573057598456163,30
base,sac,222,222,-2.7586501664867313,0.4422568793403369,30
base,sac,223,223,1.3334933009042444,0.2507085489193703,30
base,sac,224,224,-1.4329876177004053,0.4303688473856249,29
base,sac,225,225,-0.7965394024486265,0.22970406073361047,30
base,sac,226,226,-3.2092056568260148,0.3929334943917913,27
base,sac,227,227,-1.771622933526828,0.5092014803537325,28
base,sac,228,228,-4.410951038506809,0.49525290836171904,27
base,sac,229,229,-0.7484509084556095,0.5559268904749465,26
base,sac,230,230,-0.06847680117292043,0.32562364117086307,30
base,sac,231,231,-0.9428362932913359,0.6387990342209352,28
base,sac,232,232,1.4246747111104838,0.2660008947207001,30
base,sac,233,233,-5.393692456659949,0.4480780842306227,26
base,sac,234,234,-0.5465853547804826,0.30089589906085634,30
base,sac,235,235,-3.124756949638023,0.29710362522616407,30
base,sac,236,236,-4.4448420276965095,0.4741794674256458,30
base,sac,237,237,-4.034390699982282,0.4622977613455331,26
base,sac,238,238,1.112899375911823,0.3084530005485666,30
base,sac,239,239,-1.9107768158949767,0.34896859989010676,26
base,sac,240,240,1.2516800336153011,0.3934888827945447,30
base,sac,241,241,-0.7486907942917753,0.5101194269155634,29
base,sac,242,242,-2.5846011249422816,0.2887540249831943,26
base,sac,243,243,-0.19139834100828068,0.47545620233881186,30
base,sac,244,244,-0.9715045960347197,0.44337117189304387,26
base,sac,245,245,-3.4796886589694367,0.5093657320653884,30
base,sac,246,246,-0.7187253600721739,0.2014372027998089,30
base,sac,247,247,-4.458142203909677,0.454571113427969,30
base,sac,248,248,-1.5863555234631121,0.487919426908396,27
base,sac,249,249,-0.9160018419525215,0.48545418184545297,28
base,sac,250,250,1.0319958563054286,0.31408433476224706,30
base,sac,251,251,0.21463622983312547,0.2786330828950764,30
base,sac,252,252,1.5619520699799239,0.361867234017407,30
base,sac,253,253,-2.030106892685268,0.49709944423439145,30
base,sac,254,254,-0.14950905149475346,0.1425522663103597,30
base,sac,255,255,-0.629620796165554,0.35617147537310656,28
base,sac,256,256,1.3472598957585546,0.2866270223192466,30
base,sac,257,257,1.3791157109980219,0.3913220393520105,30
base,sac,258,258,0.6930399800108162,0.12581073013093438,30
base,sac,259,259,-2.009990711211742,0.37260966390976236,27
base,sac,260,260,-2.9119007245333393,0.38094097319899994,29
base,sac,261,261,-2.6211660688867227,0.6242469389845768,30
base,sac,262,262,1.8364861242435495,0.4599828826739286,27
base,sac,263,263,-0.5481814956505815,0.2714088306983368,29
base,sac,264,264,-1.2996864108078938,0.3893435544669284,28
base,sac,265,265,-1.7304757365741779,0.6524398570192668,30
base,sac,266,266,1.8004741382031568,0.34916964495236275,30
base,sac,267,267,-1.5699334103323466,0.30015430418767935,30
base,sac,268,268,-1.39638208921356,0.33980742541721076,27
base,sac,269,269,-3.0549896349323404,0.41102819085537623,25
base,sac,270,270,-0.25923809855122215,0.6473904188211278,30
base,sac,271,271,-0.2574837262451979,0.16793861351023093,30
base,sac,272,272,-3.2741025665165466,0.46504327125214,28
base,sac,273,273,-0.12228683433600906,0.344695313045496,30
base,sac,274,274,0.465769312168959,0.13695188551469747,30
base,sac,275,275,-3.387705312082744,0.4734772797292028,26
base,sac,276,276,1.944870849737736,0.22079361763023045,30
base,sac,277,277,-1.0431791714204337,0.5495974205407765,30
base,sac,278,278,0.220919153299036,0.1686729165914548,30
base,sac,279,279,-0.3232229642658311,0.1999167028440191,30
base,sac,280,280,0.06997886663364739,0.33043947670807566,30
base,sac,281,281,-2.4818380183834385,0.3096482012033219,30
base,sac,282,282,0.1752692702629588,0.12713852017486343,30
base,sac,283,283,1.8933634546527003,0.23477468448055105,30
base,sac,284,284,-3.220255560163281,0.386621841207789,25
base,sac,285,285,-0.6065420251711942,0.3399320401716689,30
base,sac,286,286,-1.458205799100753,0.3250461907381961,27
base,sac,287,287,-0.65067294576113,0.623793853546584,30
base,sac,288,288,-0.6587405542111924,0.31886035548888647,30
base,sac,289,289,-4.400320883902623,0.49395910845665997,25
base,sac,290,290,1.6146026207535158,0.2605683795484911,29
base,sac,291,291,-0.314233244214563,0.4707182836535107,30
base,sac,292,292,-0.9295324606904103,0.354633685373905,30
base,sac,293,293,2.1898346441202747,0.18897173602936698,30
base,sac,294,294,0.8166558323038231,0.45532095074952983,30
base,sac,295,295,-1.438705747783672,0.4461593474551346,30
base,sac,296,296,1.5239344644064374,0.4148378988860614,30
base,sac,297,297,0.5896971226773289,0.22116157084884216,30
base,sac,298,298,-4.5395853657849266,0.38297637035614335,30
base,sac,299,299,-1.682269905475927,0.21896314928573068,30
base,sac,300,300,2.3875004008884524,0.13180394451316443,30
base,sac,301,301,1.1741332984799868,0.14413618521094654,30
base,sac,302,302,-2.10433556624929,0.3793264952111385,28
base,sac,303,303,0.3567896851732364,0.2925584784855277,30
base,sac,304,304,-2.73372915298296,0.453860083776487,30
base,sac,305,305,0.040884778370610775,0.3500020903758564,30
base,sac,306,306,2.6775248004763768,0.2219596910656069,28
base,sac,307,307,-1.4282614889876584,0.3118028661068675,27
base,sac,308,308,0.31491605406691825,0.1923465132204209,30
base,sac,309,309,0.5495026906155402,0.34605109571174075,29
base,sac,310,310,-0.0743653990175801,0.3896542786875963,30
base,sac,311,311,-0.32917470820379435,0.5194927891590622,30
base,sac,312,312,-2.444674928018685,0.45863220139338334,30
base,sac,313,313,-0.10919642898446114,0.30352448644770125,30
base,sac,314,314,-0.14285846127029345,0.3450555991072865,30
base,sac,315,315,-3.1125245459496007,0.2656053767992047,30
base,sac,316,316,1.073980384915103,0.21692211914458154,30
base,sac,317,317,0.5716911815973447,0.4023774013309497,27
base,sac,318,318,-1.8357223707824772,0.42751883246630307,30
base,sac,319,319,1.0594936957838499,0.22276292250755556,30
base,sac,320,320,-0.8070338449351482,0.34605513817954514,26
base,sac,321,321,1.5482868259515552,0.2072555266383678,30
base,sac,322,322,0.4836491858533236,0.2501771492013084,30
base,sac,323,323,3.5678021096741332,0.5060868840317152,26
base,sac,324,324,-9.756837031505711,0.5122804009948577,23
base,sac,325,325,-0.9448032312758201,0.33013973904971045,30
base,sac,326,326,1.6232248959098463,0.1926209363221055,30
base,sac,327,327,-2.8776359789516732,0.43174509663110555,28
base,sac,328,328,-0.8783462580775669,0.33799434636155645,30
base,sac,329,329,1.1277625153818605,0.24367525148108338,30
base,sac,330,330,0.6215526143949148,0.29429351798324,28
base,sac,331,331,-0.7245596972070416,0.4809036171484816,28
base,sac,332,332,0.42947173724748566,0.3599501308067262,30
base,sac,333,333,-5.591085346364778,0.4666141981647334,27
base,sac,334,334,-0.35184889131570074,0.17257200354783322,30
base,sac,335,335,0.06661685173878595,0.37610304559012453,29
base,sac,336,336,1.0445597653261274,0.26480650543045414,30
base,sac,337,337,0.4900206349612546,0.2884397492493974,29
base,sac,338,338,0.6156995024006982,0.1770867883317679,30
base,sac,339,339,-1.1987133611110892,0.43879308114311205,28
base,sac,340,340,-0.6376130634898658,0.29195850128319517,30
base,sac,341,341,1.4912864670269101,0.39316185672120074,29
base,sac,342,342,1.0002127374990977,0.5005607689288344,28
base,sac,343,343,0.4802604649521527,0.5393887495526786,26
base,sac,344,344,2.7588992191743245,0.3088553099747893,30
base,sac,345,345,0.7008527523913557,0.2424340737518766,28
base,sac,346,346,0.9194641562505588,0.20828856966676518,30
base,sac,347,347,0.2694860819768543,0.14409164025398527,30
base,sac,348,348,-0.40138702777628055,0.46986656852855974,28
base,sac,349,349,-1.1194260869402264,0.38879881039042286,30
base,sac,350,350,0.5848478115859734,0.292608337845865,30
base,sac,351,351,1.5212670432904183,0.19186380428649735,30
base,sac,352,352,2.3287270181697934,0.25736640824259055,30
base,sac,353,353,-1.546454142343869,0.2832623194475101,30
base,sac,354,354,-0.1710383588969755,0.1280860401448945,30
base,sac,355,355,-0.6394559722546944,0.4869685139392233,28
base,sac,356,356,2.0384690565868766,0.19275356661525533,30
base,sac,357,357,-1.8868555131227396,0.3051132736659409,27
base,sac,358,358,-0.7477092862320802,0.35594792575017015,27
base,sac,359,359,0.8999404813477128,0.3850595725380758,27
base,sac,360,360,-1.6127018542734728,0.14945571342198152,30
base,sac,361,361,-2.973902536027399,0.45240594569131737,30
base,sac,362,362,-2.9214178783687714,0.4680729967354433,30
base,sac,363,363,1.4404927789291264,0.25466408627649595,30
base,sac,364,364,-0.22045720118505585,0.2681270614859822,27
base,sac,365,365,0.24871439418175,0.22010064872266263,30
base,sac,366,366,-1.210462283654124,0.3358676253830016,28
base,sac,367,367,-3.440876096658201,0.5104372753439945,27
base,sac,368,368,1.3347442588334246,0.38155596650150847,30
base,sac,369,369,-2.405123439457409,0.3118440023122706,30
base,sac,370,370,-0.23631964424139085,0.7661034713906903,30
base,sac,371,371,-1.8050455346757843,0.39830187590175425,30
base,sac,372,372,-0.5126667638928097,0.2840553129427177,28
base,sac,373,373,0.46548779964367526,0.15796555001691454,30
base,sac,374,374,0.522949584675974,0.32049674585660975,30
base,sac,375,375,-2.2449417962798464,0.4547647989647623,26
base,sac,376,376,-0.36109603888212405,0.4249523194596265,30
base,sac,377,377,0.46334459284166485,0.4255349198079019,30
base,sac,378,378,0.6516564547903378,0.25728356490309634,30
base,sac,379,379,-2.660789515981673,0.37382776045596683,30
base,sac,380,380,1.0694126791735101,0.20684706628831606,30
base,sac,381,381,0.010788022910752204,0.30604467122375756,30
base,sac,382,382,-0.6662202804242128,0.33527256649395626,28
base,sac,383,383,0.5065020283451176,0.17921162325192835,30
base,sac,384,384,-0.03119788383916955,0.29016656475381575,28
base,sac,385,385,-1.4207193731428873,0.5062533869362429,30
base,sac,386,386,-1.800007428299665,0.513655357294765,30
base,sac,387,387,-0.09641459568962318,0.3362293210583113,27
base,sac,388,388,2.355283781032,0.21878051874294233,28
base,sac,389,389,-0.5110019336447778,0.36887786956716484,30
base,sac,390,390,-1.8675193799913359,0.41015475981853455,30
base,sac,391,391,0.1937980049370296,0.26685354485811086,30
base,sac,392,392,0.3374640043698207,0.34366428969812823,27
base,sac,393,393,1.2303632347066014,0.30221831842047464,30
base,sac,394,394,-1.2053423540358317,0.3697002390167222,30
base,sac,395,395,-0.7798171982353281,0.3569387944470148,30
base,sac,396,396,-1.1497554720183985,0.32810350636013524,30
base,sac,397,397,1.0490884761354948,0.44182003171208994,30
base,sac,398,398,-1.1364496886463726,0.14843936568936625,30
base,sac,399,399,2.0646452059254727,0.23307410445118024,30
base,sac,400,400,1.9439941074011138,0.25333849681502096,30
base,sac,401,401,0.6326319104491489,0.3647539973176833,29
base,sac,402,402,0.2923123509410601,0.3089487416828844,30
base,sac,403,403,-1.295830252698991,0.5558272171397579,27
base,sac,404,404,0.32322507178793103,0.6954364877891279,30
base,sac,405,405,-5.982620556530009,0.4397077511069376,26
base,sac,406,406,1.0774860919807736,0.2742507755822006,30
base,sac,407,407,0.5621404975616002,0.4524884377790949,30
base,sac,408,408,1.1316757587092354,0.27612396670767614,28
base,sac,409,409,2.3052756035371544,0.3915356966009316,30
base,sac,410,410,0.41099937712912293,0.18960634223858241,30
base,sac,411,411,1.4249785545712115,0.289388387377392,30
base,sac,412,412,-0.4911685767364631,0.2957270676410926,30
base,sac,413,413,2.902837476398588,0.2666115474287247,30
base,sac,414,414,-0.7199893780277478,0.42498608716964015,30
base,sac,415,415,1.0996462880781195,0.2628085441908033,30
base,sac,416,416,2.4727604805469525,0.19682771826330395,30
base,sac,417,417,1.5147342779817308,0.3106572780555133,30
base,sac,418,418,1.3000590267901408,0.15873267265919347,30
base,sac,419,419,-0.9712083754679384,0.5012513397275262,29
base,sac,420,420,2.3215644035027907,0.23066431602044984,30
base,sac,421,421,-1.9690746784919497,0.3662389885272419,28
base,sac,422,422,1.0709429575330063,0.41993859768794944,27
base,sac,423,423,-1.315829803383533,0.3905405594764829,30
base,sac,424,424,-0.599172369282968,0.35928162666763325,27
base,sac,425,425,2.608940405739517,0.2626663004253639,30
base,sac,426,426,2.577245395438979,0.4554738991007808,30
base,sac,427,427,0.033156635148262836,0.17428090617356382,30
base,sac,428,428,0.8011501620227506,0.23840260485553968,30
base,sac,429,429,-0.37163984299889563,0.23807499824621534,30
base,sac,430,430,-2.1793847774389974,0.5313704896162239,30
base,sac,431,431,-2.8651109391323857,0.335049305101052,30
base,sac,432,432,1.5454479481382108,0.2171147432486223,30
base,sac,433,433,1.2689186560935752,0.26128644586216443,30
base,sac,434,434,-1.1613746368246183,0.3730004928762337,29
base,sac,435,435,-0.9125903361632197,0.3239624785043578,27
base,sac,436,436,-3.0751314780316363,0.5067698496736875,27
base,sac,437,437,-0.4600846263689533,0.36640961900355434,30
base,sac,438,438,2.1213129198164324,0.37918132059040977,30
base,sac,439,439,-2.097948118129807,0.4508837927470337,28
base,sac,440,440,0.09780352752009946,0.4761757653814313,28
base,sac,441,441,-3.1749526721220604,0.484450875559501,28
base,sac,442,442,-0.39842893135026713,0.35566556086358936,26
base,sac,443,443,-1.1099232000664756,0.36788560701799033,30
base,sac,444,444,2.6459082719616163,0.24148495189500258,30
base,sac,445,445,-2.8259053959372835,0.43262634935387756,26
base,sac,446,446,-0.513790589790645,0.18470489561288636,30
base,sac,447,447,0.7639426365476396,0.2489005322462298,30
base,sac,448,448,-0.1017872481765103,0.1944060523025571,30
base,sac,449,449,-2.9009521497755983,0.46369215661053464,30
high_tc,no_hedge,0,0,2.8106773469827786,0.0,0
high_tc,no_hedge,1,1,2.7191338533491134,0.0,0
high_tc,no_hedge,2,2,2.8106773469827786,0.0,0
high_tc,no_hedge,3,3,2.8106773469827786,0.0,0
high_tc,no_hedge,4,4,2.8106773469827786,0.0,0
high_tc,no_hedge,5,5,2.8106773469827786,0.0,0
high_tc,no_hedge,6,6,-3.9850182155494522,0.0,0
high_tc,no_hedge,7,7,2.8106773469827786,0.0,0
high_tc,no_hedge,8,8,2.8106773469827786,0.0,0
high_tc,no_hedge,9,9,-3.1385837663797744,0.0,0
high_tc,no_hedge,10,10,2.8106773469827786,0.0,0
high_tc,no_hedge,11,11,2.8106773469827786,0.0,0
high_tc,no_hedge,12,12,0.767709686711477,0.0,0
high_tc,no_hedge,13,13,-9.43519451520644,0.0,0
high_tc,no_hedge,14,14,2.1143059688111734,0.0,0
high_tc,no_hedge,15,15,-1.614061405388746,0.0,0
high_tc,no_hedge,16,16,0.7595840966362388,0.0,0
high_tc,no_hedge,17,17,2.8106773469827786,0.0,0
high_tc,no_hedge,18,18,-9.652351919926083,0.0,0
high_tc,no_hedge,19,19,2.8106773469827786,0.0,0
high_tc,no_hedge,20,20,2.8106773469827786,0.0,0
high_tc,no_hedge,21,21,-5.560815037148792,0.0,0
high_tc,no_hedge,22,22,2.4595210051602905,0.0,0
high_tc,no_hedge,23,23,2.8106773469827786,0.0,0
high_tc,no_hedge,24,24,2.8106773469827786,0.0,0
high_tc,no_hedge,25,25,2.2136072338609054,0.0,0
high_tc,no_hedge,26,26,0.6210074429405879,0.0,0
high_tc,no_hedge,27,27,2.8106773469827786,0.0,0
high_tc,no_hedge,28,28,-3.4253276352437396,0.0,0
high_tc,no_hedge,29,29,2.5113181555623996,0.0,0
high_tc,no_hedge,30,30,-0.6162904456935294,0.0,0
high_tc,no_hedge,31,31,2.8106773469827786,0.0,0
high_tc,no_hedge,32,32,0.34470676282710855,0.0,0
high_tc,no_hedge,33,33,2.8106773469827786,0.0,0
high_tc,no_hedge,34,34,-4.020660997354192,0.0,0
high_tc,no_hedge,35,35,2.8106773469827786,0.0,0
high_tc,no_hedge,36,36,2.8106773469827786,0.0,0
high_tc,no_hedge,37,37,2.8106773469827786,0.0,0
high_tc,no_hedge,38,38,-1.487314350909493,0.0,0
high_tc,no_hedge,39,39,2.8106773469827786,0.0,0
high_tc,no_hedge,40,40,2.8106773469827786,0.0,0
high_tc,no_hedge,41,41,-0.05966858110804907,0.0,0
high_tc,no_hedge,42,42,-0.5515825556931659,0.0,0
high_tc,no_hedge,43,43,2.8106773469827786,0.0,0
high_tc,no_hedge,44,44,-0.576618485882598,0.0,0
high_tc,no_hedge,45,45,2.8106773469827786,0.0,0
high_tc,no_hedge,46,46,2.8106773469827786,0.0,0
high_tc,no_hedge,47,47,2.8106773469827786,0.0,0
high_tc,no_hedge,48,48,-7.196635625309732,0.0,0
high_tc,no_hedge,49,49,-10.442052812825615,0.0,0
high_tc,no_hedge,50,50,2.8106773469827786,0.0,0
high_tc,no_hedge,51,51,1.7311673075489225,0.0,0
high_tc,no_hedge,52,52,-0.27353516802948974,0.0,0
high_tc,no_hedge,53,53,-1.558408651853675,0.0,0
high_tc,no_hedge,54,54,-4.544908424811062,0.0,0
high_tc,no_hedge,55,55,-2.506465101614161,0.0,0
high_tc,no_hedge,56,56,-8.42774989229357,0.0,0
high_tc,no_hedge,57,57,0.5024649466469171,0.0,0
high_tc,no_hedge,58,58,2.8106773469827786,0.0,0
high_tc,no_hedge,59,59,-6.894032495433386,0.0,0
high_tc,no_hedge,60,60,-6.5762184853677255,0.0,0
high_tc,no_hedge,61,61,2.8106773469827786,0.0,0
high_tc,no_hedge,62,62,2.8106773469827786,0.0,0
high_tc,no_hedge,63,63,-19.409420167903427,0.0,0
high_tc,no_hedge,64,64,2.8106773469827786,0.0,0
high_tc,no_hedge,65,65,2.8106773469827786,0.0,0
high_tc,no_hedge,66,66,2.8106773469827786,0.0,0
high_tc,no_hedge,67,67,2.25323409430559,0.0,0
high_tc,no_hedge,68,68,-4.6565074312214065,0.0,0
high_tc,no_hedge,69,69,-5.6704929997295395,0.0,0
high_tc,no_hedge,70,70,-4.673435796553754,0.0,0
high_tc,no_hedge,71,71,2.8106773469827786,0.0,0
high_tc,no_hedge,72,72,1.8897765843352303,0.0,0
high_tc,no_hedge,73,73,2.8106773469827786,0.0,0
high_tc,no_hedge,74,74,-1.5034056938537574,0.0,0
high_tc,no_hedge,75,75,-2.2072372632852293,0.0,0
high_tc,no_hedge,76,76,-5.723414064644224,0.0,0
high_tc,no_hedge,77,77,2.8106773469827786,0.0,0
high_tc,no_hedge,78,78,-15.024888165050832,0.0,0
high_tc,no_hedge,79,79,2.8106773469827786,0.0,0
high_tc,no_hedge,80,80,2.8106773469827786,0.0,0
high_tc,no_hedge,81,81,-5.14095590393503,0.0,0
high_tc,no_hedge,82,82,2.8106773469827786,0.0,0
high_tc,no_hedge,83,83,-1.3210264647822,0.0,0
high_tc,no_hedge,84,84,2.8106773469827786,0.0,0
high_tc,no_hedge,85,85,2.8106773469827786,0.0,0
high_tc,no_hedge,86,86,-1.0029993269448951,0.0,0
high_tc,no_hedge,87,87,2.8106773469827786,0.0,0
high_tc,no_hedge,88,88,2.25135026754338,0.0,0
high_tc,no_hedge,89,89,2.7811484579260153,0.0,0
high_tc,no_hedge,90,90,-2.43817584860097,0.0,0
high_tc,no_hedge,91,91,-6.551081886648809,0.0,0
high_tc,no_hedge,92,92,2.8106773469827786,0.0,0
high_tc,no_hedge,93,93,-5.906796580171168,0.0,0
high_tc,no_hedge,94,94,2.8106773469827786,0.0,0
high_tc,no_hedge,95,95,2.8106773469827786,0.0,0
high_tc,no_hedge,96,96,-7.153855827466479,0.0,0
high_tc,no_hedge,97,97,2.8106773469827786,0.0,0
high_tc,no_hedge,98,98,-6.128668973204761,0.0,0
high_tc,no_hedge,99,99,-2.7983788699572543,0.0,0
high_tc,no_hedge,100,100,-3.3470904596341953,0.0,0
high_tc,no_hedge,101,101,0.04217840909064563,0.0,0
high_tc,no_hedge,102,102,-2.6620531793876623,0.0,0
high_tc,no_hedge,103,103,2.8106773469827786,0.0,0
high_tc,no_hedge,104,104,-13.762720946991642,0.0,0
high_tc,no_hedge,105,105,2.8106773469827786,0.0,0
high_tc,no_hedge,106,106,2.8106773469827786,0.0,0
high_tc,no_hedge,107,107,2.8106773469827786,0.0,0
high_tc,no_hedge,108,108,-9.400203362978594,0.0,0
high_tc,no_hedge,109,109,-3.201105039043732,0.0,0
high_tc,no_hedge,110,110,-2.8023279170523026,0.0,0
high_tc,no_hedge,111,111,2.8106773469827786,0.0,0
high_tc,no_hedge,112,112,0.9366219577021369,0.0,0
high_tc,no_hedge,113,113,-3.3960063294931118,0.0,0
high_tc,no_hedge,114,114,2.8106773469827786,0.0,0
high_tc,no_hedge,115,115,2.8106773469827786,0.0,0
high_tc,no_hedge,116,116,2.8106773469827786,0.0,0
high_tc,no_hedge,117,117,2.8106773469827786,0.0,0
high_tc,no_hedge,118,118,1.6730165117506672,0.0,0
high_tc,no_hedge,119,119,2.8106773469827786,0.0,0
high_tc,no_hedge,120,120,-0.32159063888962436,0.0,0
high_tc,no_hedge,121,121,2.8106773469827786,0.0,0
high_tc,no_hedge,122,122,2.8106773469827786,0.0,0
high_tc,no_hedge,123,123,-7.207252183115791,0.0,0
high_tc,no_hedge,124,124,2.8106773469827786,0.0,0
high_tc,no_hedge,125,125,2.8106773469827786,0.0,0
high_tc,no_hedge,126,126,2.8106773469827786,0.0,0
high_tc,no_hedge,127,127,2.8106773469827786,0.0,0
high_tc,no_hedge,128,128,-0.7429574160815591,0.0,0
high_tc,no_hedge,129,129,0.5364564508127998,0.0,0
high_tc,no_hedge,130,130,2.8106773469827786,0.0,0
high_tc,no_hedge,131,131,-9.208402382257653,0.0,0
high_tc,no_hedge,132,132,2.8106773469827786,0.0,0
high_tc,no_hedge,133,133,-2.19527176985104,0.0,0
high_tc,no_hedge,134,134,2.8106773469827786,0.0,0
high_tc,no_hedge,135,135,-1.7845011390275758,0.0,0
high_tc,no_hedge,136,136,0.09877655543515829,0.0,0
high_tc,no_hedge,137,137,2.8106773469827786,0.0,0
high_tc,no_hedge,138,138,2.8106773469827786,0.0,0
high_tc,no_hedge,139,139,2.8106773469827786,0.0,0
high_tc,no_hedge,140,140,2.8106773469827786,0.0,0
high_tc,no_hedge,141,141,2.3427192924980105,0.0,0
high_tc,no_hedge,142,142,2.640967027131218,0.0,0
high_tc,no_hedge,143,143,0.6306545554986158,0.0,0
high_tc,no_hedge,144,144,2.8106773469827786,0.0,0
high_tc,no_hedge,145,145,2.8106773469827786,0.0,0
high_tc,no_hedge,146,146,2.8106773469827786,0.0,0
high_tc,no_hedge,147,147,2.8106773469827786,0.0,0
high_tc,no_hedge,148,148,0.9763069037139971,0.0,0
high_tc,no_hedge,149,149,-0.9031537424725045,0.0,0
high_tc,no_hedge,150,150,2.8106773469827786,0.0,0
high_tc,no_hedge,151,151,-0.8232340522319035,0.0,0
high_tc,no_hedge,152,152,2.8106773469827786,0.0,0
high_tc,no_hedge,153,153,2.8106773469827786,0.0,0
high_tc,no_hedge,154,154,2.8106773469827786,0.0,0
high_tc,no_hedge,155,155,2.8106773469827786,0.0,0
high_tc,no_hedge,156,156,0.5403234821583638,0.0,0
high_tc,no_hedge,157,157,2.8106773469827786,0.0,0
high_tc,no_hedge,158,158,2.8106773469827786,0.0,0
high_tc,no_hedge,159,159,2.8106773469827786,0.0,0
high_tc,no_hedge,160,160,-12.745709727138014,0.0,0
high_tc,no_hedge,161,161,-9.971005265048568,0.0,0
high_tc,no_hedge,162,162,2.8106773469827786,0.0,0
high_tc,no_hedge,163,163,-6.92064394506685,0.0,0
high_tc,no_hedge,164,164,2.8106773469827786,0.0,0
high_tc,no_hedge,165,165,-1.0466020094167803,0.0,0
high_tc,no_hedge,166,166,-14.975572959694539,0.0,0
high_tc,no_hedge,167,167,2.4307772112765704,0.0,0
high_tc,no_hedge,168,168,2.8106773469827786,0.0,0
high_tc,no_hedge,169,169,-2.3380335314123286,0.0,0
high_tc,no_hedge,170,170,-0.8087687741277207,0.0,0
high_tc,no_hedge,171,171,2.6873055059481956,0.0,0
high_tc,no_hedge,172,172,-1.5516071196743226,0.0,0
high_tc,no_hedge,173,173,2.8106773469827786,0.0,0
high_tc,no_hedge,174,174,2.8106773469827786,0.0,0
high_tc,no_hedge,175,175,-5.837393820113213,0.0,0
high_tc,no_hedge,176,176,2.8106773469827786,0.0,0
high_tc,no_hedge,177,177,-6.73150577533341,0.0,0
high_tc,no_hedge,178,178,2.8106773469827786,0.0,0
high_tc,no_hedge,179,179,2.8106773469827786,0.0,0
high_tc,no_hedge,180,180,-5.471422497290185,0.0,0
high_tc,no_hedge,181,181,2.8106773469827786,0.0,0
high_tc,no_hedge,182,182,0.7008173734051653,0.0,0
high_tc,no_hedge,183,183,-2.9825088809716434,0.0,0
high_tc,no_hedge,184,184,-11.013552846891024,0.0,0
high_tc,no_hedge,185,185,2.8106773469827786,0.0,0
high_tc,no_hedge,186,186,2.8106773469827786,0.0,0
high_tc,no_hedge,187,187,-0.5141229135880181,0.0,0
high_tc,no_hedge,188,188,-5.962390249544249,0.0,0
high_tc,no_hedge,189,189,2.8106773469827786,0.0,0
high_tc,no_hedge,190,190,0.485265957510741,0.0,0
high_tc,no_hedge,191,191,2.8106773469827786,0.0,0
high_tc,no_hedge,192,192,-0.7709049679241602,0.0,0
high_tc,no_hedge,193,193,-1.8484261191014397,0.0,0
high_tc,no_hedge,194,194,0.23927823551297678,0.0,0
high_tc,no_hedge,195,195,-5.200475636497309,0.0,0
high_tc,no_hedge,196,196,0.2351215696497846,0.0,0
high_tc,no_hedge,197,197,2.8106773469827786,0.0,0
high_tc,no_hedge,198,198,1.022369748630659,0.0,0
high_tc,no_hedge,199,199,2.8106773469827786,0.0,0
high_tc,no_hedge,200,200,2.8106773469827786,0.0,0
high_tc,no_hedge,201,201,2.8106773469827786,0.0,0
high_tc,no_hedge,202,202,-1.1588848805476673,0.0,0
high_tc,no_hedge,203,203,-3.43130092166394,0.0,0
high_tc,no_hedge,204,204,-3.4898101484483206,0.0,0
high_tc,no_hedge,205,205,-2.0455373175251523,0.0,0
high_tc,no_hedge,206,206,-2.622970537286882,0.0,0
high_tc,no_hedge,207,207,-5.6498331147525604,0.0,0
high_tc,no_hedge,208,208,-2.8245250767461485,0.0,0
high_tc,no_hedge,209,209,2.8106773469827786,0.0,0
high_tc,no_hedge,210,210,2.8106773469827786,0.0,0
high_tc,no_hedge,211,211,-4.233347498041944,0.0,0
high_tc,no_hedge,212,212,-4.642881178028382,0.0,0
high_tc,no_hedge,213,213,-0.6638335098299919,0.0,0
high_tc,no_hedge,214,214,-8.375258129561779,0.0,0
high_tc,no_hedge,215,215,2.8106773469827786,0.0,0
high_tc,no_hedge,216,216,-3.757646353254806,0.0,0
high_tc,no_hedge,217,217,2.8106773469827786,0.0,0
high_tc,no_hedge,218,218,2.8106773469827786,0.0,0
high_tc,no_hedge,219,219,-0.38180807873042255,0.0,0
high_tc,no_hedge,220,220,-2.149917822986147,0.0,0
high_tc,no_hedge,221,221,2.8106773469827786,0.0,0
high_tc,no_hedge,222,222,-0.10393286352397269,0.0,0
high_tc,no_hedge,223,223,2.8106773469827786,0.0,0
high_tc,no_hedge,224,224,-2.5758186048531613,0.0,0
high_tc,no_hedge,225,225,2.8106773469827786,0.0,0
high_tc,no_hedge,226,226,-2.5707089124183184,0.0,0
high_tc,no_hedge,227,227,-0.45760087621626866,0.0,0
high_tc,no_hedge,228,228,-4.720389568393394,0.0,0
high_tc,no_hedge,229,229,-11.7492280348769,0.0,0
high_tc,no_hedge,230,230,2.8106773469827786,0.0,0
high_tc,no_hedge,231,231,-1.3641434312400307,0.0,0
high_tc,no_hedge,232,232,-0.5542924438391097,0.0,0
high_tc,no_hedge,233,233,-7.160464316170184,0.0,0
high_tc,no_hedge,234,234,1.185287553114371,0.0,0
high_tc,no_hedge,235,235,2.8106773469827786,0.0,0
high_tc,no_hedge,236,236,2.415942967199392,0.0,0
high_tc,no_hedge,237,237,-10.77811112077557,0.0,0
high_tc,no_hedge,238,238,0.4314015593864937,0.0,0
high_tc,no_hedge,239,239,-8.808137929245682,0.0,0
high_tc,no_hedge,240,240,0.8446711291982396,0.0,0
high_tc,no_hedge,241,241,-4.922912142735946,0.0,0
high_tc,no_hedge,242,242,-8.094772592724347,0.0,0
high_tc,no_hedge,243,243,2.8106773469827786,0.0,0
high_tc,no_hedge,244,244,-6.918784258387369,0.0,0
high_tc,no_hedge,245,245,2.8106773469827786,0.0,0
high_tc,no_hedge,246,246,2.8106773469827786,0.0,0
high_tc,no_hedge,247,247,2.8106773469827786,0.0,0
high_tc,no_hedge,248,248,-10.718873735928518,0.0,0
high_tc,no_hedge,249,249,-6.47137281800314,0.0,0
high_tc,no_hedge,250,250,2.8106773469827786,0.0,0
high_tc,no_hedge,251,251,2.8106773469827786,0.0,0
high_tc,no_hedge,252,252,1.20102063531629,0.0,0
high_tc,no_hedge,253,253,2.8106773469827786,0.0,0
high_tc,no_hedge,254,254,2.8106773469827786,0.0,0
high_tc,no_hedge,255,255,0.15820605322408454,0.0,0
high_tc,no_hedge,256,256,2.8106773469827786,0.0,0
high_tc,no_hedge,257,257,2.8106773469827786,0.0,0
high_tc,no_hedge,258,258,2.8106773469827786,0.0,0
high_tc,no_hedge,259,259,-5.874734804541951,0.0,0
high_tc,no_hedge,260,260,-2.8491559908569926,0.0,0
high_tc,no_hedge,261,261,2.8106773469827786,0.0,0
high_tc,no_hedge,262,262,-8.947812770337684,0.0,0
high_tc,no_hedge,263,263,0.048470804835766046,0.0,0
high_tc,no_hedge,264,264,-3.1400658158340846,0.0,0
high_tc,no_hedge,265,265,2.8106773469827786,0.0,0
high_tc,no_hedge,266,266,1.473041166542977,0.0,0
high_tc,no_hedge,267,267,2.8106773469827786,0.0,0
high_tc,no_hedge,268,268,-7.348338489153612,0.0,0
high_tc,no_hedge,269,269,-16.08525151777159,0.0,0
high_tc,no_hedge,270,270,0.6775557013652431,0.0,0
high_tc,no_hedge,271,271,2.8106773469827786,0.0,0
high_tc,no_hedge,272,272,-2.171829540055249,0.0,0
high_tc,no_hedge,273,273,2.8106773469827786,0.0,0
high_tc,no_hedge,274,274,2.8106773469827786,0.0,0
high_tc,no_hedge,275,275,-6.68014270306147,0.0,0
high_tc,no_hedge,276,276,2.8106773469827786,0.0,0
high_tc,no_hedge,277,277,2.8106773469827786,0.0,0
high_tc,no_hedge,278,278,2.8106773469827786,0.0,0
high_tc,no_hedge,279,279,2.8106773469827786,0.0,0
high_tc,no_hedge,280,280,2.8106773469827786,0.0,0
high_tc,no_hedge,281,281,2.8106773469827786,0.0,0
high_tc,no_hedge,282,282,2.8106773469827786,0.0,0
high_tc,no_hedge,283,283,0.5225096718409716,0.0,0
high_tc,no_hedge,284,284,-11.588036950199204,0.0,0
high_tc,no_hedge,285,285,2.8106773469827786,0.0,0
high_tc,no_hedge,286,286,-6.222431222294325,0.0,0
high_tc,no_hedge,287,287,2.8106773469827786,0.0,0
high_tc,no_hedge,288,288,-0.2536856763709281,0.0,0
high_tc,no_hedge,289,289,-15.746771139422371,0.0,0
high_tc,no_hedge,290,290,-5.2687943710875444,0.0,0
high_tc,no_hedge,291,291,-0.3678182291323182,0.0,0
high_tc,no_hedge,292,292,2.8106773469827786,0.0,0
high_tc,no_hedge,293,293,2.8106773469827786,0.0,0
high_tc,no_hedge,294,294,2.579866427736995,0.0,0
high_tc,no_hedge,295,295,2.8106773469827786,0.0,0
high_tc,no_hedge,296,296,2.8106773469827786,0.0,0
high_tc,no_hedge,297,297,2.8106773469827786,0.0,0
high_tc,no_hedge,298,298,2.8106773469827786,0.0,0
high_tc,no_hedge,299,299,2.8106773469827786,0.0,0
high_tc,no_hedge,300,300,2.8106773469827786,0.0,0
high_tc,no_hedge,301,301,2.8106773469827786,0.0,0
high_tc,no_hedge,302,302,-0.6663536023743788,0.0,0
high_tc,no_hedge,303,303,2.8106773469827786,0.0,0
high_tc,no_hedge,304,304,-0.32823326259116214,0.0,0
high_tc,no_hedge,305,305,2.8106773469827786,0.0,0
high_tc,no_hedge,306,306,-6.612532711739171,0.0,0
high_tc,no_hedge,307,307,-9.810000019236547,0.0,0
high_tc,no_hedge,308,308,2.8106773469827786,0.0,0
high_tc,no_hedge,309,309,-7.749877343301229,0.0,0
high_tc,no_hedge,310,310,2.8106773469827786,0.0,0
high_tc,no_hedge,311,311,-3.0992831674505155,0.0,0
high_tc,no_hedge,312,312,1.326049476430164,0.0,0
high_tc,no_hedge,313,313,0.07467385972572771,0.0,0
high_tc,no_hedge,314,314,0.9834682533709369,0.0,0
high_tc,no_hedge,315,315,2.8106773469827786,0.0,0
high_tc,no_hedge,316,316,1.3916602205099977,0.0,0
high_tc,no_hedge,317,317,-7.486022612745693,0.0,0
high_tc,no_hedge,318,318,2.8106773469827786,0.0,0
high_tc,no_hedge,319,319,2.8106773469827786,0.0,0
high_tc,no_hedge,320,320,-8.723829038166592,0.0,0
high_tc,no_hedge,321,321,2.8106773469827786,0.0,0
high_tc,no_hedge,322,322,-0.7358023906220907,0.0,0
high_tc,no_hedge,323,323,-13.889686528951337,0.0,0
high_tc,no_hedge,324,324,-11.901048893679892,0.0,0
high_tc,no_hedge,325,325,2.8106773469827786,0.0,0
high_tc,no_hedge,326,326,2.8106773469827786,0.0,0
high_tc,no_hedge,327,327,2.3133000817037797,0.0,0
high_tc,no_hedge,328,328,2.8106773469827786,0.0,0
high_tc,no_hedge,329,329,2.8106773469827786,0.0,0
high_tc,no_hedge,330,330,-6.633350895436273,0.0,0
high_tc,no_hedge,331,331,-4.127780958066147,0.0,0
high_tc,no_hedge,332,332,2.8106773469827786,0.0,0
high_tc,no_hedge,333,333,-7.324815225803981,0.0,0
high_tc,no_hedge,334,334,2.8106773469827786,0.0,0
high_tc,no_hedge,335,335,-0.46533797644192276,0.0,0
high_tc,no_hedge,336,336,2.8106773469827786,0.0,0
high_tc,no_hedge,337,337,-0.714508645159647,0.0,0
high_tc,no_hedge,338,338,2.8106773469827786,0.0,0
high_tc,no_hedge,339,339,1.9002658248429114,0.0,0
high_tc,no_hedge,340,340,2.8106773469827786,0.0,0
high_tc,no_hedge,341,341,-5.775339501750672,0.0,0
high_tc,no_hedge,342,342,-1.5218419814122015,0.0,0
high_tc,no_hedge,343,343,-10.17964942909824,0.0,0
high_tc,no_hedge,344,344,0.9676177878005703,0.0,0
high_tc,no_hedge,345,345,-1.2228689446562058,0.0,0
high_tc,no_hedge,346,346,2.8106773469827786,0.0,0
high_tc,no_hedge,347,347,2.8106773469827786,0.0,0
high_tc,no_hedge,348,348,-6.629097665008111,0.0,0
high_tc,no_hedge,349,349,2.8106773469827786,0.0,0
high_tc,no_hedge,350,350,2.1104745942608716,0.0,0
high_tc,no_hedge,351,351,2.8106773469827786,0.0,0
high_tc,no_hedge,352,352,2.494677144551524,0.0,0
high_tc,no_hedge,353,353,2.8106773469827786,0.0,0
high_tc,no_hedge,354,354,2.8106773469827786,0.0,0
high_tc,no_hedge,355,355,-4.425536150559616,0.0,0
high_tc,no_hedge,356,356,2.8106773469827786,0.0,0
high_tc,no_hedge,357,357,-5.616162065777196,0.0,0
high_tc,no_hedge,358,358,-7.288492529011258,0.0,0
high_tc,no_hedge,359,359,-8.39414785984193,0.0,0
high_tc,no_hedge,360,360,2.8106773469827786,0.0,0
high_tc,no_hedge,361,361,2.8106773469827786,0.0,0
high_tc,no_hedge,362,362,-1.2230833265305634,0.0,0
high_tc,no_hedge,363,363,2.8106773469827786,0.0,0
high_tc,no_hedge,364,364,-7.632824547920343,0.0,0
high_tc,no_hedge,365,365,2.8106773469827786,0.0,0
high_tc,no_hedge,366,366,-2.3077931180358107,0.0,0
high_tc,no_hedge,367,367,-1.0696860619995263,0.0,0
high_tc,no_hedge,368,368,-3.9034999956673246,0.0,0
high_tc,no_hedge,369,369,2.8106773469827786,0.0,0
high_tc,no_hedge,370,370,2.0833003197004913,0.0,0
high_tc,no_hedge,371,371,2.8106773469827786,0.0,0
high_tc,no_hedge,372,372,0.20789242028940436,0.0,0
high_tc,no_hedge,373,373,2.8106773469827786,0.0,0
high_tc,no_hedge,374,374,2.8106773469827786,0.0,0
high_tc,no_hedge,375,375,-11.531221392977038,0.0,0
high_tc,no_hedge,376,376,0.22192605001470866,0.0,0
high_tc,no_hedge,377,377,0.5739661763243973,0.0,0
high_tc,no_hedge,378,378,2.8106773469827786,0.0,0
high_tc,no_hedge,379,379,2.8106773469827786,0.0,0
high_tc,no_hedge,380,380,2.8106773469827786,0.0,0
high_tc,no_hedge,381,381,2.8106773469827786,0.0,0
high_tc,no_hedge,382,382,-3.4682832014607428,0.0,0
high_tc,no_hedge,383,383,2.8106773469827786,0.0,0
high_tc,no_hedge,384,384,-2.32072620652486,0.0,0
high_tc,no_hedge,385,385,-0.07886034004980758,0.0,0
high_tc,no_hedge,386,386,2.8106773469827786,0.0,0
high_tc,no_hedge,387,387,-5.785827284838369,0.0,0
high_tc,no_hedge,388,388,-6.926245450900602,0.0,0
high_tc,no_hedge,389,389,-1.118465272511493,0.0,0
high_tc,no_hedge,390,390,1.7247239121216253,0.0,0
high_tc,no_hedge,391,391,2.8106773469827786,0.0,0
high_tc,no_hedge,392,392,-1.4327058537320099,0.0,0
high_tc,no_hedge,393,393,2.8106773469827786,0.0,0
high_tc,no_hedge,394,394,2.8106773469827786,0.0,0
high_tc,no_hedge,395,395,2.8106773469827786,0.0,0
high_tc,no_hedge,396,396,2.4282618336654522,0.0,0
high_tc,no_hedge,397,397,2.8106773469827786,0.0,0
high_tc,no_hedge,398,398,2.8106773469827786,0.0,0
high_tc,no_hedge,399,399,1.7830535771803753,0.0,0
high_tc,no_hedge,400,400,2.8106773469827786,0.0,0
high_tc,no_hedge,401,401,-2.2447407915069064,0.0,0
high_tc,no_hedge,402,402,0.8764451788393544,0.0,0
high_tc,no_hedge,403,403,-3.35666237447996,0.0,0
high_tc,no_hedge,404,404,2.8106773469827786,0.0,0
high_tc,no_hedge,405,405,-5.783672727521996,0.0,0
high_tc,no_hedge,406,406,-2.8906224320932026,0.0,0
high_tc,no_hedge,407,407,2.8106773469827786,0.0,0
high_tc,no_hedge,408,408,-3.974779857385265,0.0,0
high_tc,no_hedge,409,409,2.8106773469827786,0.0,0
high_tc,no_hedge,410,410,2.8106773469827786,0.0,0
high_tc,no_hedge,411,411,2.4494302560667833,0.0,0
high_tc,no_hedge,412,412,2.8106773469827786,0.0,0
high_tc,no_hedge,413,413,2.457861473263442,0.0,0
high_tc,no_hedge,414,414,-0.27772581244402517,0.0,0
high_tc,no_hedge,415,415,2.022899477249446,0.0,0
high_tc,no_hedge,416,416,2.7264996923554534,0.0,0
high_tc,no_hedge,417,417,2.4916221503382943,0.0,0
high_tc,no_hedge,418,418,2.8106773469827786,0.0,0
high_tc,no_hedge,419,419,2.5437702748173834,0.0,0
high_tc,no_hedge,420,420,0.36871405102103694,0.0,0
high_tc,no_hedge,421,421,0.2758030529305202,0.0,0
high_tc,no_hedge,422,422,-4.2171797742201775,0.0,0
high_tc,no_hedge,423,423,2.8106773469827786,0.0,0
high_tc,no_hedge,424,424,-9.990670204273805,0.0,0
high_tc,no_hedge,425,425,0.49178642419058605,0.0,0
high_tc,no_hedge,426,426,2.8106773469827786,0.0,0
high_tc,no_hedge,427,427,2.8106773469827786,0.0,0
high_tc,no_hedge,428,428,2.8106773469827786,0.0,0
high_tc,no_hedge,429,429,2.8106773469827786,0.0,0
high_tc,no_hedge,430,430,0.7558669974633929,0.0,0
high_tc,no_hedge,431,431,1.5464187361369923,0.0,0
high_tc,no_hedge,432,432,2.8106773469827786,0.0,0
high_tc,no_hedge,433,433,2.8106773469827786,0.0,0
high_tc,no_hedge,434,434,-1.4116030734929623,0.0,0
high_tc,no_hedge,435,435,-4.57305980557836,0.0,0
high_tc,no_hedge,436,436,-5.437384843797581,0.0,0
high_tc,no_hedge,437,437,2.2569605704372364,0.0,0
high_tc,no_hedge,438,438,2.8106773469827786,0.0,0
high_tc,no_hedge,439,439,-3.511629530786074,0.0,0
high_tc,no_hedge,440,440,-2.866281938088811,0.0,0
high_tc,no_hedge,441,441,0.4476203736343862,0.0,0
high_tc,no_hedge,442,442,-10.78332386324562,0.0,0
high_tc,no_hedge,443,443,2.8106773469827786,0.0,0
high_tc,no_hedge,444,444,2.8106773469827786,0.0,0
high_tc,no_hedge,445,445,-16.274866275453896,0.0,0
high_tc,no_hedge,446,446,2.8106773469827786,0.0,0
high_tc,no_hedge,447,447,0.9189574555024436,0.0,0
high_tc,no_hedge,448,448,2.8106773469827786,0.0,0
high_tc,no_hedge,449,449,2.8106773469827786,0.0,0
high_tc,delta,0,0,-2.127632839735245,2.0531891460710274,30
high_tc,delta,1,1,-3.1370106558681288,2.466479472541623,30
high_tc,delta,2,2,-3.206799129236213,3.354288777335877,30
high_tc,delta,3,3,-0.2802373950904382,2.336066170927786,30
high_tc,delta,4,4,-1.7223557685528788,3.2780845971157255,30
high_tc,delta,5,5,-1.449151652843901,2.2390336386885292,30
high_tc,delta,6,6,-3.479092650189628,1.8476350406860287,30
high_tc,delta,7,7,-1.8689056637069086,1.5322319052130766,28
high_tc,delta,8,8,-0.9604351890272262,2.6650311460213274,30
high_tc,delta,9,9,-2.2017614553247427,2.290213011571032,30
high_tc,delta,10,10,-0.989147167934888,1.4627480001583288,30
high_tc,delta,11,11,-3.685555085854817,2.4513528248608742,30
high_tc,delta,12,12,-2.4935251830228253,2.328583287148231,30
high_tc,delta,13,13,-0.305373265195783,2.1037695202046285,29
high_tc,delta,14,14,-2.2603217004948633,3.272623658408068,30
high_tc,delta,15,15,-2.6844292755550043,2.142534842266668,30
high_tc,delta,16,16,-1.7610530280415446,2.577960969322773,30
high_tc,delta,17,17,-1.9624529629163712,1.6125491071239184,30
high_tc,delta,18,18,-1.196204900630022,1.4841853053743281,28
high_tc,delta,19,19,-3.5804355898850937,2.7881581032565212,30
high_tc,delta,20,20,-3.365093821801727,2.2554152456122174,30
high_tc,delta,21,21,-4.226581835892972,2.565784527406262,30
high_tc,delta,22,22,-3.323126998352701,3.527083804531778,30
high_tc,delta,23,23,-1.6818298978535324,2.261690790970857,30
high_tc,delta,24,24,-2.6010315257634673,2.6955261798352685,30
high_tc,delta,25,25,-2.2378302400866943,2.0471874886353367,30
high_tc,delta,26,26,-2.8008670461117617,3.412408052081505,30
high_tc,delta,27,27,-2.3050540111578863,1.6611130587442582,29
high_tc,delta,28,28,-2.0898778592950435,2.6850661048656153,30
high_tc,delta,29,29,-3.9191254040120356,2.3451800328620047,30
high_tc,delta,30,30,-1.5631859072303627,1.4503720523725145,30
high_tc,delta,31,31,-2.1416287307588675,2.4547528962556164,30
high_tc,delta,32,32,-3.4434932920230565,2.7186215034144885,30
high_tc,delta,33,33,-1.3461336922069735,2.934788606051222,30
high_tc,delta,34,34,-0.5740801566055183,2.1028539906122456,30
high_tc,delta,35,35,-2.9222957912174152,3.4543767121601565,30
high_tc,delta,36,36,-0.94159745259239,1.858673404765476,30
high_tc,delta,37,37,-2.1108602748800576,2.3647817547032077,30
high_tc,delta,38,38,-2.9712226617996578,2.411375388657428,30
high_tc,delta,39,39,-1.6498124588914038,2.693183682468367,30
high_tc,delta,40,40,-0.6277324970879904,1.6708345791421662,30
high_tc,delta,41,41,-2.6343707562760983,2.7625256546457493,30
high_tc,delta,42,42,-1.5723558900965315,2.4757771416252154,30
high_tc,delta,43,43,-2.142348709611423,2.0833483946547324,30
high_tc,delta,44,44,-1.1945431747659825,2.046239921642873,30
high_tc,delta,45,45,-1.3768793487691005,1.8595732520372315,30
high_tc,delta,46,46,-3.5169842789897388,2.8295662966366435,30
high_tc,delta,47,47,-4.505651457295226,2.666390677442879,30
high_tc,delta,48,48,-2.206816131406285,1.4432072946471943,30
high_tc,delta,49,49,-4.2287791438133695,2.215513771619718,29
high_tc,delta,50,50,-1.812359680246787,1.676083467946527,28
high_tc,delta,51,51,-2.50106459199732,3.6920936367578134,30
high_tc,delta,52,52,-1.8441064980497544,2.2953726561030545,30
high_tc,delta,53,53,-1.6628614122553245,2.0866691229134435,30
high_tc,delta,54,54,-1.5903056408292429,2.3813210015702007,30
high_tc,delta,55,55,-1.784049870520164,3.386718670166167,30
high_tc,delta,56,56,-3.4862704469852446,2.1564618368020505,30
high_tc,delta,57,57,-2.568164773443769,2.180157102639416,30
high_tc,delta,58,58,-1.4683693065785075,1.1186692240482201,30
high_tc,delta,59,59,-2.9974589869386534,1.65093257640715,30
high_tc,delta,60,60,-1.7031295320120563,1.562792519933924,29
high_tc,delta,61,61,-2.815249039208979,3.34776968091566,30
high_tc,delta,62,62,-0.48006600316649584,1.164809127498749,30
high_tc,delta,63,63,-3.4855165725041957,1.3323505241807956,27
high_tc,delta,64,64,-1.8235370793392711,2.282937060985083,30
high_tc,delta,65,65,-2.8533016542260015,2.764417611125411,30
high_tc,delta,66,66,-2.752117438148395,2.8791350806853577,30
high_tc,delta,67,67,-1.7385325469836772,2.8302186341076916,30
high_tc,delta,68,68,-1.9238996584863912,1.5699093881591046,30
high_tc,delta,69,69,-1.6783454557288877,1.659421024129546,30
high_tc,delta,70,70,-0.4642911377245298,2.174256115476943,30
high_tc,delta,71,71,-1.0825939158241482,2.535445906874533,30
high_tc,delta,72,72,-2.2748623549662597,2.9095292718338532,30
high_tc,delta,73,73,-2.4616689362342576,2.3063931283062535,30
high_tc,delta,74,74,-1.7748926887691994,1.8348764509209254,30
high_tc,delta,75,75,-2.3283478160112736,1.956552134640762,30
high_tc,delta,76,76,-2.712527903670278,1.5985675232831391,30
high_tc,delta,77,77,-2.1933068048130253,2.52753246924971,30
high_tc,delta,78,78,-1.9490248025798138,1.3727718900301196,25
high_tc,delta,79,79,-1.335231057253277,2.737332283863122,30
high_tc,delta,80,80,-2.208128651470389,2.6816144206634798,30
high_tc,delta,81,81,-1.7725677278628922,1.3141957883027193,30
high_tc,delta,82,82,-2.513387668195404,2.04554624191176,30
high_tc,delta,83,83,-1.4611239680580326,2.1889417901099355,30
high_tc,delta,84,84,-1.314655803506107,1.8819905567594537,30
high_tc,delta,85,85,-0.8697353868831367,1.4094519449289644,30
high_tc,delta,86,86,-3.0555229926341667,2.75101529164685,30
high_tc,delta,87,87,-2.198845756083139,2.6351752721590023,30
high_tc,delta,88,88,-1.9791651830848451,2.73567010055075,30
high_tc,delta,89,89,-1.870491871993309,2.7047337750410456,30
high_tc,delta,90,90,-1.2254304169669155,1.537772014810944,30
high_tc,delta,91,91,-2.1261981246197905,1.7895379578502602,30
high_tc,delta,92,92,-0.9845282058493261,1.473678561593397,30
high_tc,delta,93,93,-1.458958479982428,1.7355245365236178,30
high_tc,delta,94,94,-1.5697667859257018,1.4194503488759322,30
high_tc,delta,95,95,-1.5519391075771978,2.321330109500343,30
high_tc,delta,96,96,-2.8860370878500987,2.2912743700474394,30
high_tc,delta,97,97,-2.5407072919776756,1.669359570987708,30
high_tc,delta,98,98,-0.32495735866709197,1.6188519356327555,30
high_tc,delta,99,99,-1.1224618055470614,2.1653922410265527,30
high_tc,delta,100,100,-1.8489512876088128,1.6710451623114477,30
high_tc,delta,101,101,-2.503774574433578,2.9791678593744373,30
high_tc,delta,102,102,-3.8101978988247254,2.108640406889737,30
high_tc,delta,103,103,-0.5189583183136592,1.4260722437180666,30
high_tc,delta,104,104,-1.4105740371091002,1.4670632185472392,28
high_tc,delta,105,105,-3.6760734939741795,2.3294212714752405,30
high_tc,delta,106,106,-0.7505070577383322,2.3466061465789867,30
high_tc,delta,107,107,-1.4791855773531566,3.4017165358784758,30
high_tc,delta,108,108,-2.6168010195920175,1.9616418109959828,29
high_tc,delta,109,109,-2.1306403139521137,1.8547939985254598,30
high_tc,delta,110,110,-4.268871044131188,2.872542195719216,30
high_tc,delta,111,111,-1.6045515595928537,2.3094799626415785,30
high_tc,delta,112,112,-2.6114199343953857,3.1576446966508116,30
high_tc,delta,113,113,-4.658883336922983,2.7726123051842273,30
high_tc,delta,114,114,-2.4780841645841494,2.2591649455970666,30
high_tc,delta,115,115,-0.10146360585998386,1.1480084377984212,29
high_tc,delta,116,116,-3.132479208058494,2.5194625718194947,30
high_tc,delta,117,117,-1.906934277189284,2.633366262609459,30
high_tc,delta,118,118,-3.133199995180746,2.8664066681270284,30
high_tc,delta,119,119,-2.7817230417166776,1.7321265317996364,30
high_tc,delta,120,120,-1.826241873321763,2.457693961340404,30
high_tc,delta,121,121,-2.2728179891469877,2.6452410379612585,30
high_tc,delta,122,122,-0.7570941158521767,1.9227400349355994,30
high_tc,delta,123,123,-1.5665860425267937,2.1384525932839,29
high_tc,delta,124,124,-2.196420179185825,2.608661142408318,30
high_tc,delta,125,125,0.1307656147265173,0.9896053716659,27
high_tc,delta,126,126,-3.2840381258548366,1.9520366968997382,29
high_tc,delta,127,127,-0.11335972066576971,2.9977669476153372,30
high_tc,delta,128,128,-1.7169308072008107,2.450799183600563,30
high_tc,delta,129,129,-2.3891017253680644,2.5795277881975323,30
high_tc,delta,130,130,-1.9687413606236122,2.0119431748801975,30
high_tc,delta,131,131,-3.151061044454096,2.0175901612318072,30
high_tc,delta,132,132,-1.7171108889152096,1.594370011942153,30
high_tc,delta,133,133,-4.76971069759999,2.5670472622413203,30
high_tc,delta,134,134,-1.5323265770444687,1.5662037005975111,30
high_tc,delta,135,135,-2.862563952963967,3.1001212961363183,30
high_tc,delta,136,136,-0.800039677926776,2.52384873100904,30
high_tc,delta,137,137,-1.4058989601590606,1.6130737972529616,29
high_tc,delta,138,138,-1.295271851145654,1.5369954989756396,30
high_tc,delta,139,139,-1.7835944778309973,2.9096111423094686,30
high_tc,delta,140,140,-3.1821438934993864,2.845935241709,30
high_tc,delta,141,141,-3.6004233037517643,2.886564860096559,30
high_tc,delta,142,142,-0.9968093428884441,3.0652847997460104,30
high_tc,delta,143,143,-3.8108434164409033,2.55180197235399,30
high_tc,delta,144,144,-1.124191990339284,2.036756588790583,30
high_tc,delta,145,145,-2.4354145411533503,1.7774070372743853,30
high_tc,delta,146,146,-1.3424336883810646,1.1795963925844692,26
high_tc,delta,147,147,-3.177077161917704,2.321065956195113,30
high_tc,delta,148,148,-5.038150655699454,2.962414019259386,30
high_tc,delta,149,149,-1.4756264348645232,1.9430932605183016,30
high_tc,delta,150,150,-3.109044494613702,2.9427536561783834,30
high_tc,delta,151,151,-1.1292265629983262,2.199563126192406,30
high_tc,delta,152,152,-1.3726356880611434,1.797352687023347,30
high_tc,delta,153,153,-1.9170942743392971,2.3341232163992185,30
high_tc,delta,154,154,-1.3241430613775527,1.7674521746753058,30
high_tc,delta,155,155,-1.5152187098981196,2.405365099893869,30
high_tc,delta,156,156,-1.931980974246656,2.4377143739858065,30
high_tc,delta,157,157,-1.8950277995509976,2.3237736332964958,29
high_tc,delta,158,158,-1.2901183151494702,1.4645435335773425,28
high_tc,delta,159,159,-1.0409552828316462,2.5461125010577064,30
high_tc,delta,160,160,-1.872726392582834,1.6578454214807528,28
high_tc,delta,161,161,-2.7641673327679968,1.410800596180967,27
high_tc,delta,162,162,-1.828184937951924,2.164702163665805,30
high_tc,delta,163,163,-2.0230045353229684,1.3984758978505358,29
high_tc,delta,164,164,-3.714299769479638,3.2282860414373786,30
high_tc,delta,165,165,-3.2390360677753876,2.9205359541950973,30
high_tc,delta,166,166,-3.752389236706449,1.8655538368504576,26
high_tc,delta,167,167,-1.1513817195966425,2.740708049965066,30
high_tc,delta,168,168,-2.3717409490253676,2.2513892939301026,30
high_tc,delta,169,169,-2.5964097038249605,2.3895860446248385,30
high_tc,delta,170,170,-2.848954677553124,1.4601146348874017,30
high_tc,delta,171,171,-1.2767751050398104,2.2483358067004806,30
high_tc,delta,172,172,-1.3577115614604196,2.8368724196283055,30
high_tc,delta,173,173,-1.91807882582557,2.3969195721754626,30
high_tc,delta,174,174,-1.8631705169044641,1.5354816332475714,30
high_tc,delta,175,175,-2.4477361342904516,1.6229957756550213,30
high_tc,delta,176,176,-2.2747949448338867,1.6238925838930425,30
high_tc,delta,177,177,-1.1967080531540404,1.8304979983038296,29
high_tc,delta,178,178,-1.7884758394797597,1.5871351516394585,30
high_tc,delta,179,179,-2.5260897618154994,2.378635995432613,30
high_tc,delta,180,180,-3.0548166657093248,3.247515308255263,30
high_tc,delta,181,181,-0.9932096967884654,2.2988053909408355,30
high_tc,delta,182,182,-3.5566403340102823,3.036250785530227,30
high_tc,delta,183,183,-4.43387553874436,3.0154831444201946,30
high_tc,delta,184,184,-2.0617586073166336,1.427549094770132,29
high_tc,delta,185,185,-2.9366335204784697,3.007189899631598,30
high_tc,delta,186,186,-2.146058715139563,1.6965235336558093,30
high_tc,delta,187,187,-3.0306468212276627,2.0752024095890578,30
high_tc,delta,188,188,-1.9728053698484587,2.507825206699346,30
high_tc,delta,189,189,-2.6775891239892236,2.664758791127828,30
high_tc,delta,190,190,-8.178474242572548,4.3357876448009725,30
high_tc,delta,191,191,-1.3286062878794413,2.0239827423301944,30
high_tc,delta,192,192,-2.8826307995378357,2.337591336347265,30
high_tc,delta,193,193,-1.8921183649477342,1.5201070639738599,30
high_tc,delta,194,194,-2.464169648239775,1.6330106661434327,30
high_tc,delta,195,195,-3.158232874368622,2.3362606343158006,30
high_tc,delta,196,196,-3.502748876805768,2.962765058422172,30
high_tc,delta,197,197,-2.487746338806437,2.6784127525919788,30
high_tc,delta,198,198,-0.5521143705155254,2.5658879913282493,30
high_tc,delta,199,199,-2.789117409024037,1.920481872500477,30
high_tc,delta,200,200,-0.9899049397597643,2.04135095384111,30
high_tc,delta,201,201,-2.643505199107322,2.5218206369027882,30
high_tc,delta,202,202,-1.5747804491510067,2.1665199821280834,30
high_tc,delta,203,203,-3.4108268857098665,2.8138747348264963,30
high_tc,delta,204,204,-3.098500799061341,2.593625116757856,30
high_tc,delta,205,205,-2.8727862440348275,1.1163680816613193,30
high_tc,delta,206,206,-2.154195765452471,2.2347142434912843,30
high_tc,delta,207,207,-2.930724357114997,2.691605978451955,30
high_tc,delta,208,208,-2.318052711539522,2.4192985009536354,30
high_tc,delta,209,209,-1.1433437375347515,1.3125851541947473,29
high_tc,delta,210,210,-2.891333508249748,2.8106297119596353,30
high_tc,delta,211,211,-2.3626708971443264,2.188576058152934,30
high_tc,delta,212,212,-0.37145121314463836,1.9142325263491229,30
high_tc,delta,213,213,-2.5801946236631323,3.0219151042207963,30
high_tc,delta,214,214,-1.5719359601173863,1.3573452060101325,28
high_tc,delta,215,215,-1.6399803603563232,1.7724693159640648,30
high_tc,delta,216,216,-3.3553580983851816,1.33352959794528,30
high_tc,delta,217,217,-1.2380279003389174,2.5657328248447833,30
high_tc,delta,218,218,-0.8711862668364486,1.4937141074541742,29
high_tc,delta,219,219,-2.4223518901204812,2.9379882368679597,30
high_tc,delta,220,220,-1.7833241552117443,1.7549380771482292,30
high_tc,delta,221,221,-2.056029057968402,3.0665519757273465,30
high_tc,delta,222,222,-6.009324331054401,3.6429486772705792,30
high_tc,delta,223,223,-1.7247201214808427,2.0388631052093213,30
high_tc,delta,224,224,-2.726365781077874,2.5605526631395747,30
high_tc,delta,225,225,-1.9751706634267787,2.006531063091521,30
high_tc,delta,226,226,-3.2112255651490216,2.1329355160590646,30
high_tc,delta,227,227,-1.9293514218423553,1.8879770529694264,30
high_tc,delta,228,228,-3.4594710181596042,2.085690160869695,30
high_tc,delta,229,229,-1.590898972100689,1.5585055124241685,28
high_tc,delta,230,230,-2.833026673400827,2.5716891823265686,30
high_tc,delta,231,231,-4.135579448267464,2.7214631328250793,30
high_tc,delta,232,232,-2.5702082402452078,2.6125081990267667,30
high_tc,delta,233,233,-3.211582570885767,1.5281614365365388,30
high_tc,delta,234,234,-4.075431034145154,3.098482792241731,30
high_tc,delta,235,235,-3.485057969999766,2.7876230844387297,30
high_tc,delta,236,236,-3.848971823379628,2.7416866818064465,30
high_tc,delta,237,237,-1.5330765056507687,1.412845836329038,27
high_tc,delta,238,238,-0.5505957302223976,2.2407440361279,30
high_tc,delta,239,239,-1.7139234181233007,2.059092281546059,28
high_tc,delta,240,240,-1.31906912560531,2.8627342833913154,30
high_tc,delta,241,241,-2.4968505848720355,2.2207301983891194,30
high_tc,delta,242,242,-1.655715367169492,1.946285177613053,27
high_tc,delta,243,243,-2.292949144692212,2.639441625441556,30
high_tc,delta,244,244,-2.089138269801424,1.4444997023332597,30
high_tc,delta,245,245,-3.41516090653435,2.9976633183647214,30
high_tc,delta,246,246,-1.271171538216535,1.7402836769988508,29
high_tc,delta,247,247,-5.483115007546345,3.207932511352378,30
high_tc,delta,248,248,-2.836082329831953,1.6540978666482729,29
high_tc,delta,249,249,-2.9971948624574765,1.4544415334449416,30
high_tc,delta,250,250,-2.086950506218887,2.29369694406215,30
high_tc,delta,251,251,-1.7675555598798964,2.0018217504949947,30
high_tc,delta,252,252,-0.4944935454093198,2.5293577850194557,30
high_tc,delta,253,253,-2.416230793607042,2.5659458267201747,30
high_tc,delta,254,254,-1.1626602050391512,1.029951020527499,25
high_tc,delta,255,255,-1.635701465116881,2.813926606001542,30
high_tc,delta,256,256,-3.6624841482944177,2.7648993490391867,30
high_tc,delta,257,257,-1.2684647258952912,2.012098279728475,30
high_tc,delta,258,258,-0.8433769202400391,1.4884143959808922,30
high_tc,delta,259,259,-1.704069884559999,1.744026859547255,30
high_tc,delta,260,260,-4.341539650864476,2.6025219909270274,30
high_tc,delta,261,261,-3.537874687815404,2.770977748005376,30
high_tc,delta,262,262,-2.631066252738435,2.004285234081581,29
high_tc,delta,263,263,-2.4980501634132537,1.5463838438363646,30
high_tc,delta,264,264,-2.1164402080738114,1.896109532229727,30
high_tc,delta,265,265,-4.222746826922331,3.1242572905898016,30
high_tc,delta,266,266,-2.2291963415572926,2.8575285618538926,30
high_tc,delta,267,267,-2.3985443547115035,1.9497148836525107,30
high_tc,delta,268,268,-1.899424471523858,1.8203261580841212,30
high_tc,delta,269,269,-1.7243107171732674,1.3051626321370762,27
high_tc,delta,270,270,-2.7336994802011816,3.0591849571941285,30
high_tc,delta,271,271,-0.36665309158086373,1.2616284276493297,30
high_tc,delta,272,272,-4.2621241975570285,2.6451096517186823,30
high_tc,delta,273,273,-3.6576159085737245,2.614150045068292,30
high_tc,delta,274,274,-1.3422946263911018,1.5340387446801886,30
high_tc,delta,275,275,-2.9680836764836442,1.3320837769762395,29
high_tc,delta,276,276,-1.1763936863856486,1.7677571756971884,30
high_tc,delta,277,277,-3.2225708188785713,3.2654067036692735,30
high_tc,delta,278,278,-2.379425464993401,1.6354859522334244,30
high_tc,delta,279,279,-1.2535023734989053,1.3273875283566032,30
high_tc,delta,280,280,-2.700557427624133,2.3267327895796273,30
high_tc,delta,281,281,-3.9476687269190514,2.3066916986845514,30
high_tc,delta,282,282,-1.0043154319514125,1.116476609888841,27
high_tc,delta,283,283,-0.732129132245305,2.3119115061190345,30
high_tc,delta,284,284,-1.2840252110402588,1.4914049406736258,27
high_tc,delta,285,285,-5.5996315723584855,3.52526482096152,30
high_tc,delta,286,286,-1.5098775180210424,1.3208222327179766,30
high_tc,delta,287,287,-1.2434068752193213,3.1511884335720906,30
high_tc,delta,288,288,-2.1776174570933335,2.0837022536093666,30
high_tc,delta,289,289,-3.3012254806107535,1.4125028463115676,26
high_tc,delta,290,290,-2.168715797628863,2.324272448536826,30
high_tc,delta,291,291,-1.008856494567965,2.5277046357528072,30
high_tc,delta,292,292,-3.1298557814894896,2.981274101930576,30
high_tc,delta,293,293,-1.494073983975717,2.6372382734675703,30
high_tc,delta,294,294,-2.0754401566770753,3.460715876515169,30
high_tc,delta,295,295,-4.35633892395014,3.432907724105379,30
high_tc,delta,296,296,-1.0169333834312644,2.8525046714187243,30
high_tc,delta,297,297,-2.1817684364930585,1.801083225590869,30
high_tc,delta,298,298,-4.911477077554559,2.6095988853196443,30
high_tc,delta,299,299,-1.9843945661223101,1.7930357850196057,29
high_tc,delta,300,300,-0.4257937484048939,1.2623883542742351,30
high_tc,delta,301,301,-0.6084696405869952,1.0496547079245122,29
high_tc,delta,302,302,-3.288876883120736,2.6676527192758077,30
high_tc,delta,303,303,-1.9512238805512356,2.39788660774105,30
high_tc,delta,304,304,-4.012034403017367,3.0631375699450847,30
high_tc,delta,305,305,-1.5779503161099058,2.6445914276197007,30
high_tc,delta,306,306,-1.5783154856925847,2.3707292647867804,30
high_tc,delta,307,307,-3.944660296405459,2.3983229678979767,30
high_tc,delta,308,308,-2.8620538260411763,2.514530954933773,30
high_tc,delta,309,309,-5.141011989917331,2.6256268586915077,30
high_tc,delta,310,310,-1.8232433166280941,2.5524238969246555,30
high_tc,delta,311,311,-2.2002400028209905,2.4245059838456986,30
high_tc,delta,312,312,-3.7914169457980194,3.1569552410361172,30
high_tc,delta,313,313,-4.2764936860769325,3.4598579270735894,30
high_tc,delta,314,314,-2.166165863165631,2.579101923662159,30
high_tc,delta,315,315,-3.0240075740029804,1.7495872407925774,30
high_tc,delta,316,316,-2.1363161927785512,2.47932135196946,30
high_tc,delta,317,317,-1.141816344400553,1.6769851227246229,29
high_tc,delta,318,318,-2.772641396165746,2.8636140102893766,30
high_tc,delta,319,319,-1.72926735043157,2.7180040023681693,30
high_tc,delta,320,320,-1.8924874240890261,1.4982953986780883,29
high_tc,delta,321,321,-1.6721233853470259,2.3584865447925725,30
high_tc,delta,322,322,-3.481220445326656,2.5659454825928307,30
high_tc,delta,323,323,-3.0090613845396064,1.212535185361098,28
high_tc,delta,324,324,-3.8991362749724345,1.4330442743893739,26
high_tc,delta,325,325,-2.100221357051495,2.1722197104371586,30
high_tc,delta,326,326,-2.2176614129252528,1.7852860794982288,30
high_tc,delta,327,327,-2.576551039696014,2.393445199163847,30
high_tc,delta,328,328,-2.324504426274899,2.5295402362919126,30
high_tc,delta,329,329,-1.7972072145898892,2.409009093432208,30
high_tc,delta,330,330,-1.5257295294430833,1.2305832575344924,30
high_tc,delta,331,331,-3.8830044738762552,2.366081570515334,30
high_tc,delta,332,332,-3.728018454170429,2.6890064861938274,30
high_tc,delta,333,333,-3.8461909438371293,2.0317233297535844,29
high_tc,delta,334,334,-1.8075032108497615,1.2520487646376086,28
high_tc,delta,335,335,-1.193330536774397,2.2625158386252484,30
high_tc,delta,336,336,-2.1359541490530844,2.9692968502647625,30
high_tc,delta,337,337,-1.4219479801067365,2.365265302344467,30
high_tc,delta,338,338,-2.1303361926813333,1.8345674287912592,30
high_tc,delta,339,339,-0.6120564116751268,1.8256588167978394,30
high_tc,delta,340,340,-3.099995660226825,2.647257545429735,30
high_tc,delta,341,341,-1.6583688206715976,1.886522710014486,30
high_tc,delta,342,342,-1.8833709682072737,1.6635842821684566,30
high_tc,delta,343,343,-2.2490523986761843,1.4900328065790134,29
high_tc,delta,344,344,-2.611020522532698,3.3804772694916725,30
high_tc,delta,345,345,-2.2858416749567,2.297243429544867,30
high_tc,delta,346,346,-0.5279878670053706,1.8822016133597894,30
high_tc,delta,347,347,-1.6968267911638157,1.1942481470309025,29
high_tc,delta,348,348,-1.8366306168647242,2.05041965267973,30
high_tc,delta,349,349,-3.6561594083279787,2.7535194083821843,30
high_tc,delta,350,350,-2.4169705621543827,2.748638481880417,30
high_tc,delta,351,351,-2.259623369384862,2.7849113873241307,30
high_tc,delta,352,352,-1.3749632725491168,3.140241162292556,30
high_tc,delta,353,353,-2.310653928674694,2.761145356349631,30
high_tc,delta,354,354,-0.9619433585560054,1.4722142099768996,30
high_tc,delta,355,355,-1.902564999636283,2.6322313614539605,30
high_tc,delta,356,356,-2.790913368327929,2.4984853068117823,30
high_tc,delta,357,357,-1.5973213482344875,1.4585025985578879,30
high_tc,delta,358,358,-1.0060781660339586,1.685445793212994,30
high_tc,delta,359,359,-0.7740589571099861,1.6575739215449674,30
high_tc,delta,360,360,-1.4198669037028748,1.5486526596764232,28
high_tc,delta,361,361,-3.4657860142591232,2.8457040585409388,30
high_tc,delta,362,362,-3.486306023391549,2.27586374912335,30
high_tc,delta,363,363,-1.7711530525626835,2.557830864364893,30
high_tc,delta,364,364,-1.7906738514556793,2.078731918901192,29
high_tc,delta,365,365,-1.3837798130615884,1.8309472945571252,30
high_tc,delta,366,366,-2.3937245464767187,1.8095310149264474,30
high_tc,delta,367,367,-2.344950011085075,1.979303900597759,30
high_tc,delta,368,368,-1.4784227752538328,2.663017030802952,30
high_tc,delta,369,369,-3.3107149359937167,1.948823154006545,30
high_tc,delta,370,370,-2.527664458073822,3.1594715469875894,30
high_tc,delta,371,371,-3.134178449323919,3.364254122957656,30
high_tc,delta,372,372,-1.415068440646806,1.6032975574344437,30
high_tc,delta,373,373,-2.3579014285081055,2.0303733569274134,30
high_tc,delta,374,374,-2.858848476721942,2.588342790589022,30
high_tc,delta,375,375,-2.3220456030940966,1.5307209344829293,28
high_tc,delta,376,376,-4.4409429572191925,3.0917585138224286,30
high_tc,delta,377,377,-2.082130006508521,3.217422894735161,30
high_tc,delta,378,378,-1.3524015639760099,1.8733276036379687,30
high_tc,delta,379,379,-3.274514345560763,2.9314471274785388,30
high_tc,delta,380,380,-1.1392972580145992,1.6810252695976504,30
high_tc,delta,381,381,-1.738857776658351,2.239961712598503,30
high_tc,delta,382,382,-0.8768081208139193,1.512097159426838,30
high_tc,delta,383,383,-1.9206455589064857,2.121802217583177,30
high_tc,delta,384,384,-2.4469580068672343,2.0315857101213664,30
high_tc,delta,385,385,-2.140541263537827,2.757073931442913,30
high_tc,delta,386,386,-3.208703090841536,2.1422473920559617,30
high_tc,delta,387,387,-1.9763376645727107,1.4246906263052088,30
high_tc,delta,388,388,-1.8192884966323817,1.8943630222815322,30
high_tc,delta,389,389,-1.9391128704744318,2.604308333923366,30
high_tc,delta,390,390,-1.883172198534652,1.9252921477460403,30
high_tc,delta,391,391,-3.7628979511378944,3.156275710115734,30
high_tc,delta,392,392,-1.3922371247465577,1.4314807303540034,30
high_tc,delta,393,393,-1.3184839173949676,2.8624888643201736,30
high_tc,delta,394,394,-3.1844453364081047,2.4561805355658017,30
high_tc,delta,395,395,-3.0965010297091595,2.61820405682621,30
high_tc,delta,396,396,-2.1209063182349013,1.9116678159904303,30
high_tc,delta,397,397,-1.379587320250633,2.3776895976623633,30
high_tc,delta,398,398,-0.7234479197034958,1.554118795020492,29
high_tc,delta,399,399,-1.8475447439431392,3.1722210226849406,30
high_tc,delta,400,400,-0.743577010472535,2.626817898773653,30
high_tc,delta,401,401,-2.023390928373942,2.3485944867277557,30
high_tc,delta,402,402,-2.2773860398211525,2.5494695273275805,30
high_tc,delta,403,403,-2.20620279369966,2.1945480059976674,30
high_tc,delta,404,404,-0.8591952771829323,2.6736987260077867,30
high_tc,delta,405,405,-4.901664742583691,1.8322180438337456,30
high_tc,delta,406,406,-2.2265867731462095,2.3254400141646254,30
high_tc,delta,407,407,-1.8627240065679054,2.6824762228116037,30
high_tc,delta,408,408,-2.688538542171571,2.3855571905206725,30
high_tc,delta,409,409,-1.237690376661151,3.0291875774941266,30
high_tc,delta,410,410,-1.8561980483651983,1.9438272031685448,30
high_tc,delta,411,411,-0.9204586366032643,2.6727427205015433,30
high_tc,delta,412,412,-3.657411767581414,2.5344318036723896,30
high_tc,delta,413,413,-1.098543951547029,3.119330552144263,30
high_tc,delta,414,414,-0.8120815721531045,2.201166760979193,30
high_tc,delta,415,415,-2.775255353195938,2.863136990733117,30
high_tc,delta,416,416,0.10568419916969418,2.2012053701398866,30
high_tc,delta,417,417,-1.644328407478568,2.7563577833571795,30
high_tc,delta,418,418,-1.8305901769068258,2.331698530974178,30
high_tc,delta,419,419,-1.0078493896649547,2.386837018102314,30
high_tc,delta,420,420,-0.8578945461741085,2.4759010634646774,30
high_tc,delta,421,421,-1.5589582825959951,1.861443008274557,30
high_tc,delta,422,422,-1.6641951841011036,1.9894152467010033,30
high_tc,delta,423,423,-4.076368980451208,2.5587950424754933,30
high_tc,delta,424,424,-1.2097564237803624,1.2001454972895873,28
high_tc,delta,425,425,-0.349550458958646,2.7051901156732296,30
high_tc,delta,426,426,-1.494043257467979,2.9899252355015538,30
high_tc,delta,427,427,0.040944495552137694,1.5526486966401543,30
high_tc,delta,428,428,-3.2955308222224353,3.42996198434562,30
high_tc,delta,429,429,-3.2941335220047523,2.4076942347208923,30
high_tc,delta,430,430,-1.9822762483920968,2.6338541449954698,30
high_tc,delta,431,431,-4.8330717807125865,2.6661210637132218,30
high_tc,delta,432,432,-0.6301369768982992,1.7200814215927958,30
high_tc,delta,433,433,-1.0776649839932873,2.6690430841419195,30
high_tc,delta,434,434,-5.292857548302848,2.887074751232748,30
high_tc,delta,435,435,-1.366535947068101,1.5177495779650698,30
high_tc,delta,436,436,-2.5158973379393217,1.8368093526155305,30
high_tc,delta,437,437,-2.2961564011188074,3.384569974601367,30
high_tc,delta,438,438,-0.3581795029638233,3.105972688148463,30
high_tc,delta,439,439,-3.3064612509870273,2.761589158116347,30
high_tc,delta,440,440,-1.9715732264618708,2.6983142704795884,30
high_tc,delta,441,441,-1.317502359797615,1.993087841940323,30
high_tc,delta,442,442,-2.7509542765398294,1.4996626017437475,28
high_tc,delta,443,443,-4.9593679518760965,3.1144499056146557,30
high_tc,delta,444,444,0.11197848515783182,1.5388636986820823,30
high_tc,delta,445,445,-1.5969318331730449,1.3097185302314442,27
high_tc,delta,446,446,-0.9148021236182776,1.7857895053301924,29
high_tc,delta,447,447,-1.1051929840703991,2.734706769547269,30
high_tc,delta,448,448,-1.028229087532032,1.6464212884435612,30
high_tc,delta,449,449,-3.481053161195918,2.991682412795429,30
high_tc,random,0,0,-16.22560001779784,17.462692232031348,30
high_tc,random,1,1,-16.033104178463233,17.887216215060352,30
high_tc,random,2,2,-10.22085605202227,22.796073147352686,30
high_tc,random,3,3,-22.619805172769325,23.748419807394118,30
high_tc,random,4,4,-19.25727285016609,16.765189569553872,30
high_tc,random,5,5,-24.088400604427726,23.295905850841397,30
high_tc,random,6,6,-10.679427791730305,16.285424109698255,30
high_tc,random,7,7,-14.541527056043083,21.022624013457754,30
high_tc,random,8,8,-18.04919956371175,20.520215015089864,30
high_tc,random,9,9,-30.45687954219349,22.958394235909427,30
high_tc,random,10,10,-10.62305368849303,16.224036743796862,30
high_tc,random,11,11,-19.376124123144635,20.87325675532384,30
high_tc,random,12,12,-21.346648271725556,20.176882306003176,30
high_tc,random,13,13,-40.56684793244001,21.40617231316481,30
high_tc,random,14,14,-15.46571685107051,19.121449147273236,30
high_tc,random,15,15,-27.082401774535498,22.13898084434142,30
high_tc,random,16,16,-18.897670069245976,17.379434449775452,30
high_tc,random,17,17,-20.41491282527447,17.14188676234951,30
high_tc,random,18,18,-28.096216593404208,22.469613623963244,30
high_tc,random,19,19,-19.42702030307953,23.584781183761798,30
high_tc,random,20,20,-16.910683405533376,16.134149433268092,30
high_tc,random,21,21,-32.03047136664809,19.563413544409862,30
high_tc,random,22,22,-18.234514659507397,18.03621850126329,30
high_tc,random,23,23,-12.235113277899217,16.419559712126482,30
high_tc,random,24,24,-16.77621100135308,21.51511154711583,30
high_tc,random,25,25,-22.410283859506364,18.412955781225996,30
high_tc,random,26,26,-19.69779172730668,19.683990891253934,30
high_tc,random,27,27,-19.921977209013058,21.62242153978891,30
high_tc,random,28,28,-31.38658475356026,20.591756805990418,30
high_tc,random,29,29,-11.138079013451934,14.380635257198115,30
high_tc,random,30,30,-27.240085749903066,26.031021032113003,30
high_tc,random,31,31,-18.215023295408344,21.00968119907153,30
high_tc,random,32,32,-22.828809819906922,21.251763170358924,30
high_tc,random,33,33,-11.341446643881376,22.99632743142403,30
high_tc,random,34,34,-27.540644360935687,20.308225983607535,30
high_tc,random,35,35,-18.042222570649493,22.303900691520607,30
high_tc,random,36,36,-20.587420139242603,24.55526590873789,30
high_tc,random,37,37,-20.623466829109127,21.86630665412963,30
high_tc,random,38,38,-27.531543640074943,23.61613108646244,30
high_tc,random,39,39,-16.271756726411756,15.51322584675965,30
high_tc,random,40,40,-22.911024122124815,22.455886415032754,30
high_tc,random,41,41,-20.87150376898316,18.65998637674132,30
high_tc,random,42,42,-21.382730891910654,19.08239153199907,30
high_tc,random,43,43,-23.13043472666932,22.7331451212689,30
high_tc,random,44,44,-22.83723622213229,18.43971810010989,30
high_tc,random,45,45,-11.50442671846719,16.167801770936336,30
high_tc,random,46,46,-20.20419055668047,18.05346088004566,30
high_tc,random,47,47,-9.399708871394502,14.436796579289169,30
high_tc,random,48,48,-30.06312789936993,18.27670110068864,30
high_tc,random,49,49,-31.604407751620855,20.733458823564867,30
high_tc,random,50,50,-21.695481546005155,17.800278922260386,30
high_tc,random,51,51,-19.695834903058596,20.306813436216263,30
high_tc,random,52,52,-14.42037404305438,15.137015524061582,30
high_tc,random,53,53,-11.661506267029509,20.414611249461178,30
high_tc,random,54,54,-23.01672908270551,19.49949430965745,30
high_tc,random,55,55,-14.820212008554249,16.17525112489746,30
high_tc,random,56,56,-29.83486128855438,21.468859737023806,30
high_tc,random,57,57,-15.195984230202527,20.78923298187399,30
high_tc,random,58,58,-17.625769083342306,20.1617277451422,30
high_tc,random,59,59,-32.14721552487029,22.874351346271283,30
high_tc,random,60,60,-19.57706020647676,19.4561899391931,30
high_tc,random,61,61,-23.829897199192274,20.351667001520585,30
high_tc,random,62,62,-15.749883188979748,19.984193128526545,30
high_tc,random,63,63,-36.32294855176299,17.4682686250321,30
high_tc,random,64,64,-21.872012886851905,26.105740884408817,30
high_tc,random,65,65,-20.24861933112546,22.70869505480045,30
high_tc,random,66,66,-19.462028913835354,18.133380125969882,30
high_tc,random,67,67,-18.99884853597864,18.702887064542285,30
high_tc,random,68,68,-32.09547091151318,26.52758801399167,30
high_tc,random,69,69,-24.02027285984059,17.76502659093058,30
high_tc,random,70,70,-21.020586956290437,17.488743097042935,30
high_tc,random,71,71,-17.795492554391323,20.287341961029338,30
high_tc,random,72,72,-20.424971844877714,20.833039052576048,30
high_tc,random,73,73,-11.806260664512479,18.648507434369517,30
high_tc,random,74,74,-18.17196005875202,19.249488715377723,30
high_tc,random,75,75,-20.479286257967956,19.978283007007473,30
high_tc,random,76,76,-22.59266592124727,21.532521222786993,30
high_tc,random,77,77,-29.02724144366539,21.670111398411347,30
high_tc,random,78,78,-36.8443792577752,19.399935920581434,30
high_tc,random,79,79,-15.227099253561374,16.843803481114993,30
high_tc,random,80,80,-13.878977998637936,24.04866553633591,30
high_tc,random,81,81,-28.06594737719616,26.59105681211974,30
high_tc,random,82,82,-17.989569395160338,20.912140952131676,30
high_tc,random,83,83,-16.01429096910035,18.566194596510734,30
high_tc,random,84,84,-24.116000220418215,20.708268944030312,30
high_tc,random,85,85,-8.520344716671481,18.887468512070015,30
high_tc,random,86,86,-17.94553514351646,18.883859272681104,30
high_tc,random,87,87,-18.953055381413186,19.582255557361982,30
high_tc,random,88,88,-18.547782276595434,20.334647883487207,30
high_tc,random,89,89,-15.347087559003697,17.5835282004544,30
high_tc,random,90,90,-16.440755929530464,18.04232790103795,30
high_tc,random,91,91,-32.03275380804031,24.954595077481475,30
high_tc,random,92,92,-14.121995636912928,18.77240443556162,30
high_tc,random,93,93,-27.174660221917385,22.592778185599638,30
high_tc,random,94,94,-20.265469781543967,20.407052635209656,30
high_tc,random,95,95,-18.088377392424647,20.127501800749414,30
high_tc,random,96,96,-32.03035853226962,22.352872686492184,30
high_tc,random,97,97,-14.903978218911906,19.657829756135467,30
high_tc,random,98,98,-27.346542369988228,26.738181414149114,30
high_tc,random,99,99,-20.529788986520032,22.97757708999661,30
high_tc,random,100,100,-25.977206881369824,21.48821843077307,30
high_tc,random,101,101,-14.296318272783278,14.82091181332616,30
high_tc,random,102,102,-26.200810309186707,21.870340146082537,30
high_tc,random,103,103,-11.319305603524882,19.343773027550196,30
high_tc,random,104,104,-27.67745356584149,20.623693708829755,30
high_tc,random,105,105,-14.323091216491434,14.596799579585669,30
high_tc,random,106,106,-12.256122526013783,15.353501577923328,30
high_tc,random,107,107,-19.203885933784917,19.596112771480993,30
high_tc,random,108,108,-40.09132643179851,29.835658234074607,30
high_tc,random,109,109,-19.38531920389473,18.02405469815776,30
high_tc,random,110,110,-23.320813095548054,20.98406756701446,30
high_tc,random,111,111,-19.926772742388614,19.079989438565487,30
high_tc,random,112,112,-16.96450122029045,21.140164595160456,30
high_tc,random,113,113,-27.32736841488504,20.5712124088182,30
high_tc,random,114,114,-11.39437456162375,16.99125306213967,30
high_tc,random,115,115,-13.52296678695319,19.027985641869233,30
high_tc,random,116,116,-14.822073325271756,19.98721909904123,30
high_tc,random,117,117,-17.53678014247449,21.85802644740621,30
high_tc,random,118,118,-12.034924094928968,19.039211907954122,30
high_tc,random,119,119,-20.61792757931374,19.375384584842248,30
high_tc,random,120,120,-24.064507238480388,20.14188342193529,30
high_tc,random,121,121,-19.595429287711685,20.643323118001287,30
high_tc,random,122,122,-14.034243632347497,16.96091745812973,30
high_tc,random,123,123,-22.281382881405328,14.97014644950932,30
high_tc,random,124,124,-18.441295987800537,21.55906890677988,30
high_tc,random,125,125,-19.826631516434887,18.24396680121024,30
high_tc,random,126,126,-20.101167648825296,27.17676085194295,30
high_tc,random,127,127,-13.473054255940042,16.517245898792932,30
high_tc,random,128,128,-18.743045735734725,20.081874472630556,30
high_tc,random,129,129,-19.6453992153332,15.784805284047682,30
high_tc,random,130,130,-12.793656184309768,16.82004398421469,30
high_tc,random,131,131,-38.81456219542808,19.05635836742905,30
high_tc,random,132,132,-25.258337385541772,21.568303240089644,30
high_tc,random,133,133,-13.750459456342298,18.523374248841957,30
high_tc,random,134,134,-15.371937048170828,17.781788500614145,30
high_tc,random,135,135,-26.76220703464305,20.559683039200944,30
high_tc,random,136,136,-20.933315175168367,22.057762542301305,30
high_tc,random,137,137,-20.47285309469497,20.526869863881537,30
high_tc,random,138,138,-14.160016286964748,16.555137787473118,30
high_tc,random,139,139,-20.36409887491075,17.74265238983319,30
high_tc,random,140,140,-18.63072946013478,19.247134976774298,30
high_tc,random,141,141,-18.270477554003726,22.88139023723498,30
high_tc,random,142,142,-17.103190711474312,17.952093229464797,30
high_tc,random,143,143,-18.40364984483081,19.018994366484687,30
high_tc,random,144,144,-27.29167814060159,24.11170256246834,30
high_tc,random,145,145,-13.358274929947697,20.24421924813149,30
high_tc,random,146,146,-7.014246802760823,14.675429575598596,30
high_tc,random,147,147,-28.227910031143523,25.34117631841807,30
high_tc,random,148,148,-13.980924945506139,18.301643016861306,30
high_tc,random,149,149,-26.88036988264847,20.10481942394369,30
high_tc,random,150,150,-10.932263771217006,20.73220369735871,30
high_tc,random,151,151,-16.387823377901903,16.752710525944266,30
high_tc,random,152,152,-15.83239397102689,19.652006096185744,30
high_tc,random,153,153,-15.75734124646722,19.866360233210408,30
high_tc,random,154,154,-14.041074135087172,18.330702297696437,30
high_tc,random,155,155,-9.674614156155151,18.531021579649195,30
high_tc,random,156,156,-25.83415877781721,24.654477962739396,30
high_tc,random,157,157,-14.596137884363614,17.328662087616458,30
high_tc,random,158,158,-14.800187817919358,17.475278429707426,30
high_tc,random,159,159,-12.695972291030403,15.997027441146093,30
high_tc,random,160,160,-35.153756563699986,22.645673198946575,30
high_tc,random,161,161,-35.087672756271566,21.93206050158753,30
high_tc,random,162,162,-16.687959432678674,15.24528422703474,30
high_tc,random,163,163,-23.50058365111713,23.230672760205998,30
high_tc,random,164,164,-25.598320351483146,21.531265416915815,30
high_tc,random,165,165,-17.05572549322084,19.505641362277885,30
high_tc,random,166,166,-36.90394420661276,18.503419171499974,30
high_tc,random,167,167,-11.110944319786995,13.980843123740346,30
high_tc,random,168,168,-18.212137310574306,16.726696919878997,30
high_tc,random,169,169,-19.388155063568973,20.797455453584092,30
high_tc,random,170,170,-30.937015721751592,22.08085498730684,30
high_tc,random,171,171,-25.523238156542618,23.456361770887963,30
high_tc,random,172,172,-24.735766256535754,25.9078701083454,30
high_tc,random,173,173,-24.897694953547557,19.797989624414853,30
high_tc,random,174,174,-17.45098894146887,18.664987133557243,30
high_tc,random,175,175,-32.642647306505154,22.10183194949574,30
high_tc,random,176,176,-17.449212838889505,16.928826413836646,30
high_tc,random,177,177,-22.715341655079143,25.33793794038513,30
high_tc,random,178,178,-16.3195992769924,18.31969289677262,30
high_tc,random,179,179,-20.282338791459864,18.662233378065654,30
high_tc,random,180,180,-23.52953212369566,19.141749303092435,30
high_tc,random,181,181,-26.04710493672694,22.504354920621832,30
high_tc,random,182,182,-10.719457466574653,16.440308197771795,30
high_tc,random,183,183,-24.103131468264145,21.71615609528812,30
high_tc,random,184,184,-27.43169641403051,19.11709477695894,30
high_tc,random,185,185,-6.517731097838521,19.56701480428308,30
high_tc,random,186,186,-16.94205973291767,23.234837107834036,30
high_tc,random,187,187,-16.021353672907765,22.4430285676095,30
high_tc,random,188,188,-22.858126636446016,17.730103624260863,30
high_tc,random,189,189,-16.561256086108614,16.911869386678497,30
high_tc,random,190,190,-24.539902805052797,21.69910848314268,30
high_tc,random,191,191,-23.698049321836997,26.12743299907551,30
high_tc,random,192,192,-29.69193391372127,26.577285976999956,30
high_tc,random,193,193,-18.903653389556684,16.801996707228803,30
high_tc,random,194,194,-17.002955429933387,18.972825194466257,30
high_tc,random,195,195,-24.940277360915857,18.912432537991442,30
high_tc,random,196,196,-26.313794235086945,24.010057822103146,30
high_tc,random,197,197,-22.91645517071842,23.696698636418912,30
high_tc,random,198,198,-9.878119850720537,17.42967214877701,30
high_tc,random,199,199,-5.853756581194531,17.522677007580757,30
high_tc,random,200,200,-14.70570414589017,18.244809992884488,30
high_tc,random,201,201,-11.884542093503498,15.445190523820575,30
high_tc,random,202,202,-21.430093694171482,18.603702503267392,30
high_tc,random,203,203,-31.15954993090746,27.143309577864656,30
high_tc,random,204,204,-25.11396323511795,16.856388428858576,30
high_tc,random,205,205,-25.640485707987004,21.83370617205221,30
high_tc,random,206,206,-23.21936980400885,23.606976711467468,30
high_tc,random,207,207,-25.911213339731322,21.59136554456826,30
high_tc,random,208,208,-24.69231447026816,16.139159235474374,30
high_tc,random,209,209,-18.302821173683537,17.17170357562385,30
high_tc,random,210,210,-11.913545168692949,18.170085222399322,30
high_tc,random,211,211,-20.41610263723139,15.022999306116006,30
high_tc,random,212,212,-16.409153630821905,17.049976728387815,30
high_tc,random,213,213,-13.573567868191276,15.732384025464432,30
high_tc,random,214,214,-21.853502900708705,16.481395005604004,30
high_tc,random,215,215,-20.654662153429072,19.56670582135621,30
high_tc,random,216,216,-36.30576332387828,28.50404742597864,30
high_tc,random,217,217,-12.676698594951503,16.43405951072746,30
high_tc,random,218,218,-20.487227524087693,19.967897146966642,30
high_tc,random,219,219,-20.886243044818393,19.955846987047583,30
high_tc,random,220,220,-22.6387681658978,19.103920652069576,30
high_tc,random,221,221,-20.030034134691746,23.804416742959575,30
high_tc,random,222,222,-21.48996288154694,19.6867885521907,30
high_tc,random,223,223,-20.250464869315465,22.827525037207838,30
high_tc,random,224,224,-29.92654208498338,22.12477117184854,30
high_tc,random,225,225,-16.816240995324417,18.18784971542534,30
high_tc,random,226,226,-27.284919004863866,23.714604019470112,30
high_tc,random,227,227,-24.542306091840658,23.671403854450364,30
high_tc,random,228,228,-29.77181253576739,20.55029202173087,30
high_tc,random,229,229,-30.151535784235143,20.901803167873943,30
high_tc,random,230,230,-11.532037383436418,22.105438274498145,30
high_tc,random,231,231,-18.933088864068353,20.72007895791823,30
high_tc,random,232,232,-15.040160378322767,18.861553274662903,30
high_tc,random,233,233,-23.040940694126732,23.265311445048958,30
high_tc,random,234,234,-12.790758836981155,20.850293116967787,30
high_tc,random,235,235,-14.776117197110409,16.96606810119396,30
high_tc,random,236,236,-25.39091968889009,21.72241914342025,30
high_tc,random,237,237,-29.81135661836764,20.207605326131496,30
high_tc,random,238,238,-25.318098386355878,23.08983090629919,30
high_tc,random,239,239,-33.86024650463912,21.171023748262908,30
high_tc,random,240,240,-20.202297096467397,20.10418115188629,30
high_tc,random,241,241,-18.62252071948315,22.205951891962236,30
high_tc,random,242,242,-23.40075903005102,20.528209193988744,30
high_tc,random,243,243,-22.272552246131912,21.125462339209236,30
high_tc,random,244,244,-17.185908185976345,13.474214460019525,30
high_tc,random,245,245,-28.031600723775178,25.779216420076782,30
high_tc,random,246,246,-15.232161821316446,15.813783613168082,30
high_tc,random,247,247,-17.670641552134583,20.81962734517753,30
high_tc,random,248,248,-31.496460371977513,24.646737521056995,30
high_tc,random,249,249,-30.389828805987165,24.933751547945814,30
high_tc,random,250,250,-16.637117031356865,22.581353210065892,30
high_tc,random,251,251,-19.884592257836054,20.872442282126535,30
high_tc,random,252,252,-22.154206109758256,21.764228971627457,30
high_tc,random,253,253,-21.183412704006138,20.860352001855148,30
high_tc,random,254,254,-26.513239559549817,19.484880938995527,30
high_tc,random,255,255,-17.737287633680904,19.437570902232906,30
high_tc,random,256,256,-17.328814736334976,18.6916647643527,30
high_tc,random,257,257,-20.916794145930524,22.312712563539186,30
high_tc,random,258,258,-13.487637707747758,21.170444449481177,30
high_tc,random,259,259,-25.09890937472969,25.104979776842278,30
high_tc,random,260,260,-16.05516991734247,20.083571952984464,30
high_tc,random,261,261,-5.231729441582356,17.462632794235468,30
high_tc,random,262,262,-32.01774697633632,20.58337908911201,30
high_tc,random,263,263,-24.03999009716489,21.989252301240725,30
high_tc,random,264,264,-30.018249235335084,27.914274372321003,30
high_tc,random,265,265,-9.759727224545578,19.459013140390606,30
high_tc,random,266,266,-14.186833202883129,17.309134307821413,30
high_tc,random,267,267,-22.69821575570913,19.325185613663134,30
high_tc,random,268,268,-25.67489129087987,16.374300765576464,30
high_tc,random,269,269,-39.29114163202385,21.983301595680373,30
high_tc,random,270,270,-26.258379564153287,19.78241145479081,30
high_tc,random,271,271,-18.213817934130674,20.078851940857604,30
high_tc,random,272,272,-19.599334363957254,17.080839504111026,30
high_tc,random,273,273,-21.554037117600668,20.116424208427954,30
high_tc,random,274,274,-19.816390792587725,17.6587537334954,30
high_tc,random,275,275,-35.59541561108807,23.34094335601278,30
high_tc,random,276,276,-17.56611234008679,20.93581181995075,30
high_tc,random,277,277,-8.422596921085454,16.62116921241183,30
high_tc,random,278,278,-17.72143086682935,16.94686343582837,30
high_tc,random,279,279,-16.279743703700944,19.962938617477633,30
high_tc,random,280,280,-16.82780874226836,20.105331954921173,30
high_tc,random,281,281,-24.209516190409147,22.471052451783304,30
high_tc,random,282,282,-14.822582919476247,18.105869020358536,30
high_tc,random,283,283,-23.18535202566138,19.595348676072028,30
high_tc,random,284,284,-34.43863815535414,22.09030124107846,30
high_tc,random,285,285,-9.167133004780766,14.412474760800992,30
high_tc,random,286,286,-24.729984981373455,20.936044125749294,30
high_tc,random,287,287,-15.560783191134586,20.935552759777217,30
high_tc,random,288,288,-19.158776036159864,22.00940059089647,30
high_tc,random,289,289,-46.44813102829188,26.350913314455905,30
high_tc,random,290,290,-22.30226923591392,22.126845115290262,30
high_tc,random,291,291,-23.73861507682713,23.265803767003955,30
high_tc,random,292,292,-18.23668198000688,18.192083703373196,30
high_tc,random,293,293,-18.729961390405013,24.825353414501276,30
high_tc,random,294,294,-20.30155632165576,19.33090433962349,30
high_tc,random,295,295,-20.322437277139514,23.869205574582185,30
high_tc,random,296,296,-15.95265923116254,16.808215011367903,30
high_tc,random,297,297,-18.412177113920677,21.39578435276416,30
high_tc,random,298,298,-4.797590293635466,16.32548151833075,30
high_tc,random,299,299,-20.134480983825895,17.79787101993459,30
high_tc,random,300,300,-17.39483871015061,21.971120232113833,30
high_tc,random,301,301,-12.507899137854116,21.059367937571096,30
high_tc,random,302,302,-20.406718988749176,19.193267826186073,30
high_tc,random,303,303,-14.032136228139848,17.763942232354808,30
high_tc,random,304,304,-20.99239682896338,22.025587365857003,30
high_tc,random,305,305,-19.392077834759583,22.043563916709505,30
high_tc,random,306,306,-24.058164708393583,16.08872104665057,30
high_tc,random,307,307,-28.645011614833066,23.935606956482083,30
high_tc,random,308,308,-15.569329994345841,21.970040757431043,30
high_tc,random,309,309,-36.46274877378871,20.182653937600982,30
high_tc,random,310,310,-16.04638984224033,19.133590357302044,30
high_tc,random,311,311,-31.554114382592076,19.9171455636854,30
high_tc,random,312,312,-26.713569693432603,19.165244127460777,30
high_tc,random,313,313,-15.230928239309655,17.320963231044402,30
high_tc,random,314,314,-20.2924531502089,16.422743959653506,30
high_tc,random,315,315,-23.478347395371053,19.702628005488044,30
high_tc,random,316,316,-17.009267097612977,20.516782513628442,30
high_tc,random,317,317,-30.2554697654745,20.646992571742324,30
high_tc,random,318,318,-19.875274108131016,19.118798074726737,30
high_tc,random,319,319,-24.941939408725375,26.236871694570905,30
high_tc,random,320,320,-32.976715756238505,20.489078782245887,30
high_tc,random,321,321,-13.679159277141743,19.914654718348828,30
high_tc,random,322,322,-22.768646524714917,21.358328461167215,30
high_tc,random,323,323,-55.79526924745482,26.628713268642517,30
high_tc,random,324,324,-30.658186755362184,21.72658562525417,30
high_tc,random,325,325,-11.164828215363972,16.614182946432692,30
high_tc,random,326,326,-19.206271340713165,21.493106193033494,30
high_tc,random,327,327,-24.082629479978515,22.56846244693241,30
high_tc,random,328,328,-16.813927057575704,22.559916139412433,30
high_tc,random,329,329,-13.783271393201247,20.61655805998615,30
high_tc,random,330,330,-23.50565479334071,20.462225510117417,30
high_tc,random,331,331,-19.07879495177238,20.213556036638238,30
high_tc,random,332,332,-25.541451222844856,21.751379197281135,30
high_tc,random,333,333,-36.06395594392239,27.161810014087447,30
high_tc,random,334,334,-11.193688153354067,22.170008300786264,30
high_tc,random,335,335,-19.21975781210412,19.988863645684347,30
high_tc,random,336,336,-18.078248674432853,21.4583024335746,30
high_tc,random,337,337,-18.77380540716549,17.2332088447651,30
high_tc,random,338,338,-15.192299873421835,15.23161419377545,30
high_tc,random,339,339,-18.22953560249738,21.953752076387275,30
high_tc,random,340,340,-11.537863348882393,14.911611581146278,30
high_tc,random,341,341,-25.010613519608327,22.835560148571986,30
high_tc,random,342,342,-22.665714420366434,23.6754105720038,30
high_tc,random,343,343,-30.881285084349084,18.936691456087924,30
high_tc,random,344,344,-16.426186141290103,19.39430173415709,30
high_tc,random,345,345,-18.64121067669778,17.608037552151885,30
high_tc,random,346,346,-14.183920455022118,14.607488063841718,30
high_tc,random,347,347,-10.967019308719905,14.264158550801406,30
high_tc,random,348,348,-31.504292238204542,24.27062115893137,30
high_tc,random,349,349,-25.072572611163167,22.76751376252755,30
high_tc,random,350,350,-18.42974306903973,18.499355219899385,30
high_tc,random,351,351,-19.49066809413309,18.304485705940124,30
high_tc,random,352,352,-19.831235159485743,18.939533406111195,30
high_tc,random,353,353,-18.410217183005525,20.44662251595378,30
high_tc,random,354,354,-22.757720424444585,21.184594424394586,30
high_tc,random,355,355,-26.362958396632273,18.207465892161746,30
high_tc,random,356,356,-20.228708974952234,21.726435564846,30
high_tc,random,357,357,-28.155505416849564,20.398564146374895,30
high_tc,random,358,358,-31.399570361937858,16.003179701794522,30
high_tc,random,359,359,-28.175957458376423,21.25777689067699,30
high_tc,random,360,360,-9.715749702221906,17.16633579211152,30
high_tc,random,361,361,-7.2052216309252515,21.487553532575948,30
high_tc,random,362,362,-26.800934950397362,25.273567519827814,30
high_tc,random,363,363,-20.306456397977097,19.00579979511106,30
high_tc,random,364,364,-28.77973446724537,19.52842231157034,30
high_tc,random,365,365,-7.082632057526112,15.214616604773665,30
high_tc,random,366,366,-24.12919635997728,18.718128120115875,30
high_tc,random,367,367,-31.970056996296194,26.12570831977248,30
high_tc,random,368,368,-17.101603699394495,15.77091499134459,30
high_tc,random,369,369,-7.531912155671364,17.284864193420425,30
high_tc,random,370,370,-24.17158064572491,23.892703873503724,30
high_tc,random,371,371,-24.787786143493292,23.52552591261894,30
high_tc,random,372,372,-23.461362829983074,20.373635237311174,30
high_tc,random,373,373,-16.942092246722314,20.890599672705815,30
high_tc,random,374,374,-15.27173603707346,18.945628292854575,30
high_tc,random,375,375,-24.030149586492183,20.529242096174873,30
high_tc,random,376,376,-14.882369742697193,18.256200936078134,30
high_tc,random,377,377,-18.490944317072135,20.809623785484288,30
high_tc,random,378,378,-14.820651592422749,18.363315329544115,30
high_tc,random,379,379,-17.63353417849953,21.41324768421698,30
high_tc,random,380,380,-18.0765174793997,23.06173374484262,30
high_tc,random,381,381,-11.873251865902049,20.57500890029241,30
high_tc,random,382,382,-16.96851301839661,16.765814986186204,30
high_tc,random,383,383,-13.104682124739007,19.00062849975911,30
high_tc,random,384,384,-25.53599739931643,20.269923825430013,30
high_tc,random,385,385,-16.585175108805764,16.49892623222754,30
high_tc,random,386,386,-18.67554629019841,16.686180171059764,30
high_tc,random,387,387,-28.32103014467473,17.24769380180604,30
high_tc,random,388,388,-32.40970603135075,25.97472815451128,30
high_tc,random,389,389,-11.974781852308247,14.676377488559591,30
high_tc,random,390,390,-9.128603548124907,14.513547922517294,30
high_tc,random,391,391,-12.898708439725864,19.944587524853333,30
high_tc,random,392,392,-10.443404258473763,21.514449460192875,30
high_tc,random,393,393,-24.600215001575723,22.286725145929186,30
high_tc,random,394,394,-21.89834906894557,17.444248810883497,30
high_tc,random,395,395,-25.232981626815032,25.749065573477168,30
high_tc,random,396,396,-19.108530891641788,22.576052563844815,30
high_tc,random,397,397,-21.149265258180264,20.16974571158164,30
high_tc,random,398,398,-13.511452888972357,18.656926051413453,30
high_tc,random,399,399,-13.545674574710347,21.631396479896132,30
high_tc,random,400,400,-13.904775126629758,17.626658627139093,30
high_tc,random,401,401,-23.956854818637815,20.552108694334567,30
high_tc,random,402,402,-27.942926581712378,22.758179262701237,30
high_tc,random,403,403,-22.402117962231173,17.878458137319782,30
high_tc,random,404,404,-16.642199097767914,20.24318765635779,30
high_tc,random,405,405,-39.971264204424266,22.37644607228338,30
high_tc,random,406,406,-29.724785976420847,21.124187955634266,30
high_tc,random,407,407,-22.953097842512996,23.150182027916003,30
high_tc,random,408,408,-18.401894585345815,20.636457989730452,30
high_tc,random,409,409,-14.814024469218253,20.988542564011368,30
high_tc,random,410,410,-14.797493646045444,21.853848110045107,30
high_tc,random,411,411,-26.856514093966588,24.881668201265168,30
high_tc,random,412,412,-13.858714128183337,19.626725357340607,30
high_tc,random,413,413,-23.25427810039446,20.798048561528216,30
high_tc,random,414,414,-21.539199904440018,23.62317751624088,30
high_tc,random,415,415,-12.303920588074831,21.308984981682727,30
high_tc,random,416,416,-16.145148437574807,17.230536590232614,30
high_tc,random,417,417,-18.446628249009393,18.90890473627893,30
high_tc,random,418,418,-13.061169839014966,14.992011396899752,30
high_tc,random,419,419,-10.892208650132503,17.448675926485617,30
high_tc,random,420,420,-19.10426895256407,19.229394299970018,30
high_tc,random,421,421,-20.715122050274616,18.416369846404194,30
high_tc,random,422,422,-25.794158849656554,18.8229925514547,30
high_tc,random,423,423,-19.57183491488481,24.12001984251305,30
high_tc,random,424,424,-27.352372672896976,18.715572215942366,30
high_tc,random,425,425,-20.198620808525316,17.884211897826855,30
high_tc,random,426,426,-19.51780704848433,21.319067875958954,30
high_tc,random,427,427,-17.937203960821293,20.267214917724733,30
high_tc,random,428,428,-10.6231476335589,18.8520635168903,30
high_tc,random,429,429,-13.857504970275926,15.765817221936615,30
high_tc,random,430,430,-22.0626228671424,24.15887894693491,30
high_tc,random,431,431,-24.2072661349476,19.304243955426696,30
high_tc,random,432,432,-21.17374291711041,19.609967247605564,30
high_tc,random,433,433,-22.07335333112492,22.945784374605218,30
high_tc,random,434,434,-18.070672992435433,19.104771025961888,30
high_tc,random,435,435,-31.471918482412065,23.59659751344766,30
high_tc,random,436,436,-31.400957650777467,23.067129453335692,30
high_tc,random,437,437,-16.939455974974493,17.198968018966543,30
high_tc,random,438,438,-16.359000208771462,17.833395316671627,30
high_tc,random,439,439,-23.97774825371789,22.236226721052144,30
high_tc,random,440,440,-24.49235735787751,17.867568766054305,30
high_tc,random,441,441,-22.013899668134652,20.50341254316069,30
high_tc,random,442,442,-38.82057452153228,20.82385867222137,30
high_tc,random,443,443,-20.583035215417233,21.71682258636561,30
high_tc,random,444,444,-15.991069165470535,19.173051554521667,30
high_tc,random,445,445,-39.91331711203411,20.648811720621534,30
high_tc,random,446,446,-10.081403073776945,18.043306342790103,30
high_tc,random,447,447,-9.209130880723247,18.01123710555925,30
high_tc,random,448,448,-15.995981408558961,20.10826284787346,30
high_tc,random,449,449,-12.880723116024383,18.859813109095366,30
high_tc,whalley_wilmott,0,0,2.8106773469827786,0.0,0
high_tc,whalley_wilmott,1,1,2.7191338533491134,0.0,0
high_tc,whalley_wilmott,2,2,2.5159679699537847,0.0748947973372184,1
high_tc,whalley_wilmott,3,3,2.8106773469827786,0.0,0
high_tc,whalley_wilmott,4,4,2.8106773469827786,0.0,0
high_tc,whalley_wilmott,5,5,2.8106773469827786,0.0,0
high_tc,whalley_wilmott,6,6,-6.338240611787825,1.0798581787159307,11
high_tc,whalley_wilmott,7,7,2.8106773469827786,0.0,0
high_tc,whalley_wilmott,8,8,2.8106773469827786,0.0,0
high_tc,whalley_wilmott,9,9,-3.7714532620638153,1.0442496388369538,8
high_tc,whalley_wilmott,10,10,2.8106773469827786,0.0,0
high_tc,whalley_wilmott,11,11,-0.10122250587992859,0.5092705279308148,4
high_tc,whalley_wilmott,12,12,-0.8600095565684356,0.4304684912632588,3
high_tc,whalley_wilmott,13,13,-7.409822476886134,1.0912920773650387,9
high_tc,whalley_wilmott,14,14,2.1143059688111734,0.0,0
high_tc,whalley_wilmott,15,15,-5.0163528496389205,1.0499891793021414,8
high_tc,whalley_wilmott,16,16,-0.3450687884633865,0.26213384037453,2
high_tc,whalley_wilmott,17,17,2.8106773469827786,0.0,0
high_tc,whalley_wilmott,18,18,-7.383989407414759,1.0910363043999762,18
high_tc,whalley_wilmott,19,19,2.107982569549966,0.11036572621976012,2
high_tc,whalley_wilmott,20,20,1.880500086129547,0.12975807742529671,5
high_tc,whalley_wilmott,21,21,-4.408546492763037,1.0615511474237658,9
high_tc,whalley_wilmott,22,22,1.1144141461484658,0.24707943887519848,1
high_tc,whalley_wilmott,23,23,2.8106773469827786,0.0,0
high_tc,whalley_wilmott,24,24,2.8106773469827786,0.0,0
high_tc,whalley_wilmott,25,25,-2.8452755306446846,0.7727029431426168,7
high_tc,whalley_wilmott,26,26,-1.1900028474191302,0.37480686155119325,3
high_tc,whalley_wilmott,27,27,2.8106773469827786,0.0,0
high_tc,whalley_wilmott,28,28,-2.920186703806408,1.0431214423510229,3
high_tc,whalley_wilmott,29,29,2.5113181555623996,0.0,0
high_tc,whalley_wilmott,30,30,-6.505448902715244,1.0058751792502032,13
high_tc,whalley_wilmott,31,31,-1.0347053495888758,0.5057785395398383,5
high_tc,whalley_wilmott,32,32,0.34470676282710855,0.0,0
high_tc,whalley_wilmott,33,33,2.8106773469827786,0.0,0
high_tc,whalley_wilmott,34,34,-3.9076497809712976,1.0502099263760531,6
high_tc,whalley_wilmott,35,35,1.6291765079951332,0.17786231933318275,2
high_tc,whalley_wilmott,36,36,2.8106773469827786,0.0,0
high_tc,whalley_wilmott,37,37,2.8106773469827786,0.0,0
high_tc,whalley_wilmott,38,38,-4.055548458949403,0.7738197614078866,5
high_tc,whalley_wilmott,39,39,2.8106773469827786,0.0,0
high_tc,whalley_wilmott,40,40,2.8106773469827786,0.0,0
high_tc,whalley_wilmott,41,41,-0.5742867321869198,0.5255311518111033,2
high_tc,whalley_wilmott,42,42,-0.5515825556931659,0.0,0
high_tc,whalley_wilmott,43,43,2.8106773469827786,0.0,0
high_tc,whalley_wilmott,44,44,-2.1451346260771658,0.8992064385797417,5
high_tc,whalley_wilmott,45,45,2.8106773469827786,0.0,0
high_tc,whalley_wilmott,46,46,2.8106773469827786,0.0,0
high_tc,whalley_wilmott,47,47,2.8106773469827786,0.0,0
high_tc,whalley_wilmott,48,48,-6.321680704995515,1.0805183964552307,16
high_tc,whalley_wilmott,49,49,-7.483808676892551,1.0920246139987657,6
high_tc,whalley_wilmott,50,50,2.8106773469827786,0.0,0
high_tc,whalley_wilmott,51,51,1.5813687335450126,0.14979857400390997,1
high_tc,whalley_wilmott,52,52,-1.3904952234110226,0.4799249664979412,1
high_tc,whalley_wilmott,53,53,-5.025884628341373,1.0676813411826596,10
high_tc,whalley_wilmott,54,54,-4.7879564227964835,1.0653263552095653,8
high_tc,whalley_wilmott,55,55,-3.11149768894947,0.6458997529608904,2
high_tc,whalley_wilmott,56,56,-6.4447988213111245,1.0817373877058805,10
high_tc,whalley_wilmott,57,57,-2.3816332291399362,0.6101481046751164,7
high_tc,whalley_wilmott,58,58,2.8106773469827786,0.0,0
high_tc,whalley_wilmott,59,59,-5.842125098492261,1.0757703211433172,13
high_tc,whalley_wilmott,60,60,-7.170907317523813,1.0889265161835595,13
high_tc,whalley_wilmott,61,61,2.45147009992308,0.08903943400025328,1
high_tc,whalley_wilmott,62,62,2.8106773469827786,0.0,0
high_tc,whalley_wilmott,63,63,-9.441953421852674,1.111412185731044,16
high_tc,whalley_wilmott,64,64,2.8106773469827786,0.0,0
high_tc,whalley_wilmott,65,65,2.0633938964647136,0.131267543581778,1
high_tc,whalley_wilmott,66,66,2.8106773469827786,0.0,0
high_tc,whalley_wilmott,67,67,2.099655973412294,0.05241339620274671,2
high_tc,whalley_wilmott,68,68,-6.3130393711340815,1.080351469267021,17
high_tc,whalley_wilmott,69,69,-5.846744217724563,1.0758115736237006,13
high_tc,whalley_wilmott,70,70,-5.178132277083648,1.0681613814361741,7
high_tc,whalley_wilmott,71,71,2.8106773469827786,0.0,0
high_tc,whalley_wilmott,72,72,1.8897765843352303,0.0,0
high_tc,whalley_wilmott,73,73,2.8106773469827786,0.0,0
high_tc,whalley_wilmott,74,74,-2.5631363184509155,0.9288960035210074,9
high_tc,whalley_wilmott,75,75,-3.884393787570602,0.9736348374423203,6
high_tc,whalley_wilmott,76,76,-5.035534396063142,1.0677831857201439,11
high_tc,whalley_wilmott,77,77,2.8106773469827786,0.0,0
high_tc,whalley_wilmott,78,78,-8.677209747242031,1.1038404661804435,16
high_tc,whalley_wilmott,79,79,2.8106773469827786,0.0,0
high_tc,whalley_wilmott,80,80,2.8106773469827786,0.0,0
high_tc,whalley_wilmott,81,81,-6.398470250821902,1.081269515163409,15
high_tc,whalley_wilmott,82,82,2.8106773469827786,0.0,0
high_tc,whalley_wilmott,83,83,-2.985535083490589,0.9836309055050441,3
high_tc,whalley_wilmott,84,84,2.8106773469827786,0.0,0
high_tc,whalley_wilmott,85,85,2.8106773469827786,0.0,0
high_tc,whalley_wilmott,86,86,-2.6653045226206444,0.6487419116679847,4
high_tc,whalley_wilmott,87,87,2.6014546743740157,0.03291037667462295,1
high_tc,whalley_wilmott,88,88,1.5718910759621423,0.21864274771589798,1
high_tc,whalley_wilmott,89,89,2.133514572879063,0.14277677765871927,4
high_tc,whalley_wilmott,90,90,-5.283704504885293,1.070119043569,11
high_tc,whalley_wilmott,91,91,-5.36480255706887,1.0710109240317605,12
high_tc,whalley_wilmott,92,92,2.8106773469827786,0.0,0
high_tc,whalley_wilmott,93,93,-5.423981104255077,1.0711483186370105,8
high_tc,whalley_wilmott,94,94,2.8106773469827786,0.0,0
high_tc,whalley_wilmott,95,95,0.1110115037318522,0.4392679936972297,6
high_tc,whalley_wilmott,96,96,-4.134211456754315,1.0588561967002976,7
high_tc,whalley_wilmott,97,97,2.8106773469827786,0.0,0
high_tc,whalley_wilmott,98,98,-5.942893813486904,1.0767679669027588,9
high_tc,whalley_wilmott,99,99,-2.7732681679300555,0.9869714410493042,6
high_tc,whalley_wilmott,100,100,-6.345001514908162,1.0792873307357358,9
high_tc,whalley_wilmott,101,101,-2.087174793595352,1.018950425388195,4
high_tc,whalley_wilmott,102,102,-5.7504182702299005,1.062310042013901,10
high_tc,whalley_wilmott,103,103,2.8106773469827786,0.0,0
high_tc,whalley_wilmott,104,104,-6.563909869098396,1.0829167050107047,13
high_tc,whalley_wilmott,105,105,-4.802703711975198,0.7565862145293553,7
high_tc,whalley_wilmott,106,106,2.8106773469827786,0.0,0
high_tc,whalley_wilmott,107,107,2.8106773469827786,0.0,0
high_tc,whalley_wilmott,108,108,-7.850264504736941,1.0956528895219777,12
high_tc,whalley_wilmott,109,109,-3.4458668363718203,1.0499178728308574,4
high_tc,whalley_wilmott,110,110,-3.5410254794524008,1.0430322902745344,3
high_tc,whalley_wilmott,111,111,2.8106773469827786,0.0,0
high_tc,whalley_wilmott,112,112,0.645522557468631,0.4240249417288775,3
high_tc,whalley_wilmott,113,113,-3.5401461575158066,0.986110813571722,7
high_tc,whalley_wilmott,114,114,2.8106773469827786,0.0,0
high_tc,whalley_wilmott,115,115,2.8106773469827786,0.0,0
high_tc,whalley_wilmott,116,116,2.8106773469827786,0.0,0
high_tc,whalley_wilmott,117,117,2.8106773469827786,0.0,0
high_tc,whalley_wilmott,118,118,1.3180926363170684,0.3549238754336001,1
high_tc,whalley_wilmott,119,119,2.8106773469827786,0.0,0
high_tc,whalley_wilmott,120,120,-0.6883311421318652,0.575797022296022,2
high_tc,whalley_wilmott,121,121,1.6497632937176974,0.13301408158208583,1
high_tc,whalley_wilmott,122,122,2.8106773469827786,0.0,0
high_tc,whalley_wilmott,123,123,-5.500168534959556,1.0723846125934886,8
high_tc,whalley_wilmott,124,124,2.8106773469827786,0.0,0
high_tc,whalley_wilmott,125,125,2.8106773469827786,0.0,0
high_tc,whalley_wilmott,126,126,1.2769172369635426,0.2033527135768788,6
high_tc,whalley_wilmott,127,127,2.8106773469827786,0.0,0
high_tc,whalley_wilmott,128,128,-3.728231262651363,1.0425868747894178,7
high_tc,whalley_wilmott,129,129,-2.919328450896643,1.0302536480544344,3
high_tc,whalley_wilmott,130,130,2.8106773469827786,0.0,0
high_tc,whalley_wilmott,131,131,-4.686256390070227,1.0643260103979757,10
high_tc,whalley_wilmott,132,132,2.8106773469827786,0.0,0
high_tc,whalley_wilmott,133,133,-5.0464344713536775,1.0485692908928923,7
high_tc,whalley_wilmott,134,134,2.8106773469827786,0.0,0
high_tc,whalley_wilmott,135,135,-2.8885296561328175,1.0368556453325646,8
high_tc,whalley_wilmott,136,136,-1.0834278748836041,0.3983048275601442,6
high_tc,whalley_wilmott,137,137,2.8106773469827786,0.0,0
high_tc,whalley_wilmott,138,138,2.8106773469827786,0.0,0
high_tc,whalley_wilmott,139,139,2.8106773469827786,0.0,0
high_tc,whalley_wilmott,140,140,2.6777737047551686,0.037306313445931924,1
high_tc,whalley_wilmott,141,141,0.9534085541954944,0.3285249081786126,1
high_tc,whalley_wilmott,142,142,2.640967027131218,0.0,0
high_tc,whalley_wilmott,143,143,0.6306545554986158,0.0,0
high_tc,whalley_wilmott,144,144,-0.4904291783127235,0.547295530672881,5
high_tc,whalley_wilmott,145,145,2.8106773469827786,0.0,0
high_tc,whalley_wilmott,146,146,2.8106773469827786,0.0,0
high_tc,whalley_wilmott,147,147,2.8106773469827786,0.0,0
high_tc,whalley_wilmott,148,148,0.9763069037139971,0.0,0
high_tc,whalley_wilmott,149,149,-2.826264800560608,0.7311746407744327,7
high_tc,whalley_wilmott,150,150,2.3898835408499313,0.12283405152709777,2
high_tc,whalley_wilmott,151,151,-2.875560047255533,0.8556927781294379,6
high_tc,whalley_wilmott,152,152,2.8106773469827786,0.0,0
high_tc,whalley_wilmott,153,153,2.8106773469827786,0.0,0
high_tc,whalley_wilmott,154,154,2.8106773469827786,0.0,0
high_tc,whalley_wilmott,155,155,2.8106773469827786,0.0,0
high_tc,whalley_wilmott,156,156,0.3910988634731076,0.14922461868525613,1
high_tc,whalley_wilmott,157,157,1.0861988954893333,0.23425794616353948,6
high_tc,whalley_wilmott,158,158,2.8106773469827786,0.0,0
high_tc,whalley_wilmott,159,159,2.8106773469827786,0.0,0
high_tc,whalley_wilmott,160,160,-6.403833755396832,1.0813317929938573,10
high_tc,whalley_wilmott,161,161,-7.552721186353395,1.0927069160726353,17
high_tc,whalley_wilmott,162,162,2.8106773469827786,0.0,0
high_tc,whalley_wilmott,163,163,-7.250391165847617,1.0897135495329737,13
high_tc,whalley_wilmott,164,164,1.2229221262020715,0.3089467700199745,3
high_tc,whalley_wilmott,165,165,-1.7787300077763888,0.7321279983596025,1
high_tc,whalley_wilmott,166,166,-7.857700878678273,1.0957265169867432,12
high_tc,whalley_wilmott,167,167,2.4307772112765704,0.0,0
high_tc,whalley_wilmott,168,168,2.8106773469827786,0.0,0
high_tc,whalley_wilmott,169,169,-3.3509401007766115,1.0492752426495984,5
high_tc,whalley_wilmott,170,170,-6.277795852971622,1.06933247359806,14
high_tc,whalley_wilmott,171,171,2.6873055059481956,0.0,0
high_tc,whalley_wilmott,172,172,-2.6204509505710405,0.9872123273062161,3
high_tc,whalley_wilmott,173,173,2.8106773469827786,0.0,0
high_tc,whalley_wilmott,174,174,2.8106773469827786,0.0,0
high_tc,whalley_wilmott,175,175,-8.500228230505215,1.1020881739355246,13
high_tc,whalley_wilmott,176,176,2.8106773469827786,0.0,0
high_tc,whalley_wilmott,177,177,-6.2931572679291605,1.0802244145941644,6
high_tc,whalley_wilmott,178,178,2.8106773469827786,0.0,0
high_tc,whalley_wilmott,179,179,2.8106773469827786,0.0,0
high_tc,whalley_wilmott,180,180,-5.269226129128356,1.0700894912332102,4
high_tc,whalley_wilmott,181,181,2.8106773469827786,0.0,0
high_tc,whalley_wilmott,182,182,-1.8569981369825825,0.9494970372445236,4
high_tc,whalley_wilmott,183,183,-3.7049130481366177,1.0485171878623527,3
high_tc,whalley_wilmott,184,184,-6.823465978550715,1.0854865674805303,16
high_tc,whalley_wilmott,185,185,0.6962720863961138,0.4101379128747644,2
high_tc,whalley_wilmott,186,186,2.1513393443631124,0.09400704212422961,7
high_tc,whalley_wilmott,187,187,-3.300547307519878,0.9531144570019707,6
high_tc,whalley_wilmott,188,188,-5.2663847448059045,1.0700511775724033,6
high_tc,whalley_wilmott,189,189,2.8106773469827786,0.0,0
high_tc,whalley_wilmott,190,190,-0.09866567475762622,0.4478750513884157,2
high_tc,whalley_wilmott,191,191,2.8106773469827786,0.0,0
high_tc,whalley_wilmott,192,192,-3.26729659146244,0.9906307467344992,6
high_tc,whalley_wilmott,193,193,-6.504978151936541,1.0777235865893615,10
high_tc,whalley_wilmott,194,194,-5.467155878673864,0.9460467808769119,8
high_tc,whalley_wilmott,195,195,-4.237934397421526,1.0598773648476392,5
high_tc,whalley_wilmott,196,196,-0.8180723889897976,0.5207252165057628,2
high_tc,whalley_wilmott,197,197,2.8106773469827786,0.0,0
high_tc,whalley_wilmott,198,198,0.9116801164888333,0.08621781271215899,1
high_tc,whalley_wilmott,199,199,2.8106773469827786,0.0,0
high_tc,whalley_wilmott,200,200,2.8106773469827786,0.0,0
high_tc,whalley_wilmott,201,201,2.8106773469827786,0.0,0
high_tc,whalley_wilmott,202,202,-2.896160291136738,1.0121273839606366,5
high_tc,whalley_wilmott,203,203,-3.618943297866309,1.053535101163758,6
high_tc,whalley_wilmott,204,204,-4.982504835636149,1.067206533963072,8
high_tc,whalley_wilmott,205,205,-7.7634527291227755,1.0906789411523365,15
high_tc,whalley_wilmott,206,206,-2.683125909340589,0.7685822920071119,5
high_tc,whalley_wilmott,207,207,-6.015502763328385,1.077486931686249,7
high_tc,whalley_wilmott,208,208,-6.173490998088681,1.0783914265011263,6
high_tc,whalley_wilmott,209,209,2.8106773469827786,0.0,0
high_tc,whalley_wilmott,210,210,1.2558120528854904,0.19216173059090436,4
high_tc,whalley_wilmott,211,211,-3.8103419320091803,1.0554729224791546,7
high_tc,whalley_wilmott,212,212,-5.234500461353576,1.0412890102999532,9
high_tc,whalley_wilmott,213,213,-0.6638335098299919,0.0,0
high_tc,whalley_wilmott,214,214,-8.098064554334385,1.0981063553595756,15
high_tc,whalley_wilmott,215,215,2.8106773469827786,0.0,0
high_tc,whalley_wilmott,216,216,-7.528369024250878,1.0881599265671338,13
high_tc,whalley_wilmott,217,217,2.8106773469827786,0.0,0
high_tc,whalley_wilmott,218,218,2.8106773469827786,0.0,0
high_tc,whalley_wilmott,219,219,-1.2384165681967971,0.8871148969339856,2
high_tc,whalley_wilmott,220,220,-5.267895972228629,1.0470236409772962,10
high_tc,whalley_wilmott,221,221,2.8106773469827786,0.0,0
high_tc,whalley_wilmott,222,222,-1.7052198142264103,0.9233562360305354,2
high_tc,whalley_wilmott,223,223,2.8106773469827786,0.0,0
high_tc,whalley_wilmott,224,224,-3.8194680269264865,1.05476167011869,6
high_tc,whalley_wilmott,225,225,2.8106773469827786,0.0,0
high_tc,whalley_wilmott,226,226,-6.008314707779704,1.0774010237188154,11
high_tc,whalley_wilmott,227,227,-4.488420476207281,1.0488036517349393,11
high_tc,whalley_wilmott,228,228,-5.55592696291275,1.07265415711923,11
high_tc,whalley_wilmott,229,229,-6.684024077660652,1.0841059546004297,12
high_tc,whalley_wilmott,230,230,2.8106773469827786,0.0,0
high_tc,whalley_wilmott,231,231,-2.748075634420516,0.759744543848501,5
high_tc,whalley_wilmott,232,232,-1.2701653368520454,0.7158728930129463,1
high_tc,whalley_wilmott,233,233,-7.071742409383546,1.087943516884559,13
high_tc,whalley_wilmott,234,234,1.185287553114371,0.0,0
high_tc,whalley_wilmott,235,235,1.7601373797487005,0.15507116523923464,4
high_tc,whalley_wilmott,236,236,1.5485128171654523,0.16396695900073077,1
high_tc,whalley_wilmott,237,237,-6.865368497785141,1.085901443908593,17
high_tc,whalley_wilmott,238,238,-3.000426887883748,0.8310534064387425,4
high_tc,whalley_wilmott,239,239,-6.265585952618665,1.0799630028673408,11
high_tc,whalley_wilmott,240,240,0.8446711291982396,0.0,0
high_tc,whalley_wilmott,241,241,-4.201593359703679,1.0584647190338465,5
high_tc,whalley_wilmott,242,242,-7.991437065831619,1.0970506376516276,9
high_tc,whalley_wilmott,243,243,2.679523898588563,0.02324929990127445,1
high_tc,whalley_wilmott,244,244,-6.9102465476915995,1.0863457810363801,15
high_tc,whalley_wilmott,245,245,1.865129460290575,0.18369761872798468,3
high_tc,whalley_wilmott,246,246,2.8106773469827786,0.0,0
high_tc,whalley_wilmott,247,247,2.7945294547665442,0.0018741221353546012,1
high_tc,whalley_wilmott,248,248,-7.790858000374314,1.095064706310466,14
high_tc,whalley_wilmott,249,249,-6.367814104977057,1.0809751627916815,12
high_tc,whalley_wilmott,250,250,2.8106773469827786,0.0,0
high_tc,whalley_wilmott,251,251,2.8106773469827786,0.0,0
high_tc,whalley_wilmott,252,252,1.20102063531629,0.0,0
high_tc,whalley_wilmott,253,253,-0.4775687983270629,0.5293897842208826,4
high_tc,whalley_wilmott,254,254,2.8106773469827786,0.0,0
high_tc,whalley_wilmott,255,255,-2.3524277772255715,0.9010329271074815,4
high_tc,whalley_wilmott,256,256,-5.03331222848155,1.1983625906847335,6
high_tc,whalley_wilmott,257,257,2.8106773469827786,0.0,0
high_tc,whalley_wilmott,258,258,2.8106773469827786,0.0,0
high_tc,whalley_wilmott,259,259,-5.476278366644479,1.0721467293303388,10
high_tc,whalley_wilmott,260,260,-3.6247734088231596,1.0471511337519093,7
high_tc,whalley_wilmott,261,261,1.499483842270483,0.2582564783520687,3
high_tc,whalley_wilmott,262,262,-5.223693821377552,1.0696472391916862,7
high_tc,whalley_wilmott,263,263,-2.8913878821277166,0.6501979310874355,11
high_tc,whalley_wilmott,264,264,-4.560416380650565,1.0630311151981036,7
high_tc,whalley_wilmott,265,265,-4.271959996816747,0.763059953669038,6
high_tc,whalley_wilmott,266,266,1.473041166542977,0.0,0
high_tc,whalley_wilmott,267,267,2.8106773469827786,0.0,0
high_tc,whalley_wilmott,268,268,-5.392215212130864,1.0713115421765163,10
high_tc,whalley_wilmott,269,269,-8.314254917541689,1.1002468540051926,14
high_tc,whalley_wilmott,270,270,0.10580587496244576,0.1709824634134875,1
high_tc,whalley_wilmott,271,271,2.8106773469827786,0.0,0
high_tc,whalley_wilmott,272,272,-2.7555592700663567,1.0427281642258497,7
high_tc,whalley_wilmott,273,273,2.8106773469827786,0.0,0
high_tc,whalley_wilmott,274,274,2.8106773469827786,0.0,0
high_tc,whalley_wilmott,275,275,-8.324059785387504,1.1003439319046562,15
high_tc,whalley_wilmott,276,276,2.8106773469827786,0.0,0
high_tc,whalley_wilmott,277,277,-1.2961193550289778,0.641790137431887,4
high_tc,whalley_wilmott,278,278,2.8106773469827786,0.0,0
high_tc,whalley_wilmott,279,279,2.8106773469827786,0.0,0
high_tc,whalley_wilmott,280,280,2.8106773469827786,0.0,0
high_tc,whalley_wilmott,281,281,-3.2091490838837906,0.9156709135086122,9
high_tc,whalley_wilmott,282,282,2.8106773469827786,0.0,0
high_tc,whalley_wilmott,283,283,0.5225096718409716,0.0,0
high_tc,whalley_wilmott,284,284,-6.246753534326658,1.0797765432802913,15
high_tc,whalley_wilmott,285,285,2.658807730228404,0.023242670819663646,1
high_tc,whalley_wilmott,286,286,-6.321019552507565,1.080502713352201,13
high_tc,whalley_wilmott,287,287,2.184148506320275,0.17658650472822288,3
high_tc,whalley_wilmott,288,288,-2.616515771079797,0.625444479095392,7
high_tc,whalley_wilmott,289,289,-7.590206404239183,1.093078056843782,14
high_tc,whalley_wilmott,290,290,-3.443086846408221,1.039643267906313,3
high_tc,whalley_wilmott,291,291,-3.2314881330781304,0.7686326290527241,5
high_tc,whalley_wilmott,292,292,1.6339692916649007,0.15705112717573677,1
high_tc,whalley_wilmott,293,293,2.8106773469827786,0.0,0
high_tc,whalley_wilmott,294,294,2.329928600548799,0.07284399330620338,1
high_tc,whalley_wilmott,295,295,1.4966089568271528,0.19966248092601177,2
high_tc,whalley_wilmott,296,296,2.8106773469827786,0.0,0
high_tc,whalley_wilmott,297,297,2.8106773469827786,0.0,0
high_tc,whalley_wilmott,298,298,0.07466859356072204,0.4076009406664618,6
high_tc,whalley_wilmott,299,299,2.8106773469827786,0.0,0
high_tc,whalley_wilmott,300,300,2.8106773469827786,0.0,0
high_tc,whalley_wilmott,301,301,2.8106773469827786,0.0,0
high_tc,whalley_wilmott,302,302,-2.3916131548662776,0.8395951655100803,5
high_tc,whalley_wilmott,303,303,2.8106773469827786,0.0,0
high_tc,whalley_wilmott,304,304,-0.32823326259116214,0.0,0
high_tc,whalley_wilmott,305,305,2.8106773469827786,0.0,0
high_tc,whalley_wilmott,306,306,-3.9699423129820985,1.056995057499376,6
high_tc,whalley_wilmott,307,307,-5.806643308205068,1.075418949826459,10
high_tc,whalley_wilmott,308,308,2.8106773469827786,0.0,0
high_tc,whalley_wilmott,309,309,-6.777169331685073,1.085023226084665,3
high_tc,whalley_wilmott,310,310,2.215305948851489,0.10206696424206121,3
high_tc,whalley_wilmott,311,311,-3.321979368731647,0.7674397571927317,5
high_tc,whalley_wilmott,312,312,-1.566454040045251,0.5083288508374141,5
high_tc,whalley_wilmott,313,313,-0.4701755507816898,0.6506912053039708,2
high_tc,whalley_wilmott,314,314,0.592164453472499,0.3487706545696071,1
high_tc,whalley_wilmott,315,315,2.8106773469827786,0.0,0
high_tc,whalley_wilmott,316,316,1.3916602205099977,0.0,0
high_tc,whalley_wilmott,317,317,-5.792105926887103,1.075275081820494,12
high_tc,whalley_wilmott,318,318,1.917683997321376,0.12737128250290464,2
high_tc,whalley_wilmott,319,319,2.8106773469827786,0.0,0
high_tc,whalley_wilmott,320,320,-6.326106311875961,1.0805622143451359,11
high_tc,whalley_wilmott,321,321,2.8106773469827786,0.0,0
high_tc,whalley_wilmott,322,322,-1.321694720992106,0.6598047257529424,2
high_tc,whalley_wilmott,323,323,-8.36205906947076,1.100720162440134,18
high_tc,whalley_wilmott,324,324,-8.210711908440715,1.0992216756972628,18
high_tc,whalley_wilmott,325,325,2.8106773469827786,0.0,0
high_tc,whalley_wilmott,326,326,2.8106773469827786,0.0,0
high_tc,whalley_wilmott,327,327,-3.107654806341955,0.9309634053855101,5
high_tc,whalley_wilmott,328,328,2.8106773469827786,0.0,0
high_tc,whalley_wilmott,329,329,2.8106773469827786,0.0,0
high_tc,whalley_wilmott,330,330,-6.294029597932095,1.0802446231179688,15
high_tc,whalley_wilmott,331,331,-4.1371734476436615,1.0360029986059838,3
high_tc,whalley_wilmott,332,332,2.8106773469827786,0.0,0
high_tc,whalley_wilmott,333,333,-6.533408659799363,1.082614712839427,13
high_tc,whalley_wilmott,334,334,2.8106773469827786,0.0,0
high_tc,whalley_wilmott,335,335,-2.597928574521845,0.7550209654586799,6
high_tc,whalley_wilmott,336,336,2.614463954245584,0.03676185173779358,1
high_tc,whalley_wilmott,337,337,-1.9672450544485969,0.9417786864158033,5
high_tc,whalley_wilmott,338,338,2.8106773469827786,0.0,0
high_tc,whalley_wilmott,339,339,-2.157503813143336,0.7605810193893328,6
high_tc,whalley_wilmott,340,340,2.8106773469827786,0.0,0
high_tc,whalley_wilmott,341,341,-4.954779688220526,1.066979660583736,7
high_tc,whalley_wilmott,342,342,-5.68877832815177,1.0699789254990961,8
high_tc,whalley_wilmott,343,343,-8.692921922155833,1.103996032268699,15
high_tc,whalley_wilmott,344,344,0.9676177878005703,0.0,0
high_tc,whalley_wilmott,345,345,-2.5254948309785448,1.0203634567551718,4
high_tc,whalley_wilmott,346,346,2.8106773469827786,0.0,0
high_tc,whalley_wilmott,347,347,2.8106773469827786,0.0,0
high_tc,whalley_wilmott,348,348,-4.570628326831965,1.0631775628320461,7
high_tc,whalley_wilmott,349,349,1.33486570085317,0.2431489743631175,3
high_tc,whalley_wilmott,350,350,1.721261241307067,0.08861505134034593,3
high_tc,whalley_wilmott,351,351,2.8106773469827786,0.0,0
high_tc,whalley_wilmott,352,352,2.494677144551524,0.0,0
high_tc,whalley_wilmott,353,353,2.346282123322923,0.06844105235402846,2
high_tc,whalley_wilmott,354,354,2.8106773469827786,0.0,0
high_tc,whalley_wilmott,355,355,-5.9798582057162974,1.077132496436289,4
high_tc,whalley_wilmott,356,356,2.8106773469827786,0.0,0
high_tc,whalley_wilmott,357,357,-5.891614187607402,1.0762554490703313,12
high_tc,whalley_wilmott,358,358,-5.633097865845301,1.0737007445824562,10
high_tc,whalley_wilmott,359,359,-7.06039017690108,1.0878323516226127,11
high_tc,whalley_wilmott,360,360,2.8106773469827786,0.0,0
high_tc,whalley_wilmott,361,361,0.393728834541097,0.2950895899044793,3
high_tc,whalley_wilmott,362,362,-2.6616921213256575,0.9656751437417639,6
high_tc,whalley_wilmott,363,363,2.8106773469827786,0.0,0
high_tc,whalley_wilmott,364,364,-5.268443675622009,1.070090307055493,8
high_tc,whalley_wilmott,365,365,2.8106773469827786,0.0,0
high_tc,whalley_wilmott,366,366,-4.395292534101159,1.052781418663983,5
high_tc,whalley_wilmott,367,367,-3.6864302351950045,0.9430077601464159,9
high_tc,whalley_wilmott,368,368,-3.870954319780253,0.9676698028048181,3
high_tc,whalley_wilmott,369,369,2.113104642877424,0.1513193393139927,3
high_tc,whalley_wilmott,370,370,1.9276688019330415,0.043794457888333214,2
high_tc,whalley_wilmott,371,371,2.8106773469827786,0.0,0
high_tc,whalley_wilmott,372,372,-3.916294160716518,0.8830463390649159,10
high_tc,whalley_wilmott,373,373,2.8106773469827786,0.0,0
high_tc,whalley_wilmott,374,374,2.8106773469827786,0.0,0
high_tc,whalley_wilmott,375,375,-6.56890002616781,1.0829661125064414,14
high_tc,whalley_wilmott,376,376,-4.784422537214709,0.7876397496859936,8
high_tc,whalley_wilmott,377,377,0.5739661763243973,0.0,0
high_tc,whalley_wilmott,378,378,2.8106773469827786,0.0,0
high_tc,whalley_wilmott,379,379,2.014168150422009,0.14406995260223204,2
high_tc,whalley_wilmott,380,380,2.8106773469827786,0.0,0
high_tc,whalley_wilmott,381,381,2.8106773469827786,0.0,0
high_tc,whalley_wilmott,382,382,-4.557686574428274,1.0616546402622111,8
high_tc,whalley_wilmott,383,383,2.8106773469827786,0.0,0
high_tc,whalley_wilmott,384,384,-4.326454895375548,1.0573741647538861,9
high_tc,whalley_wilmott,385,385,-0.25450348892456276,0.08739791991061983,1
high_tc,whalley_wilmott,386,386,1.9046354625839503,0.14026807386968287,5
high_tc,whalley_wilmott,387,387,-5.264065042435249,1.0700467619886118,13
high_tc,whalley_wilmott,388,388,-4.678772398248043,1.0642519775765429,7
high_tc,whalley_wilmott,389,389,-1.877801569208998,0.8534286998619363,3
high_tc,whalley_wilmott,390,390,-2.6229424733659954,0.8275768926517395,7
high_tc,whalley_wilmott,391,391,2.8106773469827786,0.0,0
high_tc,whalley_wilmott,392,392,-6.54115462609532,1.0641032809288538,12
high_tc,whalley_wilmott,393,393,2.8106773469827786,0.0,0
high_tc,whalley_wilmott,394,394,2.131635724427481,0.09658176054993314,2
high_tc,whalley_wilmott,395,395,-0.02172654475414859,0.3182071420073647,2
high_tc,whalley_wilmott,396,396,-3.197519967049857,0.7938723781662348,8
high_tc,whalley_wilmott,397,397,2.8106773469827786,0.0,0
high_tc,whalley_wilmott,398,398,2.8106773469827786,0.0,0
high_tc,whalley_wilmott,399,399,1.7830535771803753,0.0,0
high_tc,whalley_wilmott,400,400,2.8106773469827786,0.0,0
high_tc,whalley_wilmott,401,401,-3.2749102730487465,1.0468409758416022,4
high_tc,whalley_wilmott,402,402,-0.4822822694296036,0.9023376185240352,2
high_tc,whalley_wilmott,403,403,-5.8755926497862845,1.073646455862185,8
high_tc,whalley_wilmott,404,404,0.6506212928794781,0.5001721423270302,2
high_tc,whalley_wilmott,405,405,-7.895270151604379,1.0960979772947117,12
high_tc,whalley_wilmott,406,406,-4.157755501187822,0.7615170487225013,4
high_tc,whalley_wilmott,407,407,2.8106773469827786,0.0,0
high_tc,whalley_wilmott,408,408,-4.24351408995615,1.0384071025361687,7
high_tc,whalley_wilmott,409,409,2.8106773469827786,0.0,0
high_tc,whalley_wilmott,410,410,2.8106773469827786,0.0,0
high_tc,whalley_wilmott,411,411,2.4494302560667833,0.0,0
high_tc,whalley_wilmott,412,412,-0.3129205448429815,0.39866189475892005,1
high_tc,whalley_wilmott,413,413,2.457861473263442,0.0,0
high_tc,whalley_wilmott,414,414,-0.511800257461843,0.20363538346520912,2
high_tc,whalley_wilmott,415,415,2.022899477249446,0.0,0
high_tc,whalley_wilmott,416,416,2.7264996923554534,0.0,0
high_tc,whalley_wilmott,417,417,2.4916221503382943,0.0,0
high_tc,whalley_wilmott,418,418,2.8106773469827786,0.0,0
high_tc,whalley_wilmott,419,419,-0.8247585673307682,0.6205716388407895,3
high_tc,whalley_wilmott,420,420,-0.1623127385393559,0.5310267895603913,1
high_tc,whalley_wilmott,421,421,-2.9653100942924624,1.0225337552463156,7
high_tc,whalley_wilmott,422,422,-4.61025823450538,1.062762304214172,9
high_tc,whalley_wilmott,423,423,1.8579014954291555,0.1736028694709513,3
high_tc,whalley_wilmott,424,424,-7.578008735571245,1.0929572878470695,11
high_tc,whalley_wilmott,425,425,0.28786477694930923,0.20392164724127734,1
high_tc,whalley_wilmott,426,426,2.592418442403665,0.05161341193719427,1
high_tc,whalley_wilmott,427,427,2.8106773469827786,0.0,0
high_tc,whalley_wilmott,428,428,1.7464529933083135,0.2172120042512327,2
high_tc,whalley_wilmott,429,429,2.8106773469827786,0.0,0
high_tc,whalley_wilmott,430,430,-0.44501936748440585,0.8870219871870655,2
high_tc,whalley_wilmott,431,431,1.5464187361369923,0.0,0
high_tc,whalley_wilmott,432,432,2.8106773469827786,0.0,0
high_tc,whalley_wilmott,433,433,2.4781993681472843,0.08046345764664645,1
high_tc,whalley_wilmott,434,434,-2.079394068826815,1.0149121016365514,2
high_tc,whalley_wilmott,435,435,-5.590819557435523,1.0732789154987468,10
high_tc,whalley_wilmott,436,436,-5.88276811291415,1.0761682554830332,11
high_tc,whalley_wilmott,437,437,1.2090861598390887,0.264270814073071,1
high_tc,whalley_wilmott,438,438,2.8106773469827786,0.0,0
high_tc,whalley_wilmott,439,439,-5.2122708362364705,1.0695109244652101,6
high_tc,whalley_wilmott,440,440,-4.0236070232156464,1.0354933126074721,3
high_tc,whalley_wilmott,441,441,-3.345137070541554,0.8474722631617163,6
high_tc,whalley_wilmott,442,442,-8.150086611304829,1.0986214252305706,15
high_tc,whalley_wilmott,443,443,2.8106773469827786,0.0,0
high_tc,whalley_wilmott,444,444,2.8106773469827786,0.0,0
high_tc,whalley_wilmott,445,445,-7.363846897068967,1.090836873604473,16
high_tc,whalley_wilmott,446,446,2.8106773469827786,0.0,0
high_tc,whalley_wilmott,447,447,0.9189574555024436,0.0,0
high_tc,whalley_wilmott,448,448,2.8106773469827786,0.0,0
high_tc,whalley_wilmott,449,449,2.307749640827822,0.08899170706933081,2
high_tc,ppo,0,0,-2.2162348409775863,1.8080883984449627,30
high_tc,ppo,1,1,-3.477737839796779,2.587895860337961,30
high_tc,ppo,2,2,-3.2017036228222615,3.106517948913427,30
high_tc,ppo,3,3,0.7604973196847098,1.6923329174047925,30
high_tc,ppo,4,4,-2.062071476053733,2.9637433206691286,30
high_tc,ppo,5,5,-1.6070893251714615,1.934720601145827,30
high_tc,ppo,6,6,-4.022275948472739,2.24337421337155,30
high_tc,ppo,7,7,-2.241170987547207,1.3250197535302186,30
high_tc,ppo,8,8,-0.40566983628137265,2.101949534989145,30
high_tc,ppo,9,9,-1.9166129238820417,2.4383230002638423,30
high_tc,ppo,10,10,-0.8282361234590727,1.206670484697966,30
high_tc,ppo,11,11,-4.685530560677249,2.6007139093588294,30
high_tc,ppo,12,12,-3.7241942739351543,2.769118398659246,30
high_tc,ppo,13,13,0.6238734155412118,2.2278846716294356,30
high_tc,ppo,14,14,-1.6587455321466607,2.8989470185866764,30
high_tc,ppo,15,15,-3.313975824954383,2.3694366047849833,30
high_tc,ppo,16,16,-2.909107238156949,3.0630056830511463,30
high_tc,ppo,17,17,-1.8673281020506547,1.2685720420918518,30
high_tc,ppo,18,18,-0.5516071918542451,1.549710379790579,30
high_tc,ppo,19,19,-4.267106122484913,2.9019852883123125,30
high_tc,ppo,20,20,-3.9746572444096344,2.0351943859165744,30
high_tc,ppo,21,21,-3.3419465524340097,2.7580056096864274,30
high_tc,ppo,22,22,-3.2993309329754545,3.166192912585361,30
high_tc,ppo,23,23,-1.0014115926466047,1.8314284350502104,30
high_tc,ppo,24,24,-1.8192372961217096,2.1865399999260067,30
high_tc,ppo,25,25,-3.6597846287666727,2.341296296874974,30
high_tc,ppo,26,26,-3.45685949320071,3.102772029159122,30
high_tc,ppo,27,27,-2.8088798705802507,1.5447487543665435,30
high_tc,ppo,28,28,-1.7940320029402699,2.9105610619458706,30
high_tc,ppo,29,29,-2.522279268368038,2.0019017456141035,30
high_tc,ppo,30,30,-2.80970908892796,1.6781190907961663,30
high_tc,ppo,31,31,-3.2792491532954813,2.6761082196116286,30
high_tc,ppo,32,32,-2.748329871043989,2.3471094251159172,30
high_tc,ppo,33,33,-0.8903215668874367,2.418134417224019,30
high_tc,ppo,34,34,-0.6741510723104938,2.2929962802956227,30
high_tc,ppo,35,35,-3.7796287981804895,3.4667347773856787,30
high_tc,ppo,36,36,-0.713985462262718,1.6068388950297994,30
high_tc,ppo,37,37,-1.2085617620650932,1.8971213880144238,30
high_tc,ppo,38,38,-4.204944016052124,2.9157973706789173,30
high_tc,ppo,39,39,-1.7477183067691406,2.579643679483786,30
high_tc,ppo,40,40,0.2562252549876387,1.1810085684544127,30
high_tc,ppo,41,41,-2.294447790695557,2.7651724602531833,30
high_tc,ppo,42,42,-1.0345384292628665,2.0741502748583027,30
high_tc,ppo,43,43,-1.759219732756165,1.6874517190939808,30
high_tc,ppo,44,44,-1.9529731958061944,2.496373113333523,30
high_tc,ppo,45,45,-1.4869566264907785,1.5525224733418908,30
high_tc,ppo,46,46,-2.569973265376845,2.4826717491865025,30
high_tc,ppo,47,47,-3.515732998459267,2.329792311596176,30
high_tc,ppo,48,48,-1.961758027475497,1.7886203443991422,30
high_tc,ppo,49,49,-2.436413868390005,2.395288030097454,30
high_tc,ppo,50,50,-2.3632337888589934,1.5132722412154433,30
high_tc,ppo,51,51,-2.108699344046073,3.4435047321617773,30
high_tc,ppo,52,52,-2.540828734013502,2.643378338351221,30
high_tc,ppo,53,53,-2.399142629161247,2.321036479617181,30
high_tc,ppo,54,54,-1.8273358771334927,2.727186056373763,30
high_tc,ppo,55,55,-1.6627836109754952,3.4349900539626774,30
high_tc,ppo,56,56,-4.062684453273022,2.793852593855475,30
high_tc,ppo,57,57,-4.2482205947912774,2.7194537333910342,30
high_tc,ppo,58,58,-0.8959146829322968,0.963189195240597,30
high_tc,ppo,59,59,-3.0472260840044925,2.0779078049641484,30
high_tc,ppo,60,60,-1.6788122067888906,1.7783325906426326,30
high_tc,ppo,61,61,-2.9324864829057447,3.2640145286297977,30
high_tc,ppo,62,62,0.36855722989046313,0.8576614156776667,30
high_tc,ppo,63,63,-0.4554269698461866,1.6517140979792453,30
high_tc,ppo,64,64,-1.0966840997945226,1.8624902964221663,30
high_tc,ppo,65,65,-3.6091944843234813,2.848849324882748,30
high_tc,ppo,66,66,-2.500883155017311,2.5682559523867994,30
high_tc,ppo,67,67,-2.320573700764541,3.0085808024916854,30
high_tc,ppo,68,68,-2.41087028061672,1.9849590793927465,30
high_tc,ppo,69,69,-1.5707821604857912,1.8795358609900765,30
high_tc,ppo,70,70,0.01805987136593501,2.1541560611497754,30
high_tc,ppo,71,71,-1.312098526436742,2.475892335907032,30
high_tc,ppo,72,72,-1.7640909087526921,2.662608633431349,30
high_tc,ppo,73,73,-1.4681523562599104,1.7695770310089523,30
high_tc,ppo,74,74,-2.3570743246618093,2.1499419221366325,30
high_tc,ppo,75,75,-3.309396411964002,2.4420951319118993,30
high_tc,ppo,76,76,-2.819159245411811,2.0040681130884113,30
high_tc,ppo,77,77,-2.205196456611935,2.26228286713541,30
high_tc,ppo,78,78,0.1271867209966615,1.571713551732085,30
high_tc,ppo,79,79,-0.8293176989428979,2.314883995757732,30
high_tc,ppo,80,80,-1.3956939908299049,2.13847311065068,30
high_tc,ppo,81,81,-2.0701734531230898,1.6116878726261683,30
high_tc,ppo,82,82,-2.276694620574423,1.7568041486932484,30
high_tc,ppo,83,83,-1.5123557133185983,2.268346794617183,30
high_tc,ppo,84,84,-0.6140184166375899,1.3580999807553669,30
high_tc,ppo,85,85,-0.4775148894556711,1.0590248537194755,30
high_tc,ppo,86,86,-4.035128205211336,3.1903191611529285,30
high_tc,ppo,87,87,-2.354589682347987,2.515190216024408,30
high_tc,ppo,88,88,-2.3979938574069735,2.7657540117477426,30
high_tc,ppo,89,89,-3.2266058417101107,3.1072912272139503,30
high_tc,ppo,90,90,-2.0812744676856454,1.864021485898153,30
high_tc,ppo,91,91,-1.1183707633720559,1.9345893790191517,30
high_tc,ppo,92,92,0.1648547072872084,1.0774640487098635,30
high_tc,ppo,93,93,-1.4803483014029837,1.9685605933866615,30
high_tc,ppo,94,94,-1.298012981504261,1.15719111292842,30
high_tc,ppo,95,95,-3.228620581666277,2.7350259202457137,30
high_tc,ppo,96,96,-1.5200454421981533,2.4562783064665976,30
high_tc,ppo,97,97,-2.2752074243810334,1.3319904828520224,30
high_tc,ppo,98,98,0.0837144759972972,1.807736336666131,30
high_tc,ppo,99,99,-1.080099499522717,2.374406365563744,30
high_tc,ppo,100,100,-2.9765129969209028,2.1068689060539842,30
high_tc,ppo,101,101,-3.37862431322921,3.1482463157594527,30
high_tc,ppo,102,102,-4.649748818949291,2.555750336372417,30
high_tc,ppo,103,103,0.2255718174765846,1.050127956091581,30
high_tc,ppo,104,104,1.0650982444077641,1.6926623599953847,30
high_tc,ppo,105,105,-5.493801574453357,2.60516667054917,30
high_tc,ppo,106,106,-0.5358749299865764,2.1205291187277906,30
high_tc,ppo,107,107,-0.9972667665050778,2.8197642659439213,30
high_tc,ppo,108,108,-2.5437059949849186,2.402058208213719,30
high_tc,ppo,109,109,-1.7630121321892602,2.0586427370952123,30
high_tc,ppo,110,110,-4.393689917770615,3.0477717669648903,30
high_tc,ppo,111,111,-1.4115482267663424,1.961853683000886,30
high_tc,ppo,112,112,-2.957329336597425,3.3057499932437104,30
high_tc,ppo,113,113,-5.141620989269498,3.252609689250969,30
high_tc,ppo,114,114,-2.0833874605234293,2.00903857459761,30
high_tc,ppo,115,115,0.2564664027133148,0.870381346784602,30
high_tc,ppo,116,116,-3.6437124499541333,2.516337579940499,30
high_tc,ppo,117,117,-1.4652104040713425,2.2520965233627015,30
high_tc,ppo,118,118,-2.8022211041555067,2.8028211788358597,30
high_tc,ppo,119,119,-2.5493547165366266,1.5498506654965687,30
high_tc,ppo,120,120,-2.258512868176865,2.7981680118812675,30
high_tc,ppo,121,121,-2.5749173357409827,2.4473014701467632,30
high_tc,ppo,122,122,-0.30092435615893187,1.4793912042551176,30
high_tc,ppo,123,123,-1.1015517872594387,2.425055983536268,30
high_tc,ppo,124,124,-2.077610606831019,2.1625384883752035,30
high_tc,ppo,125,125,0.2041988350035746,0.7896873838632905,30
high_tc,ppo,126,126,-4.267173274846003,1.9479973542701652,30
high_tc,ppo,127,127,0.6021534900247971,2.4119753799715644,30
high_tc,ppo,128,128,-2.8505049655397556,2.829176937012211,30
high_tc,ppo,129,129,-2.863881185015245,2.589761335826469,30
high_tc,ppo,130,130,-2.112481283061774,1.6990970120863178,30
high_tc,ppo,131,131,-2.034392797182747,2.423105698034889,30
high_tc,ppo,132,132,-1.051546997838452,1.2940321489480369,30
high_tc,ppo,133,133,-5.778185404214753,2.8798288787513027,30
high_tc,ppo,134,134,-1.5641782744356991,1.2366179905059862,30
high_tc,ppo,135,135,-3.34038295210226,3.5039965816617338,30
high_tc,ppo,136,136,-1.7251982971355773,2.8513020955897908,30
high_tc,ppo,137,137,-0.7825146529116882,1.2183415578654786,30
high_tc,ppo,138,138,-0.5013039327863105,1.1483551158571745,30
high_tc,ppo,139,139,-1.0915862364544644,2.3598565674626886,30
high_tc,ppo,140,140,-2.425068954599624,2.428087116024219,30
high_tc,ppo,141,141,-4.487253847891438,3.1277471293091015,30
high_tc,ppo,142,142,-0.038698167360887936,2.4278180169395003,30
high_tc,ppo,143,143,-3.3164468948972967,2.496160584460495,30
high_tc,ppo,144,144,-2.4369834291108248,2.2695090985338795,30
high_tc,ppo,145,145,-1.2809263816087437,1.4346274330085749,30
high_tc,ppo,146,146,-1.3800164879603392,0.9835335919663627,30
high_tc,ppo,147,147,-2.7404128466195186,2.024451423775318,30
high_tc,ppo,148,148,-4.633652431763267,2.706477329608691,30
high_tc,ppo,149,149,-2.222970318265226,2.271622705398167,30
high_tc,ppo,150,150,-3.351979700475251,2.93190209252776,30
high_tc,ppo,151,151,-1.1898948497237143,2.124481011053962,30
high_tc,ppo,152,152,-0.7540328957764952,1.4070276162542585,30
high_tc,ppo,153,153,-2.578000289954593,2.094790828178145,30
high_tc,ppo,154,154,-0.5909049450297577,1.3877816488621848,30
high_tc,ppo,155,155,-0.8506670004364061,1.7885128686505274,30
high_tc,ppo,156,156,-1.6274281168857812,2.4453936152464952,30
high_tc,ppo,157,157,-2.40164172219842,2.1256684504261125,30
high_tc,ppo,158,158,-1.1085105981670171,1.1576978960464552,30
high_tc,ppo,159,159,-0.5241770157317074,1.9382795044012888,30
high_tc,ppo,160,160,0.33449820164027244,1.8018700902888352,30
high_tc,ppo,161,161,-2.1908449169835365,1.735312331028512,30
high_tc,ppo,162,162,-1.596716502112951,1.9228895713069925,30
high_tc,ppo,163,163,-2.5638072006147326,1.8489850112048154,30
high_tc,ppo,164,164,-4.364419773649715,3.346199263198728,30
high_tc,ppo,165,165,-2.9869948447544203,2.890591796380221,30
high_tc,ppo,166,166,-2.3199844339097524,2.325149913804309,30
high_tc,ppo,167,167,-1.279016410390554,2.576424231275278,30
high_tc,ppo,168,168,-1.6424465056970128,1.764136621346984,30
high_tc,ppo,169,169,-3.0805078716927454,2.7285717936057243,30
high_tc,ppo,170,170,-4.5068232681963,1.7925838066267938,30
high_tc,ppo,171,171,-0.9303676093957947,1.9038201855641579,30
high_tc,ppo,172,172,-1.6905900314096414,2.948701772833366,30
high_tc,ppo,173,173,-1.3800516035371988,2.0933273302487523,30
high_tc,ppo,174,174,-1.261138741914328,1.246523464765972,30
high_tc,ppo,175,175,-3.3992242130391617,1.9453304525126798,30
high_tc,ppo,176,176,-1.6881933678935734,1.3810758917069725,30
high_tc,ppo,177,177,-0.6122586396807748,2.0133013388057974,30
high_tc,ppo,178,178,-1.205713071256472,1.1838068462656972,30
high_tc,ppo,179,179,-1.8378331780570676,1.9932158829535092,30
high_tc,ppo,180,180,-2.225619512196559,3.2842541716639655,30
high_tc,ppo,181,181,0.005688053260151094,1.652850870304386,30
high_tc,ppo,182,182,-4.223683490040742,3.135489528401045,30
high_tc,ppo,183,183,-4.846875380982155,3.2927522515408048,30
high_tc,ppo,184,184,-0.7862250355098865,1.7628440758479746,30
high_tc,ppo,185,185,-3.9023525343274343,3.2317714022805686,30
high_tc,ppo,186,186,-2.669638009228832,1.6763800737218235,30
high_tc,ppo,187,187,-3.667744456985801,2.341377856810164,30
high_tc,ppo,188,188,-2.036257872588294,2.9126975869340224,30
high_tc,ppo,189,189,-2.339189296096624,2.213665105161388,30
high_tc,ppo,190,190,-8.360508244128638,4.374280640500003,30
high_tc,ppo,191,191,-1.0538655311154255,1.6844562686335276,30
high_tc,ppo,192,192,-3.81537135812718,2.782552610312362,30
high_tc,ppo,193,193,-3.4345164908930883,1.9469536970720012,30
high_tc,ppo,194,194,-4.557215808733929,2.0710768157801986,30
high_tc,ppo,195,195,-2.8579204896789463,2.706729095540096,30
high_tc,ppo,196,196,-3.5624149673040364,2.906783011270764,30
high_tc,ppo,197,197,-2.6255202348080644,2.4630415426983463,30
high_tc,ppo,198,198,-0.5946685394521865,2.498211638742383,30
high_tc,ppo,199,199,-1.9669478425387066,1.495299012486562,30
high_tc,ppo,200,200,-0.04322079821490021,1.572289636480839,30
high_tc,ppo,201,201,-2.160737868552287,2.2511588636280364,30
high_tc,ppo,202,202,-1.5747324160002165,2.1543815964970165,30
high_tc,ppo,203,203,-3.9890760488794257,3.11245266059692,30
high_tc,ppo,204,204,-3.605706380844481,2.9338336361392674,30
high_tc,ppo,205,205,-4.7724273339749885,1.452833713733293,30
high_tc,ppo,206,206,-2.021912453315153,2.3598839205042537,30
high_tc,ppo,207,207,-2.776999276409498,2.776243664752627,30
high_tc,ppo,208,208,-2.1463330100314266,2.332923588511761,30
high_tc,ppo,209,209,-0.9340067947370425,1.0118188814527775,30
high_tc,ppo,210,210,-3.9086801821001735,2.8263381245358876,30
high_tc,ppo,211,211,-1.5108739215478693,2.2894418374211565,30
high_tc,ppo,212,212,-0.38791620044965214,1.9879292800356965,30
high_tc,ppo,213,213,-1.6368336328290667,2.6394079420421144,30
high_tc,ppo,214,214,-1.2327420813310255,1.6208932225471178,30
high_tc,ppo,215,215,-1.3804186159627996,1.4487818570080624,30
high_tc,ppo,216,216,-4.693642978461071,1.7207129255951592,30
high_tc,ppo,217,217,-0.763745687438556,2.1171415321592493,30
high_tc,ppo,218,218,-0.6323027376986801,1.1935321343314413,30
high_tc,ppo,219,219,-3.114973897678155,3.1646507785789395,30
high_tc,ppo,220,220,-3.118554067703869,2.127886157098251,30
high_tc,ppo,221,221,-2.093993266518037,2.910770397452263,30
high_tc,ppo,222,222,-5.523681495242997,3.4285152038887463,30
high_tc,ppo,223,223,-1.374301402811584,1.733569389367301,30
high_tc,ppo,224,224,-2.8085631090786194,2.848751496099622,30
high_tc,ppo,225,225,-1.3067831614486582,1.481086643750909,30
high_tc,ppo,226,226,-3.3593704785069747,2.280847768299467,30
high_tc,ppo,227,227,-3.011435558638823,2.212610589123659,30
high_tc,ppo,228,228,-3.8096241155542856,2.400381445215708,30
high_tc,ppo,229,229,-0.020222737176695205,1.8666392429757894,30
high_tc,ppo,230,230,-3.1261862291196465,2.268555915511734,30
high_tc,ppo,231,231,-4.617092021215726,3.0763551063940437,30
high_tc,ppo,232,232,-2.2232959861439667,2.6640491917123335,30
high_tc,ppo,233,233,-3.7230990676339673,1.9327473696523751,30
high_tc,ppo,234,234,-3.3199981891462187,2.704322231309771,30
high_tc,ppo,235,235,-3.9645586292325596,2.5310028429488947,30
high_tc,ppo,236,236,-5.142857339116702,3.1193741934804264,30
high_tc,ppo,237,237,-0.47111100679603624,1.7405008993646742,30
high_tc,ppo,238,238,-1.3033307906848535,2.308789159086956,30
high_tc,ppo,239,239,-0.9398724144238173,2.079484573150893,30
high_tc,ppo,240,240,-1.4824404618629785,2.8744364452841387,30
high_tc,ppo,241,241,-2.1038310123660153,2.5214968459139437,30
high_tc,ppo,242,242,-0.9207974743272587,1.994728186131556,30
high_tc,ppo,243,243,-2.261591419669184,2.3949295903616985,30
high_tc,ppo,244,244,-1.8402580056777538,1.7182113624663806,30
high_tc,ppo,245,245,-4.412277987359214,3.1535110416061953,30
high_tc,ppo,246,246,-1.3706093753024806,1.4284825379791077,30
high_tc,ppo,247,247,-6.455639415071431,3.102747821596364,30
high_tc,ppo,248,248,-1.4750592107101,1.886470742197452,30
high_tc,ppo,249,249,-2.698724066440974,1.7080522997821008,30
high_tc,ppo,250,250,-1.026514737458779,1.7724901402490656,30
high_tc,ppo,251,251,-1.674365968107736,1.6376001356940846,30
high_tc,ppo,252,252,-0.6268290779456152,2.4738020163259016,30
high_tc,ppo,253,253,-3.9931405417032693,3.019767597612595,30
high_tc,ppo,254,254,-1.0068974335115488,0.8516450030435869,30
high_tc,ppo,255,255,-2.2166782113515495,2.871649858941587,30
high_tc,ppo,256,256,-6.106096285985139,2.978534812996497,30
high_tc,ppo,257,257,-0.8457201897848723,1.6833224958927513,30
high_tc,ppo,258,258,-0.5731680930454939,1.2364910823962847,30
high_tc,ppo,259,259,-1.4210289154682698,2.0263608003853624,30
high_tc,ppo,260,260,-4.957365764707575,2.921903567852384,30
high_tc,ppo,261,261,-3.777484834439031,2.7379376300500406,30
high_tc,ppo,262,262,-1.8873319014127787,2.3841022759680186,30
high_tc,ppo,263,263,-3.870945062035574,1.967719266407494,30
high_tc,ppo,264,264,-2.2834863112044133,2.2047584996809997,30
high_tc,ppo,265,265,-5.972232303331662,3.3168212539832265,30
high_tc,ppo,266,266,-1.5648049417387142,2.5306542608911453,30
high_tc,ppo,267,267,-2.3811187119955406,1.6705929521476914,30
high_tc,ppo,268,268,-1.0513870357686557,2.135889118207802,30
high_tc,ppo,269,269,0.04919275490452435,1.5816159924747444,30
high_tc,ppo,270,270,-2.9586375165665686,3.2571681856267793,30
high_tc,ppo,271,271,0.007846586590494198,0.9942412082874265,30
high_tc,ppo,272,272,-5.056018033167362,3.189028402086125,30
high_tc,ppo,273,273,-3.5827136548546594,2.3664902628910944,30
high_tc,ppo,274,274,-0.8183410292563789,1.2017699483035462,30
high_tc,ppo,275,275,-3.363972891080408,1.6501901577281004,30
high_tc,ppo,276,276,-0.43267970710281745,1.352265568967242,30
high_tc,ppo,277,277,-4.356263203404794,3.3071812460334655,30
high_tc,ppo,278,278,-1.9631082734976104,1.3689251205983073,30
high_tc,ppo,279,279,-0.46058967247763327,0.9820029590217138,30
high_tc,ppo,280,280,-2.2985940494454926,2.0051001990281043,30
high_tc,ppo,281,281,-5.11722006946011,2.4727380449204137,30
high_tc,ppo,282,282,-0.7188494328756709,0.8199383242014945,30
high_tc,ppo,283,283,-0.7746116434450272,2.2676655674946247,30
high_tc,ppo,284,284,0.09721490314117887,1.7640092548291157,30
high_tc,ppo,285,285,-5.580124397866392,3.204500722892749,30
high_tc,ppo,286,286,-1.8055687448298414,1.6829378885788062,30
high_tc,ppo,287,287,-1.9912035127881609,3.285189312834001,30
high_tc,ppo,288,288,-3.5595085720838995,2.601628897355478,30
high_tc,ppo,289,289,-0.8711265926148144,1.733306293636074,30
high_tc,ppo,290,290,-1.3519091016985954,2.531262084129112,30
high_tc,ppo,291,291,-2.127748963445981,2.760328171867178,30
high_tc,ppo,292,292,-4.113072083060787,2.99753890336055,30
high_tc,ppo,293,293,-0.749600487576414,2.013092475108598,30
high_tc,ppo,294,294,-2.4242675283181043,3.3277733026748644,30
high_tc,ppo,295,295,-4.832766254094594,3.432707544045098,30
high_tc,ppo,296,296,0.18737457446046335,2.09148692652335,30
high_tc,ppo,297,297,-1.3582932571581114,1.4607887702680715,30
high_tc,ppo,298,298,-5.659711688943149,2.562282414271996,30
high_tc,ppo,299,299,-1.9063716728106925,1.451116830696181,30
high_tc,ppo,300,300,0.6123563792456572,0.918115190201907,30
high_tc,ppo,301,301,-0.084948434258175,0.8048927876836098,30
high_tc,ppo,302,302,-3.9884141183070483,2.9059922340429662,30
high_tc,ppo,303,303,-0.98109708277984,1.7142436349223513,30
high_tc,ppo,304,304,-4.235090005788621,3.2697908001236784,30
high_tc,ppo,305,305,-1.7378947599181345,2.3869055406791246,30
high_tc,ppo,306,306,-0.32281053660368286,2.3305870922624154,30
high_tc,ppo,307,307,-2.3461626845056855,2.518967247371008,30
high_tc,ppo,308,308,-3.068656587449828,2.357950193491834,30
high_tc,ppo,309,309,-3.191781541546092,2.5974242625761947,30
high_tc,ppo,310,310,-2.0455642212198057,2.399386006555762,30
high_tc,ppo,311,311,-2.1198808242094174,2.7252937850152157,30
high_tc,ppo,312,312,-5.308214428633434,3.4266187914686057,30
high_tc,ppo,313,313,-4.296983765058229,3.4768544506740473,30
high_tc,ppo,314,314,-2.786883940428538,2.798640488727656,30
high_tc,ppo,315,315,-2.8006832095853653,1.6027993982224873,30
high_tc,ppo,316,316,-1.377951299127929,2.262702141583911,30
high_tc,ppo,317,317,-0.8746218809093875,1.9444143201234485,30
high_tc,ppo,318,318,-3.44191624789147,2.856873461758137,30
high_tc,ppo,319,319,-1.3823035829274772,2.3512132215265322,30
high_tc,ppo,320,320,-1.205778847051846,1.8513129299620505,30
high_tc,ppo,321,321,-1.163165844424059,1.9055954223644243,30
high_tc,ppo,322,322,-3.0164154204778413,2.5173584464863907,30
high_tc,ppo,323,323,-2.007538785025204,1.5903327726362555,30
high_tc,ppo,324,324,-3.117737926965475,1.7667246906235752,30
high_tc,ppo,325,325,-1.8732204499938625,1.9044302908772028,30
high_tc,ppo,326,326,-1.3313204454022873,1.4502431817429688,30
high_tc,ppo,327,327,-4.089955122681118,2.6719610299884944,30
high_tc,ppo,328,328,-2.7735812479786777,2.4385496931289365,30
high_tc,ppo,329,329,-0.7540738286432003,2.045978418633328,30
high_tc,ppo,330,330,-1.471896849848548,1.552687808818594,30
high_tc,ppo,331,331,-3.909228742535447,2.7013113677987963,30
high_tc,ppo,332,332,-3.897270115345636,2.475605948822295,30
high_tc,ppo,333,333,-3.4327066943017286,2.322860596016135,30
high_tc,ppo,334,334,-1.75441646827327,1.048819917873887,30
high_tc,ppo,335,335,-1.9595759729084818,2.4638710050493815,30
high_tc,ppo,336,336,-2.4030168684832702,2.741146065695128,30
high_tc,ppo,337,337,-1.65824554740486,2.4093628205718196,30
high_tc,ppo,338,338,-1.5422617987389078,1.5179072106897966,30
high_tc,ppo,339,339,-1.852625920869329,2.0478945664980985,30
high_tc,ppo,340,340,-2.6713445859426628,2.2547603538848584,30
high_tc,ppo,341,341,-1.7236508651312903,2.209272555256887,30
high_tc,ppo,342,342,-2.97158485382586,2.0353281618657078,30
high_tc,ppo,343,343,-1.5295901224021975,1.7303164558475508,30
high_tc,ppo,344,344,-2.1520417435824157,3.25202738896872,30
high_tc,ppo,345,345,-1.858083741928752,2.2110270103243885,30
high_tc,ppo,346,346,-0.10914613520001026,1.3625502711175073,30
high_tc,ppo,347,347,-0.9432205819819455,1.0349632700155456,30
high_tc,ppo,348,348,-1.0079636820588007,2.268543370967452,30
high_tc,ppo,349,349,-4.012340859198543,2.6058273613787724,30
high_tc,ppo,350,350,-2.536856508916898,2.726724464375188,30
high_tc,ppo,351,351,-1.7042164426736264,2.3360292397648674,30
high_tc,ppo,352,352,-0.31748960924812764,2.455857732287279,30
high_tc,ppo,353,353,-2.759137595730813,2.4374549926205904,30
high_tc,ppo,354,354,-0.8498020727521407,1.1316191435097236,30
high_tc,ppo,355,355,-1.9755836890101932,2.8696013163871696,30
high_tc,ppo,356,356,-2.6451581320418303,2.2910822792856833,30
high_tc,ppo,357,357,-1.6942710562001793,1.7541939543004532,30
high_tc,ppo,358,358,-0.24731383339248225,1.9235740633952016,30
high_tc,ppo,359,359,0.00398017099358583,1.736482707399652,30
high_tc,ppo,360,360,-1.7610586090010276,1.2302990416165402,30
high_tc,ppo,361,361,-4.432216157789027,3.0077335468181694,30
high_tc,ppo,362,362,-4.796239678113409,2.8292713227517243,30
high_tc,ppo,363,363,-1.1956962131429094,2.144715595372638,30
high_tc,ppo,364,364,-0.739628619990711,2.1365303770867174,30
high_tc,ppo,365,365,-0.7950530200842678,1.4577499770405575,30
high_tc,ppo,366,366,-2.801490261144494,2.0838429563290237,30
high_tc,ppo,367,367,-3.434077062478309,2.3303543200690124,30
high_tc,ppo,368,368,-1.396522137868942,2.77790970519521,30
high_tc,ppo,369,369,-3.48544752271939,1.8533950583543344,30
high_tc,ppo,370,370,-2.70247611176859,3.1333248379594796,30
high_tc,ppo,371,371,-3.496391677092909,3.4471989430776606,30
high_tc,ppo,372,372,-3.0163809306539804,2.0847086848455536,30
high_tc,ppo,373,373,-1.8191822510336824,1.6600327365855678,30
high_tc,ppo,374,374,-2.5353119963634203,2.2325451250734005,30
high_tc,ppo,375,375,-0.6865784872153711,1.7185018795252522,30
high_tc,ppo,376,376,-6.364625149870079,3.4115316612255513,30
high_tc,ppo,377,377,-2.1055835137186705,3.098598469270895,30
high_tc,ppo,378,378,-0.5624165253048936,1.4810176707482925,30
high_tc,ppo,379,379,-4.026678031868881,2.9914953048618074,30
high_tc,ppo,380,380,-0.761310631613263,1.4466724924041365,30
high_tc,ppo,381,381,-1.6735663354248143,1.8673225878858672,30
high_tc,ppo,382,382,-1.2136910215680672,1.8168567398013922,30
high_tc,ppo,383,383,-1.7167041948235902,1.7013916261510686,30
high_tc,ppo,384,384,-3.1657491669637494,2.3986628230555436,30
high_tc,ppo,385,385,-2.4641247616918633,2.9625966014984004,30
high_tc,ppo,386,386,-4.081943137043407,2.0961545835862365,30
high_tc,ppo,387,387,-1.780332644314342,1.7601334537740478,30
high_tc,ppo,388,388,-0.7698466730503242,1.9222284687481204,30
high_tc,ppo,389,389,-2.079590020428469,2.7331102351461576,30
high_tc,ppo,390,390,-3.7481212344003865,2.3496702045565074,30
high_tc,ppo,391,391,-3.155063055856914,2.6785760703540222,30
high_tc,ppo,392,392,-3.0977971758346143,1.7846448867707037,30
high_tc,ppo,393,393,-0.9729430495867177,2.415147365081312,30
high_tc,ppo,394,394,-3.1623281360742794,2.2447104189279417,30
high_tc,ppo,395,395,-3.686764804399239,2.5685339261708147,30
high_tc,ppo,396,396,-4.018920916180392,2.325192123987829,30
high_tc,ppo,397,397,-1.2624917193095193,2.215041079910452,30
high_tc,ppo,398,398,-0.5914810616742958,1.0725988561684383,30
high_tc,ppo,399,399,-1.0932096424817885,2.655881388805886,30
high_tc,ppo,400,400,-0.19095734432591094,2.000315702950947,30
high_tc,ppo,401,401,-2.126086567106043,2.6035820244759598,30
high_tc,ppo,402,402,-1.7029010244021237,2.350848766697666,30
high_tc,ppo,403,403,-2.61768556277282,2.5610616734238056,30
high_tc,ppo,404,404,-1.8056314917244158,2.8187130788956534,30
high_tc,ppo,405,405,-5.199215835720906,2.086973653209388,30
high_tc,ppo,406,406,-2.0545432271273114,2.3360578345514202,30
high_tc,ppo,407,407,-1.9678760322150168,2.6236433756735167,30
high_tc,ppo,408,408,-1.7323767301310227,2.269653362762766,30
high_tc,ppo,409,409,-0.5756543135868277,2.4070349927664543,30
high_tc,ppo,410,410,-1.4178780064154175,1.6092493816017757,30
high_tc,ppo,411,411,-1.1610471673030816,2.6270132298113578,30
high_tc,ppo,412,412,-4.616221113077257,2.5543530787384725,30
high_tc,ppo,413,413,-0.9372780338485995,2.880350517978987,30
high_tc,ppo,414,414,-1.2845637858269612,2.298260130003463,30
high_tc,ppo,415,415,-1.8549077569838062,2.4191626396082038,30
high_tc,ppo,416,416,0.3987150395672856,1.978587321713851,30
high_tc,ppo,417,417,-0.6734611454195871,2.219672447838341,30
high_tc,ppo,418,418,-1.5455020607908647,1.9042200759544285,30
high_tc,ppo,419,419,-2.252488321159902,2.60924654013622,30
high_tc,ppo,420,420,-0.38726550858406483,2.2738145942798256,30
high_tc,ppo,421,421,-2.205169538927578,2.0333630168384045,30
high_tc,ppo,422,422,-1.446681918341099,2.19429399061761,30
high_tc,ppo,423,423,-3.957353552177203,2.4892964552559196,30
high_tc,ppo,424,424,-0.48015984875158324,1.5007341607825326,30
high_tc,ppo,425,425,-0.22476427066938243,2.5545051307374784,30
high_tc,ppo,426,426,-1.450857698005386,2.685301942828472,30
high_tc,ppo,427,427,0.29272743742818186,1.1103713948061869,30
high_tc,ppo,428,428,-3.3918001166659124,3.2608279137348033,30
high_tc,ppo,429,429,-2.830394534288347,2.0457326914523954,30
high_tc,ppo,430,430,-2.640262939279353,2.8022799398123905,30
high_tc,ppo,431,431,-4.867162336519129,2.575847322598656,30
high_tc,ppo,432,432,0.3140732221585196,1.2191170749480142,30
high_tc,ppo,433,433,-1.3799013729960237,2.626024250056975,30
high_tc,ppo,434,434,-4.933172088275697,3.019274369946988,30
high_tc,ppo,435,435,-1.8025078167060826,1.733441222538969,30
high_tc,ppo,436,436,-2.7228099888514237,2.277653923186671,30
high_tc,ppo,437,437,-2.5940508851996924,3.3418856577243354,30
high_tc,ppo,438,438,0.03833709237981253,2.5393577706035075,30
high_tc,ppo,439,439,-3.191447779434583,2.9423466857464504,30
high_tc,ppo,440,440,-2.1456327348034705,2.969407889430255,30
high_tc,ppo,441,441,-2.480175091522284,2.2045079930144893,30
high_tc,ppo,442,442,-1.7379960105705408,1.763553368332642,30
high_tc,ppo,443,443,-5.1261877406994,3.0364605057362035,30
high_tc,ppo,444,444,0.8587707620382155,1.134886629661792,30
high_tc,ppo,445,445,0.8376245133545552,1.6504946960408364,30
high_tc,ppo,446,446,-0.667021972713215,1.3428827276593682,30
high_tc,ppo,447,447,-1.170641905641176,2.618791248167649,30
high_tc,ppo,448,448,-0.46926143397808495,1.15692288953214,30
high_tc,ppo,449,449,-3.924955251492486,2.87614767211559,30
high_tc,sac,0,0,-4.003376410135868,3.2203884609191844,30
high_tc,sac,1,1,-5.3232689158042135,4.452509126098139,30
high_tc,sac,2,2,-1.9266521371715886,2.7352497161635942,30
high_tc,sac,3,3,-1.0106378758433294,2.6189317685294915,30
high_tc,sac,4,4,-1.962442338324827,3.1420393279057546,30
high_tc,sac,5,5,-2.1325107865962813,2.118829487054706,30
high_tc,sac,6,6,-3.0157681978895283,4.699904634212281,28
high_tc,sac,7,7,-2.399719728283195,1.3957469639740057,30
high_tc,sac,8,8,0.2946387797902972,1.7371669048422733,30
high_tc,sac,9,9,-2.613747164388826,3.096372303710427,27
high_tc,sac,10,10,-0.6011602084124839,1.6133420991911482,30
high_tc,sac,11,11,-6.2070524412070505,5.339361489646554,30
high_tc,sac,12,12,-6.026548259960194,5.284908495031527,30
high_tc,sac,13,13,-3.656020342568141,4.741094067067785,26
high_tc,sac,14,14,0.9164804807635676,2.3486792981758153,30
high_tc,sac,15,15,-3.0737458565372435,2.560493135279676,28
high_tc,sac,16,16,-4.915857674223673,4.409481586072853,30
high_tc,sac,17,17,-3.0252059688714326,1.7600586319754847,30
high_tc,sac,18,18,-4.26230453675241,3.4907454271459013,26
high_tc,sac,19,19,-6.457297219466042,4.33248371277926,30
high_tc,sac,20,20,-6.585914676068164,3.543727502297217,30
high_tc,sac,21,21,-3.0323510747364963,3.4448290995543873,28
high_tc,sac,22,22,-3.1677278999075753,4.526143196284919,30
high_tc,sac,23,23,0.0316196705207048,2.238577365757622,30
high_tc,sac,24,24,0.01200042050745509,1.947122993906559,30
high_tc,sac,25,25,-2.000939656710983,3.467757947134529,30
high_tc,sac,26,26,-3.218947439868117,3.7656029938986624,30
high_tc,sac,27,27,-4.824618271674481,3.0503419954876616,30
high_tc,sac,28,28,-2.629483978430926,3.480746194915452,29
high_tc,sac,29,29,-1.3602404358903115,2.191086985354637,30
high_tc,sac,30,30,-2.829292452200818,4.58808221744636,28
high_tc,sac,31,31,-3.3304926490668265,3.533747445093144,30
high_tc,sac,32,32,-2.5132497814807095,2.6149106997876777,30
high_tc,sac,33,33,-2.7962534522075373,3.312020001235196,30
high_tc,sac,34,34,-3.1477117398026877,4.055682326092033,28
high_tc,sac,35,35,-5.804256330387034,5.080892444182644,30
high_tc,sac,36,36,-1.024401346118296,1.7755265639510383,30
high_tc,sac,37,37,0.18434460341140113,1.8946156213904004,30
high_tc,sac,38,38,-3.2280562545533513,4.567547164939629,29
high_tc,sac,39,39,-2.69828578061275,4.84071621418864,30
high_tc,sac,40,40,-0.34107151402186986,1.7973715397375722,30
high_tc,sac,41,41,-2.0370314993555922,3.2854356099594146,30
high_tc,sac,42,42,-0.5584766673722186,1.6472018051815753,30
high_tc,sac,43,43,-0.8305636915683507,1.6361374341390649,30
high_tc,sac,44,44,-5.120607352123855,4.797429856303975,29
high_tc,sac,45,45,-2.7741833165188083,2.601261710241017,30
high_tc,sac,46,46,-2.3512788671212306,2.571346858334012,30
high_tc,sac,47,47,-3.6839054353959284,4.21609570650422,30
high_tc,sac,48,48,-3.108685895743747,4.009360668868355,27
high_tc,sac,49,49,-2.5173461211157786,2.8908498988702407,27
high_tc,sac,50,50,-2.669892875701823,1.8629962164491272,30
high_tc,sac,51,51,-1.3555946646478532,2.9056617585288746,30
high_tc,sac,52,52,-5.740738964764532,5.067727619097884,30
high_tc,sac,53,53,-5.041700354965343,3.2609606454666658,28
high_tc,sac,54,54,-4.362831218953858,4.963551653736443,28
high_tc,sac,55,55,-3.646466746697115,5.053145470532026,30
high_tc,sac,56,56,-3.9101689367515178,3.4744715588028825,27
high_tc,sac,57,57,-5.326762165661819,4.182918998172958,30
high_tc,sac,58,58,-0.8640902161859181,1.5122355033800141,30
high_tc,sac,59,59,-5.285308400701766,4.741568887132384,28
high_tc,sac,60,60,-4.423766860072973,4.116880165976231,27
high_tc,sac,61,61,-2.3102512153556987,3.188857143536789,30
high_tc,sac,62,62,-0.32939691729050224,1.7077787364485153,30
high_tc,sac,63,63,-4.16016930278569,4.663365102089219,25
high_tc,sac,64,64,-0.5637775620041054,2.372718405202931,30
high_tc,sac,65,65,-2.2798682380695823,2.35685714388936,30
high_tc,sac,66,66,-1.27069648419657,2.2872144515680746,30
high_tc,sac,67,67,-6.092844013712082,5.443559332072753,30
high_tc,sac,68,68,-8.151482203388909,4.918653957323483,26
high_tc,sac,69,69,-8.175621990675907,5.691075923931919,27
high_tc,sac,70,70,-3.660741261538803,3.2357650482273543,27
high_tc,sac,71,71,-1.5376635831817396,2.33635812544343,30
high_tc,sac,72,72,-0.08397621150696466,2.1399689514370857,30
high_tc,sac,73,73,-1.9769846796441861,2.8610740233543317,30
high_tc,sac,74,74,-5.243553369344241,3.5926800338186196,28
high_tc,sac,75,75,-4.19769949592299,3.231595834127437,28
high_tc,sac,76,76,-4.100019205662477,3.252462449229833,28
high_tc,sac,77,77,-2.3689697221436283,3.2667771314830927,30
high_tc,sac,78,78,-8.068476384249152,3.978709003494741,24
high_tc,sac,79,79,-1.9651554618677807,3.2343207389178668,30
high_tc,sac,80,80,-1.1533399854979045,2.742793385620085,30
high_tc,sac,81,81,-5.504115996669185,3.8450293013671852,27
high_tc,sac,82,82,-2.6789137403017733,2.2534228561692515,30
high_tc,sac,83,83,-2.2475047938724373,2.4045307743289506,28
high_tc,sac,84,84,-1.0999849434657278,1.6449724454765673,30
high_tc,sac,85,85,-1.6961459162000878,1.76808697310885,30
high_tc,sac,86,86,-4.298563479360709,4.104419701455285,30
high_tc,sac,87,87,-6.179683184032367,5.796177695195601,30
high_tc,sac,88,88,-1.7615173794358867,2.6315794004452817,30
high_tc,sac,89,89,-3.99286012756518,3.9580827143567348,30
high_tc,sac,90,90,-2.9809471556076943,3.1965212628371433,29
high_tc,sac,91,91,-3.643812439714438,2.88311277820055,27
high_tc,sac,92,92,0.8942691829162932,2.212365338355328,30
high_tc,sac,93,93,-2.2737512894555607,3.4024083049148124,28
high_tc,sac,94,94,-1.5978920740906233,1.5812316359711849,30
high_tc,sac,95,95,-4.347906440075306,4.003785709305275,30
high_tc,sac,96,96,-2.375350544924572,3.118133836666066,28
high_tc,sac,97,97,-3.443653161822848,1.9842188361345319,30
high_tc,sac,98,98,-3.575630539692284,3.2628643121653473,27
high_tc,sac,99,99,-1.2480126710207315,2.512712932245576,29
high_tc,sac,100,100,-0.2641866723170523,3.208391081297883,28
high_tc,sac,101,101,-4.654265628562399,3.73991566145904,30
high_tc,sac,102,102,-9.512921403795133,4.721866233477995,27
high_tc,sac,103,103,-1.0321502179551203,1.8126165922476716,30
high_tc,sac,104,104,-5.103379609995741,5.15380010417811,26
high_tc,sac,105,105,-4.239673065238648,4.009813388441154,30
high_tc,sac,106,106,-0.3145524415813057,2.5117846095918126,30
high_tc,sac,107,107,-1.5236082037103955,3.3223031862504793,30
high_tc,sac,108,108,-2.467074532202986,5.407697945471684,27
high_tc,sac,109,109,-1.6638522393710105,2.5325243932276704,28
high_tc,sac,110,110,-7.093137434738253,4.861872658483443,30
high_tc,sac,111,111,-2.0771415848746457,2.791767476313435,30
high_tc,sac,112,112,-4.291187195349934,4.639179684295297,30
high_tc,sac,113,113,-7.031154212133302,4.590713517089804,28
high_tc,sac,114,114,-2.4317686825218843,2.548940450991792,30
high_tc,sac,115,115,-0.6466319750990941,1.3071867659250207,30
high_tc,sac,116,116,-3.1706515651802647,2.8141989680595216,30
high_tc,sac,117,117,-1.2216983355171287,3.102151529756409,30
high_tc,sac,118,118,-1.7298620608235353,2.449673604107476,30
high_tc,sac,119,119,-3.440049176479743,3.381488391149897,30
high_tc,sac,120,120,-5.84086081900648,5.971818364754174,29
high_tc,sac,121,121,-4.824134332939339,4.269805276826954,30
high_tc,sac,122,122,-0.6942959945328049,2.2671783694982066,30
high_tc,sac,123,123,-5.841491761290712,5.30610170174675,27
high_tc,sac,124,124,-0.42321672152043277,1.5015677376240895,30
high_tc,sac,125,125,0.18935865181229872,1.4301653891612038,30
high_tc,sac,126,126,-8.74821389720708,3.410780184552493,30
high_tc,sac,127,127,1.2142950704937334,2.0707125330978218,30
high_tc,sac,128,128,-4.6285919228866135,4.246854820733442,28
high_tc,sac,129,129,-2.7546239790847693,2.6113684811896882,28
high_tc,sac,130,130,-3.5068774475121565,3.575879876963885,30
high_tc,sac,131,131,-5.115418762536635,4.230742270387648,28
high_tc,sac,132,132,-2.051168722571319,1.6972089399052612,30
high_tc,sac,133,133,-5.7512940328556965,3.747500084036704,28
high_tc,sac,134,134,-3.3963271575276544,1.7716790362953876,30
high_tc,sac,135,135,-6.965083932574714,6.410219441132216,28
high_tc,sac,136,136,-3.7442672789872944,4.851182556979918,29
high_tc,sac,137,137,-1.3349079424960166,1.6245822258750942,30
high_tc,sac,138,138,-0.5595147169068575,1.7015659206941227,30
high_tc,sac,139,139,0.606684893263985,2.1580041421428873,30
high_tc,sac,140,140,-2.1800952730118297,3.9907399551063776,30
high_tc,sac,141,141,-4.649349824629127,4.652288030936084,30
high_tc,sac,142,142,1.5410485487501475,2.3537472224071063,30
high_tc,sac,143,143,-3.8587588447631163,3.2515006868228746,30
high_tc,sac,144,144,-4.743427021156123,3.630931214667193,29
high_tc,sac,145,145,-1.6020162154132107,2.110051914602254,30
high_tc,sac,146,146,-0.893474924399186,1.341849139560477,30
high_tc,sac,147,147,-1.9388930675073013,2.1207986473692184,30
high_tc,sac,148,148,-5.681314557107299,3.1180884902940664,30
high_tc,sac,149,149,-2.815205820029263,2.799769160398663,28
high_tc,sac,150,150,-7.497354141432098,5.445779733129014,30
high_tc,sac,151,151,-2.0247279356893415,2.131555477740016,28
high_tc,sac,152,152,-0.015786274296282876,1.769440021858725,30
high_tc,sac,153,153,-6.309352460014868,4.939454073112949,30
high_tc,sac,154,154,0.019378881599767084,1.6794801878957137,30
high_tc,sac,155,155,-1.0159911805736463,2.1544677901236606,30
high_tc,sac,156,156,-0.2905524630360503,2.7682866325230737,30
high_tc,sac,157,157,-4.574303315739602,4.754365688379261,30
high_tc,sac,158,158,-2.080930359201183,1.6592336520482067,30
high_tc,sac,159,159,-1.285436977475971,2.8685055491490647,30
high_tc,sac,160,160,-5.070569202760922,3.3957806137328737,26
high_tc,sac,161,161,-8.45497836057146,4.891095305095264,26
high_tc,sac,162,162,-3.0092506871722087,2.9364084179445924,30
high_tc,sac,163,163,-6.311074807156913,4.031813684987605,27
high_tc,sac,164,164,-1.6416218767380855,2.149858770827344,30
high_tc,sac,165,165,-2.527741021794313,2.6539025438563835,30
high_tc,sac,166,166,-11.318691639317876,5.5758505179904825,25
high_tc,sac,167,167,-2.2875162419490778,3.162022677692215,30
high_tc,sac,168,168,-2.697008632357125,2.6967578766755684,30
high_tc,sac,169,169,-3.805406179604759,3.708445879949871,29
high_tc,sac,170,170,-8.143321116185646,4.500635063837631,27
high_tc,sac,171,171,-2.525874064280714,2.8352576518739045,30
high_tc,sac,172,172,-4.521851867828488,5.031843242053153,30
high_tc,sac,173,173,-0.5007149520446319,2.9981647402096065,30
high_tc,sac,174,174,-1.3812770627304793,1.9033174631569005,30
high_tc,sac,175,175,-7.344679758729825,4.910576698603877,27
high_tc,sac,176,176,-2.504967559710206,2.0211228315238556,30
high_tc,sac,177,177,-1.6749874751115925,2.4951768508776357,27
high_tc,sac,178,178,-1.9853030415203143,1.9017629662385187,30
high_tc,sac,179,179,-0.8637299391222086,2.2003899465233596,30
high_tc,sac,180,180,-3.340220561298892,4.49041719452982,28
high_tc,sac,181,181,-0.14366872509001638,2.5467103236384463,30
high_tc,sac,182,182,-5.168154250938983,4.849116043476489,30
high_tc,sac,183,183,-7.766535706971851,4.4644179077361175,29
high_tc,sac,184,184,-3.5513731188419797,3.4077812692504295,26
high_tc,sac,185,185,-2.8424814513825822,2.664938238100773,30
high_tc,sac,186,186,-4.384781276564361,2.673070106751996,30
high_tc,sac,187,187,-5.768857935085421,3.192266622365204,28
high_tc,sac,188,188,-4.035637207135494,4.6715528553834265,29
high_tc,sac,189,189,-2.02246896321671,2.908741406885599,30
high_tc,sac,190,190,-7.82761660323348,3.949289996096973,30
high_tc,sac,191,191,-1.057543688132931,2.3336070417077535,30
high_tc,sac,192,192,-5.088662608177032,4.627115396478995,30
high_tc,sac,193,193,-4.872935765320307,3.0703078961842536,28
high_tc,sac,194,194,-2.8286440239647703,3.418156358489238,28
high_tc,sac,195,195,-4.78694377104506,4.1675875414634,28
high_tc,sac,196,196,-4.427806595428393,3.5642504608680006,30
high_tc,sac,197,197,-1.434241583184491,2.7026606067051544,30
high_tc,sac,198,198,-0.4557212086574083,2.1724765186208677,30
high_tc,sac,199,199,-2.47711987591455,2.1098290722068045,30
high_tc,sac,200,200,-0.6652734206728237,2.3296395773983987,30
high_tc,sac,201,201,-1.5786196263399326,2.6632090092836775,30
high_tc,sac,202,202,-1.950548121198267,2.5900177680733654,28
high_tc,sac,203,203,-5.178383841632169,5.27593478095768,30
high_tc,sac,204,204,-5.740796324267393,4.518600382685288,28
high_tc,sac,205,205,-2.962975895714706,4.098253372696599,27
high_tc,sac,206,206,-2.859669026156311,2.972357788042959,28
high_tc,sac,207,207,-2.8167220273396367,3.537811279409208,27
high_tc,sac,208,208,-2.897298974163604,3.4047346699587826,27
high_tc,sac,209,209,-3.2765281510854685,1.9127498147514799,30
high_tc,sac,210,210,-6.958982299975386,4.970181547622293,30
high_tc,sac,211,211,-0.34799258656587995,1.8489975497744857,28
high_tc,sac,212,212,-4.744651315178075,5.677223275061358,27
high_tc,sac,213,213,-1.564669775221006,2.4429812942261893,30
high_tc,sac,214,214,-4.162475999427215,3.7813672915910166,26
high_tc,sac,215,215,-0.9686924906975634,1.5508764212574768,30
high_tc,sac,216,216,-4.261683253748004,3.332246086470977,27
high_tc,sac,217,217,-0.7908906018128334,2.3135052799385996,30
high_tc,sac,218,218,-0.9964136823150547,1.6623838076247643,30
high_tc,sac,219,219,-8.23575615844912,6.557996839315582,30
high_tc,sac,220,220,-4.684627610418616,4.8660309250825415,28
high_tc,sac,221,221,-3.0940536111960455,4.5730575984561606,30
high_tc,sac,222,222,-6.7389620805497685,4.422568793403371,30
high_tc,sac,223,223,-0.9228836393700952,2.507085489193703,30
high_tc,sac,224,224,-5.306307244171052,4.30368847385625,29
high_tc,sac,225,225,-2.8638759490511347,2.2970406073361045,30
high_tc,sac,226,226,-6.745607106352168,3.929334943917912,27
high_tc,sac,227,227,-6.354436256710443,5.092014803537325,28
high_tc,sac,228,228,-8.868227213762268,4.952529083617192,27
high_tc,sac,229,229,-5.751792922730132,5.559268904749465,26
high_tc,sac,230,230,-2.999089571710684,3.2562364117086293,30
high_tc,sac,231,231,-6.692027601279747,6.387990342209353,28
high_tc,sac,232,232,-0.9693333413757586,2.6600089472070008,30
high_tc,sac,233,233,-9.426395214735493,4.480780842306227,26
high_tc,sac,234,234,-3.2546484463282255,3.008958990608564,30
high_tc,sac,235,235,-5.798689576673471,2.9710362522616407,30
high_tc,sac,236,236,-8.71245723452732,4.741794674256457,30
high_tc,sac,237,237,-8.195070552092119,4.622977613455331,26
high_tc,sac,238,238,-1.6631776290252702,3.084530005485666,30
high_tc,sac,239,239,-5.051494214905901,3.4896859989010673,26
high_tc,sac,240,240,-2.289719911535613,3.9348888279454464,30
high_tc,sac,241,241,-5.339765636531837,5.101194269155635,29
high_tc,sac,242,242,-5.183387349791019,2.8875402498319436,26
high_tc,sac,243,243,-4.470504162057566,4.75456202338812,30
high_tc,sac,244,244,-4.961845143072111,4.433711718930439,26
high_tc,sac,245,245,-8.063980247557957,5.093657320653882,30
high_tc,sac,246,246,-2.5316601852704608,2.014372027998088,30
high_tc,sac,247,247,-8.549282224761402,4.54571113427969,30
high_tc,sac,248,248,-5.9776303656386744,4.87919426908396,27
high_tc,sac,249,249,-5.285089478561616,4.854541818454528,28
high_tc,sac,250,250,-1.7947631565547795,3.1408433476224706,30
high_tc,sac,251,251,-2.293061516222558,2.7863308289507644,30
high_tc,sac,252,252,-1.6948530361767382,3.61867234017407,30
high_tc,sac,253,253,-6.504001890794854,4.9709944423439145,30
high_tc,sac,254,254,-1.4324794482879746,1.425522663103597,30
high_tc,sac,255,255,-3.8351640745235756,3.5617147537310654,28
high_tc,sac,256,256,-1.2323833051146487,2.8662702231924655,30
high_tc,sac,257,257,-2.1427826431700936,3.913220393520106,30
high_tc,sac,258,258,-0.43925659116760585,1.2581073013093433,30
high_tc,sac,259,259,-5.363477686399563,3.7260966390976247,27
high_tc,sac,260,260,-6.340369483324352,3.8094097319900007,29
high_tc,sac,261,261,-8.23938851974794,6.242469389845765,30
high_tc,sac,262,262,-2.303359819821793,4.5998288267392855,27
high_tc,sac,263,263,-2.9908609719355894,2.714088306983369,29
high_tc,sac,264,264,-4.803778401010263,3.8934355446692837,28
high_tc,sac,265,265,-7.602434449747591,6.524398570192667,30
high_tc,sac,266,266,-1.3420526663681187,3.4916964495236273,30
high_tc,sac,267,267,-4.271322148021465,3.001543041876794,30
high_tc,sac,268,268,-4.454648917968498,3.3980742541721085,27
high_tc,sac,269,269,-6.754243352630752,4.110281908553762,25
high_tc,sac,270,270,-6.085751867941298,6.473904188211276,30
high_tc,sac,271,271,-1.7689312478372798,1.679386135102309,30
high_tc,sac,272,272,-7.459492007785826,4.6504327125214004,28
high_tc,sac,273,273,-3.224544651745468,3.4469531304549603,30
high_tc,sac,274,274,-0.7667976574633215,1.3695188551469746,30
high_tc,sac,275,275,-7.6490008296455585,4.734772797292028,26
high_tc,sac,276,276,-0.042271708934347174,2.2079361763023035,30
high_tc,sac,277,277,-5.989555956287404,5.495974205407766,30
high_tc,sac,278,278,-1.2971370960240627,1.6867291659145478,30
high_tc,sac,279,279,-2.1224732898619934,1.999167028440191,30
high_tc,sac,280,280,-2.9039764237390244,3.3043947670807565,30
high_tc,sac,281,281,-5.268671829213382,3.096482012033219,30
high_tc,sac,282,282,-0.9689774113108136,1.2713852017486345,30
high_tc,sac,283,283,-0.21960870567227175,2.3477468448055108,30
high_tc,sac,284,284,-6.699852131033367,3.866218412077889,25
high_tc,sac,285,285,-3.66593038671623,3.3993204017166896,30
high_tc,sac,286,286,-4.38362151574448,3.2504619073819603,27
high_tc,sac,287,287,-6.264817627680358,6.237938535465839,30
high_tc,sac,288,288,-3.5284837536111695,3.1886035548888643,30
high_tc,sac,289,289,-8.845952860012574,4.939591084566601,25
high_tc,sac,290,290,-0.730512795182932,2.605683795484911,29
high_tc,sac,291,291,-4.550697797096149,4.707182836535109,30
high_tc,sac,292,292,-4.121235629055533,3.5463368537390503,30
high_tc,sac,293,293,0.489089019855971,1.88971736029367,30
high_tc,sac,294,294,-3.2812327244419635,4.5532095074953,30
high_tc,sac,295,295,-5.454139874879914,4.4615934745513455,30
high_tc,sac,296,296,-2.209606625568142,4.148378988860614,30
high_tc,sac,297,297,-1.400757014962256,2.2116157084884214,30
high_tc,sac,298,298,-7.986372698990262,3.8297637035614334,30
high_tc,sac,299,299,-3.6529382490474838,2.1896314928573064,30
high_tc,sac,300,300,1.2012649002699796,1.3180394451316446,30
high_tc,sac,301,301,-0.12309236841853632,1.4413618521094655,30
high_tc,sac,302,302,-5.518274023149559,3.793264952111384,28
high_tc,sac,303,303,-2.276236621196489,2.9255847848552774,30
high_tc,sac,304,304,-6.81846990697133,4.5386008377648706,30
high_tc,sac,305,305,-3.109134035012076,3.500020903758564,30
high_tc,sac,306,306,0.6798875808859037,2.219596910656069,28
high_tc,sac,307,307,-4.2344872839494485,3.1180286610686747,27
high_tc,sac,308,308,-1.416202564916862,1.923465132204209,30
high_tc,sac,309,309,-2.564957170790123,3.4605109571174077,29
high_tc,sac,310,310,-3.5812539072059337,3.896542786875962,30
high_tc,sac,311,311,-5.004609810635429,5.194927891590622,30
high_tc,sac,312,312,-6.572364740559131,4.586322013933834,30
high_tc,sac,313,313,-2.8409168070137696,3.0352448644770122,30
high_tc,sac,314,314,-3.2483588532358567,3.450555991072865,30
high_tc,sac,315,315,-5.502972937142445,2.656053767992047,30
high_tc,sac,316,316,-0.878318687386134,2.1692211914458155,30
high_tc,sac,317,317,-3.0497054303812376,4.023774013309496,27
high_tc,sac,318,318,-5.683391862979207,4.2751883246630324,30
high_tc,sac,319,319,-0.9453726067841544,2.2276292250755554,30
high_tc,sac,320,320,-3.9215300885510374,3.4605513817954505,26
high_tc,sac,321,321,-0.3170129137937252,2.0725552663836773,30
high_tc,sac,322,322,-1.7679451569584614,2.5017714920130842,30
high_tc,sac,323,323,-0.9869798466112485,5.06086884031715,26
high_tc,sac,324,324,-14.367360640459395,5.1228040099485765,23
high_tc,sac,325,325,-3.9160608827232224,3.301397390497105,30
high_tc,sac,326,326,-0.11036353098909402,1.926209363221055,30
high_tc,sac,327,327,-6.7633418486315975,4.317450966311055,28
high_tc,sac,328,328,-3.9202953753315732,3.3799434636155645,30
high_tc,sac,329,329,-1.0653147479478946,2.4367525148108333,30
high_tc,sac,330,330,-2.027089047454268,2.9429351798323995,28
high_tc,sac,331,331,-5.052692251543419,4.8090361714848155,28
high_tc,sac,332,332,-2.810079440013041,3.599501308067261,30
high_tc,sac,333,333,-9.790613129847387,4.666141981647334,27
high_tc,sac,334,334,-1.9049969232462018,1.7257200354783322,30
high_tc,sac,335,335,-3.318310558572307,3.761030455901246,29
high_tc,sac,336,336,-1.3386987835479545,2.648065054304542,30
high_tc,sac,337,337,-2.105937108283328,2.884397492493974,29
high_tc,sac,338,338,-0.9780815925852231,1.770867883317678,30
high_tc,sac,339,339,-5.147851091399133,4.387930811431121,28
high_tc,sac,340,340,-3.2652395750386205,2.919585012831951,30
high_tc,sac,341,341,-2.047170243463924,3.9316185672120056,29
high_tc,sac,342,342,-3.5048341828604777,5.005607689288344,28
high_tc,sac,343,343,-4.374238281021945,5.3938874955267835,26
high_tc,sac,344,344,-0.020798570598756783,3.0885530997478936,30
high_tc,sac,345,345,-1.4810539113755539,2.424340737518766,28
high_tc,sac,346,346,-0.9551329707503449,2.082885696667652,30
high_tc,sac,347,347,-1.0273386803090112,1.4409164025398529,30
high_tc,sac,348,348,-4.6301861445332975,4.698665685285599,28
high_tc,sac,349,349,-4.6186153804540275,3.8879881039042288,30
high_tc,sac,350,350,-2.048627229026806,2.9260833784586495,30
high_tc,sac,351,351,-0.2055071952880425,1.9186380428649734,30
high_tc,sac,352,352,0.012429343986489982,2.573664082425905,30
high_tc,sac,353,353,-4.095815017371436,2.8326231944751012,30
high_tc,sac,354,354,-1.3238127202010297,1.280860401448945,30
high_tc,sac,355,355,-5.022172597707737,4.869685139392233,28
high_tc,sac,356,356,0.30368695704957105,1.9275356661525533,30
high_tc,sac,357,357,-4.632874976116241,3.0511327366594094,27
high_tc,sac,358,358,-3.951240617983629,3.559479257501701,27
high_tc,sac,359,359,-2.5655956714949895,3.8505957253807592,27
high_tc,sac,360,360,-2.9578032750712904,1.4945571342198152,30
high_tc,sac,361,361,-7.045556047249232,4.5240594569131725,30
high_tc,sac,362,362,-7.13407484898778,4.6807299673544325,30
high_tc,sac,363,363,-0.8514839975593489,2.54664086276496,30
high_tc,sac,364,364,-2.6336007545589126,2.6812706148598227,27
high_tc,sac,365,365,-1.7321914443222184,2.2010064872266266,30
high_tc,sac,366,366,-4.233270912101119,3.358676253830015,28
high_tc,sac,367,367,-8.034811574754087,5.104372753439947,27
high_tc,sac,368,368,-2.099259439680125,3.8155596650150847,30
high_tc,sac,369,369,-5.211719460267837,3.118440023122703,30
high_tc,sac,370,370,-7.131250886757542,7.661034713906903,30
high_tc,sac,371,371,-5.38976241779153,3.983018759017542,30
high_tc,sac,372,372,-3.069164580377276,2.8405531294271764,28
high_tc,sac,373,373,-0.9562021505085632,1.579655500169146,30
high_tc,sac,374,374,-2.3615211280335338,3.204967458566097,30
high_tc,sac,375,375,-6.337824986962744,4.547647989647622,26
high_tc,sac,376,376,-4.1856669140187535,4.249523194596264,30
high_tc,sac,377,377,-3.3664696854294505,4.25534919807902,30
high_tc,sac,378,378,-1.6638956293375422,2.572835649030963,30
high_tc,sac,379,379,-6.025239360085404,3.7382776045596686,30
high_tc,sac,380,380,-0.792210917421329,2.0684706628831604,30
high_tc,sac,381,381,-2.743614018103063,3.0604467122375754,30
high_tc,sac,382,382,-3.6836733788698695,3.352725664939561,28
high_tc,sac,383,383,-1.1064025809222464,1.792116232519283,30
high_tc,sac,384,384,-2.6426969666235465,2.9016656475381586,28
high_tc,sac,385,385,-5.97699985556909,5.0625338693624276,30
high_tc,sac,386,386,-6.422905643952518,5.136553572947651,30
high_tc,sac,387,387,-3.1224784852144296,3.3622932105831147,27
high_tc,sac,388,388,0.3862591123455559,2.187805187429424,28
high_tc,sac,389,389,-3.830902759749293,3.6887786956716493,30
high_tc,sac,390,390,-5.558912218358159,4.101547598185347,30
high_tc,sac,391,391,-2.207883898785987,2.668535448581109,30
high_tc,sac,392,392,-2.7555146029132516,3.4366428969812817,27
high_tc,sac,393,393,-1.4896016310776758,3.022183184204746,30
high_tc,sac,394,394,-4.53264450518634,3.697002390167222,30
high_tc,sac,395,395,-3.9922663482584895,3.569387944470148,30
high_tc,sac,396,396,-4.102687029259656,3.281035063601353,30
high_tc,sac,397,397,-2.9272918092733136,4.4182003171209,30
high_tc,sac,398,398,-2.472403979850661,1.4843936568936624,30
high_tc,sac,399,399,-0.03302173413517551,2.330741044511803,30
high_tc,sac,400,400,-0.33605236393409044,2.5333849681502096,30
high_tc,sac,401,401,-2.650154065410007,3.6475399731768334,29
high_tc,sac,402,402,-2.4882263242049447,3.089487416828845,30
high_tc,sac,403,403,-6.298275206956859,5.558272171397579,27
high_tc,sac,404,404,-5.935703318314182,6.95436487789128,30
high_tc,sac,405,405,-9.939990316492441,4.397077511069376,26
high_tc,sac,406,406,-1.390770888259027,2.7425077558220066,30
high_tc,sac,407,407,-3.5102554424502586,4.52488437779095,30
high_tc,sac,408,408,-1.3534399416598717,2.761239667076761,28
high_tc,sac,409,409,-1.21854566587119,3.915356966009316,30
high_tc,sac,410,410,-1.2954577030181085,1.896063422385824,30
high_tc,sac,411,411,-1.1795169318253187,2.8938838737739188,30
high_tc,sac,412,412,-3.152712185506296,2.9572706764109267,30
high_tc,sac,413,413,0.5033335495400593,2.6661154742872477,30
high_tc,sac,414,414,-4.544864162554518,4.249860871696402,30
high_tc,sac,415,415,-1.2656306096391319,2.628085441908033,30
high_tc,sac,416,416,0.7013110161772573,1.9682771826330399,30
high_tc,sac,417,417,-1.28118122451788,3.1065727805551324,30
high_tc,sac,418,418,-0.12853502714260046,1.5873267265919337,30
high_tc,sac,419,419,-5.4824704330156635,5.012513397275262,29
high_tc,sac,420,420,0.24558555931876924,2.306643160204498,30
high_tc,sac,421,421,-5.265225575237139,3.6623898852724173,28
high_tc,sac,422,422,-2.7085044216585317,4.199385976879494,27
high_tc,sac,423,423,-4.830694838671899,3.90540559476483,30
high_tc,sac,424,424,-3.832707009291653,3.592816266676332,27
high_tc,sac,425,425,0.2449437019112537,2.626663004253639,30
high_tc,sac,426,426,-1.522019696468078,4.554738991007807,30
high_tc,sac,427,427,-1.5353715204138005,1.7428090617356378,30
high_tc,sac,428,428,-1.3444732816770824,2.3840260485553966,30
high_tc,sac,429,429,-2.514314827214836,2.3807499824621536,30
high_tc,sac,430,430,-6.961719183985025,5.31370489616224,30
high_tc,sac,431,431,-5.880554685041865,3.3504930510105204,30
high_tc,sac,432,432,-0.4085847410993928,2.1711474324862228,30
high_tc,sac,433,433,-1.0826593566659284,2.612864458621644,30
high_tc,sac,434,434,-4.518379072710715,3.730004928762337,29
high_tc,sac,435,435,-3.8282526427024095,3.2396247850435778,27
high_tc,sac,436,436,-7.636060125094872,5.067698496736875,27
high_tc,sac,437,437,-3.75777119740097,3.6640961900355435,30
high_tc,sac,438,438,-1.2913189654972257,3.7918132059040977,30
high_tc,sac,439,439,-6.15590225285311,4.508837927470337,28
high_tc,sac,440,440,-4.187778360912787,4.761757653814315,28
high_tc,sac,441,441,-7.5350105521575585,4.844508755595012,28
high_tc,sac,442,442,-3.5994189791225466,3.556655608635893,26
high_tc,sac,443,443,-4.420893663228384,3.678856070179904,30
high_tc,sac,444,444,0.4725437049065988,2.414849518950026,30
high_tc,sac,445,445,-6.719542540122191,4.326263493538775,26
high_tc,sac,446,446,-2.176134650306622,1.847048956128864,30
high_tc,sac,447,447,-1.4761621536684544,2.489005322462298,30
high_tc,sac,448,448,-1.8514417188995296,1.9440605230255712,30
high_tc,sac,449,449,-7.074181559270395,4.636921566105346,30
vol_mismatch,no_hedge,0,0,2.8106773469827786,0.0,0
vol_mismatch,no_hedge,1,1,2.8106773469827786,0.0,0
vol_mismatch,no_hedge,2,2,2.8106773469827786,0.0,0
vol_mismatch,no_hedge,3,3,2.8106773469827786,0.0,0
vol_mismatch,no_hedge,4,4,2.8106773469827786,0.0,0
vol_mismatch,no_hedge,5,5,2.8106773469827786,0.0,0
vol_mismatch,no_hedge,6,6,-7.029836015986795,0.0,0
vol_mismatch,no_hedge,7,7,2.8106773469827786,0.0,0
vol_mismatch,no_hedge,8,8,2.8106773469827786,0.0,0
vol_mismatch,no_hedge,9,9,-5.726576595035787,0.0,0
vol_mismatch,no_hedge,10,10,2.8106773469827786,0.0,0
vol_mismatch,no_hedge,11,11,2.8106773469827786,0.0,0
vol_mismatch,no_hedge,12,12,0.2203178375543544,0.0,0
vol_mismatch,no_hedge,13,13,-15.544564576874727,0.0,0
vol_mismatch,no_hedge,14,14,2.2443332634826376,0.0,0
vol_mismatch,no_hedge,15,15,-3.392381925889076,0.0,0
vol_mismatch,no_hedge,16,16,0.20806382602199136,0.0,0
vol_mismatch,no_hedge,17,17,2.8106773469827786,0.0,0
vol_mismatch,no_hedge,18,18,-15.888196067492864,0.0,0
vol_mismatch,no_hedge,19,19,2.8106773469827786,0.0,0
vol_mismatch,no_hedge,20,20,2.8106773469827786,0.0,0
vol_mismatch,no_hedge,21,21,-9.46986768951836,0.0,0
vol_mismatch,no_hedge,22,22,2.7610436733995343,0.0,0
vol_mismatch,no_hedge,23,23,2.8106773469827786,0.0,0
vol_mismatch,no_hedge,24,24,2.8106773469827786,0.0,0
vol_mismatch,no_hedge,25,25,2.393056141657077,0.0,0
vol_mismatch,no_hedge,26,26,-0.000995461563881861,0.0,0
vol_mismatch,no_hedge,27,27,2.8106773469827786,0.0,0
vol_mismatch,no_hedge,28,28,-6.167496709679931,0.0,0
vol_mismatch,no_hedge,29,29,2.8106773469827786,0.0,0
vol_mismatch,no_hedge,30,30,-1.8738797026392078,0.0,0
vol_mismatch,no_hedge,31,31,2.8106773469827786,0.0,0
vol_mismatch,no_hedge,32,32,-0.4182508679326773,0.0,0
vol_mismatch,no_hedge,33,33,2.8106773469827786,0.0,0
vol_mismatch,no_hedge,34,34,-7.084829076372095,0.0,0
vol_mismatch,no_hedge,35,35,2.8106773469827786,0.0,0
vol_mismatch,no_hedge,36,36,2.8106773469827786,0.0,0
vol_mismatch,no_hedge,37,37,2.8106773469827786,0.0,0
vol_mismatch,no_hedge,38,38,-3.199082335078508,0.0,0
vol_mismatch,no_hedge,39,39,2.8106773469827786,0.0,0
vol_mismatch,no_hedge,40,40,2.8106773469827786,0.0,0
vol_mismatch,no_hedge,41,41,-1.0299328289115763,0.0,0
vol_mismatch,no_hedge,42,42,-1.7756530409091695,0.0,0
vol_mismatch,no_hedge,43,43,2.8106773469827786,0.0,0
vol_mismatch,no_hedge,44,44,-1.8136539701304386,0.0,0
vol_mismatch,no_hedge,45,45,2.8106773469827786,0.0,0
vol_mismatch,no_hedge,46,46,2.8106773469827786,0.0,0
vol_mismatch,no_hedge,47,47,2.8106773469827786,0.0,0
vol_mismatch,no_hedge,48,48,-12.021676247750072,0.0,0
vol_mismatch,no_hedge,49,49,-17.140620528056623,0.0,0
vol_mismatch,no_hedge,50,50,2.8106773469827786,0.0,0
vol_mismatch,no_hedge,51,51,1.669821757412926,0.0,0
vol_mismatch,no_hedge,52,52,-1.3539267155750352,0.0,0
vol_mismatch,no_hedge,53,53,-3.30749248508814,0.0,0
vol_mismatch,no_hedge,54,54,-7.8947467366777815,0.0,0
vol_mismatch,no_hedge,55,55,-4.756687974371282,0.0,0
vol_mismatch,no_hedge,56,56,-13.954727883279098,0.0,0
vol_mismatch,no_hedge,57,57,-0.17994338460787418,0.0,0
vol_mismatch,no_hedge,58,58,2.8106773469827786,0.0,0
vol_mismatch,no_hedge,59,59,-11.548188784073623,0.0,0
vol_mismatch,no_hedge,60,60,-11.051603253049741,0.0,0
vol_mismatch,no_hedge,61,61,2.8106773469827786,0.0,0
vol_mismatch,no_hedge,62,62,2.8106773469827786,0.0,0
vol_mismatch,no_hedge,63,63,-31.6656593453855,0.0,0
vol_mismatch,no_hedge,64,64,2.8106773469827786,0.0,0
vol_mismatch,no_hedge,65,65,2.8106773469827786,0.0,0
vol_mismatch,no_hedge,66,66,2.8106773469827786,0.0,0
vol_mismatch,no_hedge,67,67,2.4523845568845033,0.0,0
vol_mismatch,no_hedge,68,68,-8.067413469742583,0.0,0
vol_mismatch,no_hedge,69,69,-9.64036201986763,0.0,0
vol_mismatch,no_hedge,70,70,-8.09361298469532,0.0,0
vol_mismatch,no_hedge,71,71,2.8106773469827786,0.0,0
vol_mismatch,no_hedge,72,72,1.907786651528859,0.0,0
vol_mismatch,no_hedge,73,73,2.8106773469827786,0.0,0
vol_mismatch,no_hedge,74,74,-3.2236164392005335,0.0,0
vol_mismatch,no_hedge,75,75,-4.298581971552785,0.0,0
vol_mismatch,no_hedge,76,76,-9.722658622008687,0.0,0
vol_mismatch,no_hedge,77,77,2.8106773469827786,0.0,0
vol_mismatch,no_hedge,78,78,-24.494632020678914,0.0,0
vol_mismatch,no_hedge,79,79,2.8106773469827786,0.0,0
vol_mismatch,no_hedge,80,80,2.8106773469827786,0.0,0
vol_mismatch,no_hedge,81,81,-8.817994373858205,0.0,0
vol_mismatch,no_hedge,82,82,2.8106773469827786,0.0,0
vol_mismatch,no_hedge,83,83,-2.945657839754368,0.0,0
vol_mismatch,no_hedge,84,84,2.8106773469827786,0.0,0
vol_mismatch,no_hedge,85,85,2.8106773469827786,0.0,0
vol_mismatch,no_hedge,86,86,-2.4615445899642836,0.0,0
vol_mismatch,no_hedge,87,87,2.8106773469827786,0.0,0
vol_mismatch,no_hedge,88,88,2.449564399811699,0.0,0
vol_mismatch,no_hedge,89,89,2.8106773469827786,0.0,0
vol_mismatch,no_hedge,90,90,-4.6520824377763645,0.0,0
vol_mismatch,no_hedge,91,91,-11.012357975948355,0.0,0
vol_mismatch,no_hedge,92,92,2.8106773469827786,0.0,0
vol_mismatch,no_hedge,93,93,-10.007988704739851,0.0,0
vol_mismatch,no_hedge,94,94,2.8106773469827786,0.0,0
vol_mismatch,no_hedge,95,95,2.8106773469827786,0.0,0
vol_mismatch,no_hedge,96,96,-11.954698510813294,0.0,0
vol_mismatch,no_hedge,97,97,2.8106773469827786,0.0,0
vol_mismatch,no_hedge,98,98,-10.353528109759871,0.0,0
vol_mismatch,no_hedge,99,99,-5.204223999003851,0.0,0
vol_mismatch,no_hedge,100,100,-6.047133920433048,0.0,0
vol_mismatch,no_hedge,101,101,-0.8757596011735771,0.0,0
vol_mismatch,no_hedge,102,102,-4.9951445861317225,0.0,0
vol_mismatch,no_hedge,103,103,2.8106773469827786,0.0,0
vol_mismatch,no_hedge,104,104,-22.454718900094853,0.0,0
vol_mismatch,no_hedge,105,105,2.8106773469827786,0.0,0
vol_mismatch,no_hedge,106,106,2.8106773469827786,0.0,0
vol_mismatch,no_hedge,107,107,2.8106773469827786,0.0,0
vol_mismatch,no_hedge,108,108,-15.489225390058415,0.0,0
vol_mismatch,no_hedge,109,109,-5.822663460238935,0.0,0
vol_mismatch,no_hedge,110,110,-5.210282569194668,0.0,0
vol_mismatch,no_hedge,111,111,2.8106773469827786,0.0,0
vol_mismatch,no_hedge,112,112,0.4749399529583016,0.0,0
vol_mismatch,no_hedge,113,113,-6.1223825997874926,0.0,0
vol_mismatch,no_hedge,114,114,2.8106773469827786,0.0,0
vol_mismatch,no_hedge,115,115,2.8106773469827786,0.0,0
vol_mismatch,no_hedge,116,116,2.8106773469827786,0.0,0
vol_mismatch,no_hedge,117,117,2.8106773469827786,0.0,0
vol_mismatch,no_hedge,118,118,1.5825300741325563,0.0,0
vol_mismatch,no_hedge,119,119,2.8106773469827786,0.0,0
vol_mismatch,no_hedge,120,120,-1.4267738903842897,0.0,0
vol_mismatch,no_hedge,121,121,2.8106773469827786,0.0,0
vol_mismatch,no_hedge,122,122,2.8106773469827786,0.0,0
vol_mismatch,no_hedge,123,123,-12.038299966213977,0.0,0
vol_mismatch,no_hedge,124,124,2.8106773469827786,0.0,0
vol_mismatch,no_hedge,125,125,2.8106773469827786,0.0,0
vol_mismatch,no_hedge,126,126,2.8106773469827786,0.0,0
vol_mismatch,no_hedge,127,127,2.8106773469827786,0.0,0
vol_mismatch,no_hedge,128,128,-2.066249280590945,0.0,0
vol_mismatch,no_hedge,129,129,-0.12862030066671792,0.0,0
vol_mismatch,no_hedge,130,130,2.8106773469827786,0.0,0
vol_mismatch,no_hedge,131,131,-15.186041708256973,0.0,0
vol_mismatch,no_hedge,132,132,2.8106773469827786,0.0,0
vol_mismatch,no_hedge,133,133,-4.2802768285141255,0.0,0
vol_mismatch,no_hedge,134,134,2.8106773469827786,0.0,0
vol_mismatch,no_hedge,135,135,-3.652501397266356,0.0,0
vol_mismatch,no_hedge,136,136,-0.7901158660586916,0.0,0
vol_mismatch,no_hedge,137,137,2.8106773469827786,0.0,0
vol_mismatch,no_hedge,138,138,2.8106773469827786,0.0,0
vol_mismatch,no_hedge,139,139,2.8106773469827786,0.0,0
vol_mismatch,no_hedge,140,140,2.8106773469827786,0.0,0
vol_mismatch,no_hedge,141,141,2.586316713444596,0.0,0
vol_mismatch,no_hedge,142,142,2.8106773469827786,0.0,0
vol_mismatch,no_hedge,143,143,0.013562943000600569,0.0,0
vol_mismatch,no_hedge,144,144,2.8106773469827786,0.0,0
vol_mismatch,no_hedge,145,145,2.8106773469827786,0.0,0
vol_mismatch,no_hedge,146,146,2.8106773469827786,0.0,0
vol_mismatch,no_hedge,147,147,2.8106773469827786,0.0,0
vol_mismatch,no_hedge,148,148,0.5347313198229457,0.0,0
vol_mismatch,no_hedge,149,149,-2.309708543522383,0.0,0
vol_mismatch,no_hedge,150,150,2.8106773469827786,0.0,0
vol_mismatch,no_hedge,151,151,-2.1882266263444095,0.0,0
vol_mismatch,no_hedge,152,152,2.8106773469827786,0.0,0
vol_mismatch,no_hedge,153,153,2.8106773469827786,0.0,0
vol_mismatch,no_hedge,154,154,2.8106773469827786,0.0,0
vol_mismatch,no_hedge,155,155,2.8106773469827786,0.0,0
vol_mismatch,no_hedge,156,156,-0.12278208858756301,0.0,0
vol_mismatch,no_hedge,157,157,2.8106773469827786,0.0,0
vol_mismatch,no_hedge,158,158,2.8106773469827786,0.0,0
vol_mismatch,no_hedge,159,159,2.8106773469827786,0.0,0
vol_mismatch,no_hedge,160,160,-20.81903633700785,0.0,0
vol_mismatch,no_hedge,161,161,-16.39303627877674,0.0,0
vol_mismatch,no_hedge,162,162,2.8106773469827786,0.0,0
vol_mismatch,no_hedge,163,163,-11.589801943932635,0.0,0
vol_mismatch,no_hedge,164,164,2.8106773469827786,0.0,0
vol_mismatch,no_hedge,165,165,-2.527874480531217,0.0,0
vol_mismatch,no_hedge,166,166,-24.41472281996962,0.0,0
vol_mismatch,no_hedge,167,167,2.718054453230984,0.0,0
vol_mismatch,no_hedge,168,168,2.8106773469827786,0.0,0
vol_mismatch,no_hedge,169,169,-4.4987457145895675,0.0,0
vol_mismatch,no_hedge,170,170,-2.166243686713976,0.0,0
vol_mismatch,no_hedge,171,171,2.8106773469827786,0.0,0
vol_mismatch,no_hedge,172,172,-3.297119379189148,0.0,0
vol_mismatch,no_hedge,173,173,2.8106773469827786,0.0,0
vol_mismatch,no_hedge,174,174,2.8106773469827786,0.0,0
vol_mismatch,no_hedge,175,175,-9.899974646154568,0.0,0
vol_mismatch,no_hedge,176,176,2.8106773469827786,0.0,0
vol_mismatch,no_hedge,177,177,-11.294150203693782,0.0,0
vol_mismatch,no_hedge,178,178,2.8106773469827786,0.0,0
vol_mismatch,no_hedge,179,179,2.8106773469827786,0.0,0
vol_mismatch,no_hedge,180,180,-9.330970834245768,0.0,0
vol_mismatch,no_hedge,181,181,2.8106773469827786,0.0,0
vol_mismatch,no_hedge,182,182,0.11942458908429643,0.0,0
vol_mismatch,no_hedge,183,183,-5.486834016884821,0.0,0
vol_mismatch,no_hedge,184,184,-18.04971888806805,0.0,0
vol_mismatch,no_hedge,185,185,2.8106773469827786,0.0,0
vol_mismatch,no_hedge,186,186,2.8106773469827786,0.0,0
vol_mismatch,no_hedge,187,187,-1.7188033039688904,0.0,0
vol_mismatch,no_hedge,188,188,-10.09453604349168,0.0,0
vol_mismatch,no_hedge,189,189,2.8106773469827786,0.0,0
vol_mismatch,no_hedge,190,190,-0.20591503880857687,0.0,0
vol_mismatch,no_hedge,191,191,2.8106773469827786,0.0,0
vol_mismatch,no_hedge,192,192,-2.108709177390118,0.0,0
vol_mismatch,no_hedge,193,193,-3.7501162646772244,0.0,0
vol_mismatch,no_hedge,194,194,-0.5776121586180452,0.0,0
vol_mismatch,no_hedge,195,195,-8.910327730280464,0.0,0
vol_mismatch,no_hedge,196,196,-0.5838968773292592,0.0,0
vol_mismatch,no_hedge,197,197,2.8106773469827786,0.0,0
vol_mismatch,no_hedge,198,198,0.6041173468585228,0.0,0
vol_mismatch,no_hedge,199,199,2.8106773469827786,0.0,0
vol_mismatch,no_hedge,200,200,2.8106773469827786,0.0,0
vol_mismatch,no_hedge,201,201,2.8106773469827786,0.0,0
vol_mismatch,no_hedge,202,202,-2.6987471148610567,0.0,0
vol_mismatch,no_hedge,203,203,-6.176688042658277,0.0,0
vol_mismatch,no_hedge,204,204,-6.266732172805412,0.0,0
vol_mismatch,no_hedge,205,205,-4.051297121869901,0.0,0
vol_mismatch,no_hedge,206,206,-4.935229392891223,0.0,0
vol_mismatch,no_hedge,207,207,-9.60823964901872,0.0,0
vol_mismatch,no_hedge,208,208,-5.244339234006809,0.0,0
vol_mismatch,no_hedge,209,209,2.8106773469827786,0.0,0
vol_mismatch,no_hedge,210,210,2.8106773469827786,0.0,0
vol_mismatch,no_hedge,211,211,-7.413172619468348,0.0,0
vol_mismatch,no_hedge,212,212,-8.046326031993665,0.0,0
vol_mismatch,no_hedge,213,213,-1.946069721776091,0.0,0
vol_mismatch,no_hedge,214,214,-13.87208784193286,0.0,0
vol_mismatch,no_hedge,215,215,2.8106773469827786,0.0,0
vol_mismatch,no_hedge,216,216,-6.679241206199912,0.0,0
vol_mismatch,no_hedge,217,217,2.8106773469827786,0.0,0
vol_mismatch,no_hedge,218,218,2.8106773469827786,0.0,0
vol_mismatch,no_hedge,219,219,-1.518081325953851,0.0,0
vol_mismatch,no_hedge,220,220,-4.210902574115018,0.0,0
vol_mismatch,no_hedge,221,221,2.8106773469827786,0.0,0
vol_mismatch,no_hedge,222,222,-1.0969627071996584,0.0,0
vol_mismatch,no_hedge,223,223,2.8106773469827786,0.0,0
vol_mismatch,no_hedge,224,224,-4.862958446780802,0.0,0
vol_mismatch,no_hedge,225,225,2.8106773469827786,0.0,0
vol_mismatch,no_hedge,226,226,-4.855127664169807,0.0,0
vol_mismatch,no_hedge,227,227,-1.633043479714864,0.0,0
vol_mismatch,no_hedge,228,228,-8.166292703394468,0.0,0
vol_mismatch,no_hedge,229,229,-19.223337747633174,0.0,0
vol_mismatch,no_hedge,230,230,2.8106773469827786,0.0,0
vol_mismatch,no_hedge,231,231,-3.0113491351545676,0.0,0
vol_mismatch,no_hedge,232,232,-1.7797660379763656,0.0,0
vol_mismatch,no_hedge,233,233,-11.96504417039926,0.0,0
vol_mismatch,no_hedge,234,234,0.8493999950550304,0.0,0
vol_mismatch,no_hedge,235,235,2.8106773469827786,0.0,0
vol_mismatch,no_hedge,236,236,2.695865948591795,0.0,0
vol_mismatch,no_hedge,237,237,-17.674919159718847,0.0,0
vol_mismatch,no_hedge,238,238,-0.2872680993404302,0.0,0
vol_mismatch,no_hedge,239,239,-14.554171535882794,0.0,0
vol_mismatch,no_hedge,240,240,0.33635738448756314,0.0,0
vol_mismatch,no_hedge,241,241,-8.47995908975863,0.0,0
vol_mismatch,no_hedge,242,242,-13.430838072056723,0.0,0
vol_mismatch,no_hedge,243,243,2.8106773469827786,0.0,0
vol_mismatch,no_hedge,244,244,-11.586893729437854,0.0,0
vol_mismatch,no_hedge,245,245,2.8106773469827786,0.0,0
vol_mismatch,no_hedge,246,246,2.8106773469827786,0.0,0
vol_mismatch,no_hedge,247,247,2.8106773469827786,0.0,0
vol_mismatch,no_hedge,248,248,-17.580680267853346,0.0,0
vol_mismatch,no_hedge,249,249,-10.887939603127286,0.0,0
vol_mismatch,no_hedge,250,250,2.8106773469827786,0.0,0
vol_mismatch,no_hedge,251,251,2.8106773469827786,0.0,0
vol_mismatch,no_hedge,252,252,0.8730767023127086,0.0,0
vol_mismatch,no_hedge,253,253,2.8106773469827786,0.0,0
vol_mismatch,no_hedge,254,254,2.8106773469827786,0.0,0
vol_mismatch,no_hedge,255,255,-0.7002131522034389,0.0,0
vol_mismatch,no_hedge,256,256,2.8106773469827786,0.0,0
vol_mismatch,no_hedge,257,257,2.8106773469827786,0.0,0
vol_mismatch,no_hedge,258,258,2.8106773469827786,0.0,0
vol_mismatch,no_hedge,259,259,-9.95808550247444,0.0,0
vol_mismatch,no_hedge,260,260,-5.282134148633638,0.0,0
vol_mismatch,no_hedge,261,261,2.8106773469827786,0.0,0
vol_mismatch,no_hedge,262,262,-14.77453819875705,0.0,0
vol_mismatch,no_hedge,263,263,-0.8662368469102475,0.0,0
vol_mismatch,no_hedge,264,264,-5.728853979589736,0.0,0
vol_mismatch,no_hedge,265,265,2.8106773469827786,0.0,0
vol_mismatch,no_hedge,266,266,1.2821503237128198,0.0,0
vol_mismatch,no_hedge,267,267,2.8106773469827786,0.0,0
vol_mismatch,no_hedge,268,268,-12.25929319580144,0.0,0
vol_mismatch,no_hedge,269,269,-26.216859675364184,0.0,0
vol_mismatch,no_hedge,270,270,0.08433141172033487,0.0,0
vol_mismatch,no_hedge,271,271,2.8106773469827786,0.0,0
vol_mismatch,no_hedge,272,272,-4.244417279693728,0.0,0
vol_mismatch,no_hedge,273,273,2.8106773469827786,0.0,0
vol_mismatch,no_hedge,274,274,2.8106773469827786,0.0,0
vol_mismatch,no_hedge,275,275,-11.213905946127262,0.0,0
vol_mismatch,no_hedge,276,276,2.8106773469827786,0.0,0
vol_mismatch,no_hedge,277,277,2.8106773469827786,0.0,0
vol_mismatch,no_hedge,278,278,2.8106773469827786,0.0,0
vol_mismatch,no_hedge,279,279,2.8106773469827786,0.0,0
vol_mismatch,no_hedge,280,280,2.8106773469827786,0.0,0
vol_mismatch,no_hedge,281,281,2.8106773469827786,0.0,0
vol_mismatch,no_hedge,282,282,2.8106773469827786,0.0,0
vol_mismatch,no_hedge,283,283,-0.14967722824579965,0.0,0
vol_mismatch,no_hedge,284,284,-18.965867115014213,0.0,0
vol_mismatch,no_hedge,285,285,2.8106773469827786,0.0,0
vol_mismatch,no_hedge,286,286,-10.499657311840274,0.0,0
vol_mismatch,no_hedge,287,287,2.8106773469827786,0.0,0
vol_mismatch,no_hedge,288,288,-1.3238418725196865,0.0,0
vol_mismatch,no_hedge,289,289,-25.666266493943986,0.0,0
vol_mismatch,no_hedge,290,290,-9.016342400476468,0.0,0
vol_mismatch,no_hedge,291,291,-1.4968662030544877,0.0,0
vol_mismatch,no_hedge,292,292,2.8106773469827786,0.0,0
vol_mismatch,no_hedge,293,293,2.8106773469827786,0.0,0
vol_mismatch,no_hedge,294,294,2.8106773469827786,0.0,0
vol_mismatch,no_hedge,295,295,2.8106773469827786,0.0,0
vol_mismatch,no_hedge,296,296,2.8106773469827786,0.0,0
vol_mismatch,no_hedge,297,297,2.8106773469827786,0.0,0
vol_mismatch,no_hedge,298,298,2.8106773469827786,0.0,0
vol_mismatch,no_hedge,299,299,2.8106773469827786,0.0,0
vol_mismatch,no_hedge,300,300,2.8106773469827786,0.0,0
vol_mismatch,no_hedge,301,301,2.8106773469827786,0.0,0
vol_mismatch,no_hedge,302,302,-1.9498967266462515,0.0,0
vol_mismatch,no_hedge,303,303,2.8106773469827786,0.0,0
vol_mismatch,no_hedge,304,304,-1.4368447633550758,0.0,0
vol_mismatch,no_hedge,305,305,2.8106773469827786,0.0,0
vol_mismatch,no_hedge,306,306,-11.108307903340254,0.0,0
vol_mismatch,no_hedge,307,307,-16.137867556647514,0.0,0
vol_mismatch,no_hedge,308,308,2.8106773469827786,0.0,0
vol_mismatch,no_hedge,309,309,-12.889025726862478,0.0,0
vol_mismatch,no_hedge,310,310,2.8106773469827786,0.0,0
vol_mismatch,no_hedge,311,311,-5.66619132027521,0.0,0
vol_mismatch,no_hedge,312,312,1.0611673673607598,0.0,0
vol_mismatch,no_hedge,313,313,-0.826584934311505,0.0,0
vol_mismatch,no_hedge,314,314,0.5455197343457812,0.0,0
vol_mismatch,no_hedge,315,315,2.8106773469827786,0.0,0
vol_mismatch,no_hedge,316,316,1.1598244065880223,0.0,0
vol_mismatch,no_hedge,317,317,-12.47509383729372,0.0,0
vol_mismatch,no_hedge,318,318,2.8106773469827786,0.0,0
vol_mismatch,no_hedge,319,319,2.8106773469827786,0.0,0
vol_mismatch,no_hedge,320,320,-14.421223096242947,0.0,0
vol_mismatch,no_hedge,321,321,2.8106773469827786,0.0,0
vol_mismatch,no_hedge,322,322,-2.0553797811344836,0.0,0
vol_mismatch,no_hedge,323,323,-22.659423282964205,0.0,0
vol_mismatch,no_hedge,324,324,-19.466007020547487,0.0,0
vol_mismatch,no_hedge,325,325,2.8106773469827786,0.0,0
vol_mismatch,no_hedge,326,326,2.8106773469827786,0.0,0
vol_mismatch,no_hedge,327,327,2.542291670735004,0.0,0
vol_mismatch,no_hedge,328,328,2.8106773469827786,0.0,0
vol_mismatch,no_hedge,329,329,2.8106773469827786,0.0,0
vol_mismatch,no_hedge,330,330,-11.140819732743559,0.0,0
vol_mismatch,no_hedge,331,331,-7.25015911395699,0.0,0
vol_mismatch,no_hedge,332,332,2.8106773469827786,0.0,0
vol_mismatch,no_hedge,333,333,-12.222437246808703,0.0,0
vol_mismatch,no_hedge,334,334,2.8106773469827786,0.0,0
vol_mismatch,no_hedge,335,335,-1.6447814502569642,0.0,0
vol_mismatch,no_hedge,336,336,2.8106773469827786,0.0,0
vol_mismatch,no_hedge,337,337,-2.02303378063268,0.0,0
vol_mismatch,no_hedge,338,338,2.8106773469827786,0.0,0
vol_mismatch,no_hedge,339,339,1.9235172957089546,0.0,0
vol_mismatch,no_hedge,340,340,2.8106773469827786,0.0,0
vol_mismatch,no_hedge,341,341,-9.803426444745632,0.0,0
vol_mismatch,no_hedge,342,342,-3.2517281530827304,0.0,0
vol_mismatch,no_hedge,343,343,-16.723976434984316,0.0,0
vol_mismatch,no_hedge,344,344,0.5216408499291916,0.0,0
vol_mismatch,no_hedge,345,345,-2.7961596677715264,0.0,0
vol_mismatch,no_hedge,346,346,2.8106773469827786,0.0,0
vol_mismatch,no_hedge,347,347,2.8106773469827786,0.0,0
vol_mismatch,no_hedge,348,348,-11.134177196731322,0.0,0
vol_mismatch,no_hedge,349,349,2.8106773469827786,0.0,0
vol_mismatch,no_hedge,350,350,2.238593568131627,0.0,0
vol_mismatch,no_hedge,351,351,2.8106773469827786,0.0,0
vol_mismatch,no_hedge,352,352,2.810614432133427,0.0,0
vol_mismatch,no_hedge,353,353,2.8106773469827786,0.0,0
vol_mismatch,no_hedge,354,354,2.8106773469827786,0.0,0
vol_mismatch,no_hedge,355,355,-7.710152466974002,0.0,0
vol_mismatch,no_hedge,356,356,2.8106773469827786,0.0,0
vol_mismatch,no_hedge,357,357,-9.555893836020822,0.0,0
vol_mismatch,no_hedge,358,358,-12.1655350394824,0.0,0
vol_mismatch,no_hedge,359,359,-13.901824510958825,0.0,0
vol_mismatch,no_hedge,360,360,2.8106773469827786,0.0,0
vol_mismatch,no_hedge,361,361,2.8106773469827786,0.0,0
vol_mismatch,no_hedge,362,362,-2.7964861038700874,0.0,0
vol_mismatch,no_hedge,363,363,2.8106773469827786,0.0,0
vol_mismatch,no_hedge,364,364,-12.705333787409096,0.0,0
vol_mismatch,no_hedge,365,365,2.8106773469827786,0.0,0
vol_mismatch,no_hedge,366,366,-4.452456302826569,0.0,0
vol_mismatch,no_hedge,367,367,-2.5629963679595633,0.0,0
vol_mismatch,no_hedge,368,368,-6.904096478652399,0.0,0
vol_mismatch,no_hedge,369,369,2.8106773469827786,0.0,0
vol_mismatch,no_hedge,370,370,2.197881269991136,0.0,0
vol_mismatch,no_hedge,371,371,2.8106773469827786,0.0,0
vol_mismatch,no_hedge,372,372,-0.6250694517057767,0.0,0
vol_mismatch,no_hedge,373,373,2.8106773469827786,0.0,0
vol_mismatch,no_hedge,374,374,2.8106773469827786,0.0,0
vol_mismatch,no_hedge,375,375,-18.875158799527078,0.0,0
vol_mismatch,no_hedge,376,376,-0.6038488386088616,0.0,0
vol_mismatch,no_hedge,377,377,-0.0719950233766653,0.0,0
vol_mismatch,no_hedge,378,378,2.8106773469827786,0.0,0
vol_mismatch,no_hedge,379,379,2.8106773469827786,0.0,0
vol_mismatch,no_hedge,380,380,2.8106773469827786,0.0,0
vol_mismatch,no_hedge,381,381,2.8106773469827786,0.0,0
vol_mismatch,no_hedge,382,382,-6.233599896771942,0.0,0
vol_mismatch,no_hedge,383,383,2.8106773469827786,0.0,0
vol_mismatch,no_hedge,384,384,-4.472252342401326,0.0,0
vol_mismatch,no_hedge,385,385,-1.0589933451477904,0.0,0
vol_mismatch,no_hedge,386,386,2.8106773469827786,0.0,0
vol_mismatch,no_hedge,387,387,-9.819742092636751,0.0,0
vol_mismatch,no_hedge,388,388,-11.598561837496,0.0,0
vol_mismatch,no_hedge,389,389,-2.637225718926679,0.0,0
vol_mismatch,no_hedge,390,390,1.6601506443699847,0.0,0
vol_mismatch,no_hedge,391,391,2.8106773469827786,0.0,0
vol_mismatch,no_hedge,392,392,-3.11583611320507,0.0,0
vol_mismatch,no_hedge,393,393,2.8106773469827786,0.0,0
vol_mismatch,no_hedge,394,394,2.8106773469827786,0.0,0
vol_mismatch,no_hedge,395,395,2.8106773469827786,0.0,0
vol_mismatch,no_hedge,396,396,2.7142921613841438,0.0,0
vol_mismatch,no_hedge,397,397,2.8106773469827786,0.0,0
vol_mismatch,no_hedge,398,398,2.8106773469827786,0.0,0
vol_mismatch,no_hedge,399,399,1.7476884020396781,0.0,0
vol_mismatch,no_hedge,400,400,2.8106773469827786,0.0,0
vol_mismatch,no_hedge,401,401,-4.355962663517737,0.0,0
vol_mismatch,no_hedge,402,402,0.38425232390751063,0.0,0
vol_mismatch,no_hedge,403,403,-6.061857306326765,0.0,0
vol_mismatch,no_hedge,404,404,2.8106773469827786,0.0,0
vol_mismatch,no_hedge,405,405,-9.816390223834482,0.0,0
vol_mismatch,no_hedge,406,406,-5.345772294895362,0.0,0
vol_mismatch,no_hedge,407,407,2.8106773469827786,0.0,0
vol_mismatch,no_hedge,408,408,-7.01404100350161,0.0,0
vol_mismatch,no_hedge,409,409,2.8106773469827786,0.0,0
vol_mismatch,no_hedge,410,410,2.8106773469827786,0.0,0
vol_mismatch,no_hedge,411,411,2.7459526495490323,0.0,0
vol_mismatch,no_hedge,412,412,2.8106773469827786,0.0,0
vol_mismatch,no_hedge,413,413,2.758561844825998,0.0,0
vol_mismatch,no_hedge,414,414,-1.3602786278888956,0.0,0
vol_mismatch,no_hedge,415,415,2.1073695030711335,0.0,0
vol_mismatch,no_hedge,416,416,2.8106773469827786,0.0,0
vol_mismatch,no_hedge,417,417,2.80881284173406,0.0,0
vol_mismatch,no_hedge,418,418,2.8106773469827786,0.0,0
vol_mismatch,no_hedge,419,419,2.8106773469827786,0.0,0
vol_mismatch,no_hedge,420,420,-0.38197392472678615,0.0,0
vol_mismatch,no_hedge,421,421,-0.522393517188867,0.0,0
vol_mismatch,no_hedge,422,422,-7.388201564676017,0.0,0
vol_mismatch,no_hedge,423,423,2.8106773469827786,0.0,0
vol_mismatch,no_hedge,424,424,-16.424214692359946,0.0,0
vol_mismatch,no_hedge,425,425,-0.1960684296236579,0.0,0
vol_mismatch,no_hedge,426,426,2.8106773469827786,0.0,0
vol_mismatch,no_hedge,427,427,2.8106773469827786,0.0,0
vol_mismatch,no_hedge,428,428,2.8106773469827786,0.0,0
vol_mismatch,no_hedge,429,429,2.8106773469827786,0.0,0
vol_mismatch,no_hedge,430,430,0.20245799343509674,0.0,0
vol_mismatch,no_hedge,431,431,1.392404046902577,0.0,0
vol_mismatch,no_hedge,432,432,2.8106773469827786,0.0,0
vol_mismatch,no_hedge,433,433,2.8106773469827786,0.0,0
vol_mismatch,no_hedge,434,434,-3.0836724774925344,0.0,0
vol_mismatch,no_hedge,435,435,-7.938294282279422,0.0,0
vol_mismatch,no_hedge,436,436,-9.278098680098147,0.0,0
vol_mismatch,no_hedge,437,437,2.4579631491666376,0.0,0
vol_mismatch,no_hedge,438,438,2.8106773469827786,0.0,0
vol_mismatch,no_hedge,439,439,-6.300317961806265,0.0,0
vol_mismatch,no_hedge,440,440,-5.308415660797429,0.0,0
vol_mismatch,no_hedge,441,441,-0.2627700719640913,0.0,0
vol_mismatch,no_hedge,442,442,-17.683213124290354,0.0,0
vol_mismatch,no_hedge,443,443,2.8106773469827786,0.0,0
vol_mismatch,no_hedge,444,444,2.8106773469827786,0.0,0
vol_mismatch,no_hedge,445,445,-26.525641614202463,0.0,0
vol_mismatch,no_hedge,446,446,2.8106773469827786,0.0,0
vol_mismatch,no_hedge,447,447,0.44832196551312364,0.0,0
vol_mismatch,no_hedge,448,448,2.8106773469827786,0.0,0
vol_mismatch,no_hedge,449,449,2.8106773469827786,0.0,0
vol_mismatch,delta,0,0,-1.7716414360404376,0.2110363383830028,30
vol_mismatch,delta,1,1,-3.6957999368155665,0.30028257494210353,30
vol_mismatch,delta,2,2,-2.8299112164349283,0.42121209260404124,30
vol_mismatch,delta,3,3,1.4656602296545458,0.2204128578434019,30
vol_mismatch,delta,4,4,0.7267257410426241,0.4120821110802313,30
vol_mismatch,delta,5,5,-0.7531623868631283,0.26340180679720154,30
vol_mismatch,delta,6,6,-3.4938697446370384,0.1966666986863672,30
vol_mismatch,delta,7,7,-1.1536216805309292,0.17106664062862192,26
vol_mismatch,delta,8,8,0.4108393563614188,0.2987624775413876,30
vol_mismatch,delta,9,9,-1.6809751172757075,0.269103621084166,30
vol_mismatch,delta,10,10,-0.33091470413887086,0.16218764198531466,26
vol_mismatch,delta,11,11,-3.5696100440614975,0.2829535849861067,30
vol_mismatch,delta,12,12,-2.312246898515255,0.27401438496325836,30
vol_mismatch,delta,13,13,1.505405122099205,0.254949219325942,26
vol_mismatch,delta,14,14,-1.2393663534672967,0.4256602448300402,30
vol_mismatch,delta,15,15,-1.86611264761342,0.24519397347268326,30
vol_mismatch,delta,16,16,-0.6966618108044855,0.2976196946757183,30
vol_mismatch,delta,17,17,-1.626456711004397,0.13452451842189672,29
vol_mismatch,delta,18,18,-0.5394807610915393,0.1648914538726367,26
vol_mismatch,delta,19,19,-3.2540727337934725,0.3398639601435433,30
vol_mismatch,delta,20,20,-3.276507324230613,0.23521048101841865,29
vol_mismatch,delta,21,21,-4.761513890469288,0.31614546358664863,29
vol_mismatch,delta,22,22,-3.0558020976870988,0.42837653555678384,30
vol_mismatch,delta,23,23,-0.7887723792530466,0.23455607586874538,30
vol_mismatch,delta,24,24,-0.9790504264160428,0.3069096196462031,30
vol_mismatch,delta,25,25,-2.2110066912217405,0.22563769779138537,30
vol_mismatch,delta,26,26,-2.600822273677352,0.41206951272126846,30
vol_mismatch,delta,27,27,-2.277769277855571,0.18875658311617852,28
vol_mismatch,delta,28,28,-0.575216990657907,0.32915217250132456,30
vol_mismatch,delta,29,29,-2.7010173956006156,0.21371901495588297,30
vol_mismatch,delta,30,30,-0.7472720780792059,0.15871889069002665,30
vol_mismatch,delta,31,31,-1.972501618396329,0.268480140843267,30
vol_mismatch,delta,32,32,-3.722841911703086,0.3216932972908828,30
vol_mismatch,delta,33,33,0.2075962796443987,0.32817721090637025,30
vol_mismatch,delta,34,34,0.9451245311391148,0.2560973948065939,30
vol_mismatch,delta,35,35,-1.9668843726181784,0.3886380341776453,30
vol_mismatch,delta,36,36,0.004391134633343305,0.22133016143183976,30
vol_mismatch,delta,37,37,-1.6215720906297622,0.26255023954967777,30
vol_mismatch,delta,38,38,-2.754055082224667,0.27613847593734875,30
vol_mismatch,delta,39,39,-1.4148106389206578,0.35287132114269815,30
vol_mismatch,delta,40,40,0.4069531819866478,0.15406326124675201,30
vol_mismatch,delta,41,41,-2.10494919368179,0.3511206276714651,30
vol_mismatch,delta,42,42,-1.1490433293765676,0.31160868901263805,30
vol_mismatch,delta,43,43,-1.5865010585759094,0.23312347977854836,30
vol_mismatch,delta,44,44,-0.23922805043967799,0.21584332725677083,30
vol_mismatch,delta,45,45,-0.5262373719422252,0.2039017814062899,29
vol_mismatch,delta,46,46,-3.0062450205951237,0.3191155539702074,30
vol_mismatch,delta,47,47,-5.604346863301964,0.2686844686658734,30
vol_mismatch,delta,48,48,-1.9389076387397637,0.1487592823951373,29
vol_mismatch,delta,49,49,-4.655484583696364,0.2682499775472786,27
vol_mismatch,delta,50,50,-1.343659335389673,0.19540673768912037,25
vol_mismatch,delta,51,51,-0.8529476945324319,0.4897713517624743,30
vol_mismatch,delta,52,52,-1.1210197646013853,0.27095122059154847,30
vol_mismatch,delta,53,53,-1.098042700202015,0.24682850808222073,29
vol_mismatch,delta,54,54,0.09779648796137508,0.26861658741433436,29
vol_mismatch,delta,55,55,-0.26429696732836305,0.43642655738839764,30
vol_mismatch,delta,56,56,-3.2758564056188675,0.22358224722800452,29
vol_mismatch,delta,57,57,-2.228377137822548,0.2321575118887451,30
vol_mismatch,delta,58,58,-1.4211088472789288,0.11002141162009088,28
vol_mismatch,delta,59,59,-3.2060093028772485,0.16475009717494146,29
vol_mismatch,delta,60,60,-1.1972253114656013,0.1711383965973276,27
vol_mismatch,delta,61,61,-2.238974417050658,0.4162043462663865,30
vol_mismatch,delta,62,62,0.42614519403230283,0.10119588386640183,30
vol_mismatch,delta,63,63,-3.63001589046911,0.14153839144291075,23
vol_mismatch,delta,64,64,-1.373179857114983,0.23875458823857798,30
vol_mismatch,delta,65,65,-2.964452506516828,0.3644358506038736,30
vol_mismatch,delta,66,66,-2.7008646546055908,0.34120950663743593,30
vol_mismatch,delta,67,67,-0.7277866965584678,0.37417985771699197,30
vol_mismatch,delta,68,68,-1.433161220970021,0.1631109309117879,28
vol_mismatch,delta,69,69,-1.1525655431956778,0.18909808586679563,28
vol_mismatch,delta,70,70,1.694232840268171,0.2690079833902805,28
vol_mismatch,delta,71,71,0.10064646062941307,0.33977527065443414,30
vol_mismatch,delta,72,72,-1.4008292917070406,0.3569034640535686,30
vol_mismatch,delta,73,73,-1.8043373659324655,0.22855233411317055,30
vol_mismatch,delta,74,74,-1.6982033959314577,0.20560408979728947,30
vol_mismatch,delta,75,75,-2.075096269576676,0.2139486051446504,30
vol_mismatch,delta,76,76,-2.8279722802752616,0.15257590101726307,29
vol_mismatch,delta,77,77,-0.9314904051664515,0.3177103823472935,28
vol_mismatch,delta,78,78,-1.562310986805187,0.1540182772388152,22
vol_mismatch,delta,79,79,0.02468033382887247,0.32889386050086905,30
vol_mismatch,delta,80,80,-0.8184633437218798,0.2930641127129719,30
vol_mismatch,delta,81,81,-1.4135302297005694,0.12716517210471995,27
vol_mismatch,delta,82,82,-1.7912422088377922,0.23157847122180952,29
vol_mismatch,delta,83,83,-0.6493216166624336,0.2759907209492577,30
vol_mismatch,delta,84,84,0.023251592170545902,0.16751280829963758,30
vol_mismatch,delta,85,85,0.13631339747999854,0.1412975417701754,28
vol_mismatch,delta,86,86,-2.5703407314060343,0.3338730569670089,30
vol_mismatch,delta,87,87,-1.19889721190431,0.3033324317926364,30
vol_mismatch,delta,88,88,-1.6094405306031092,0.3567628323999466,30
vol_mismatch,delta,89,89,-1.7262294443927857,0.34688406811120676,30
vol_mismatch,delta,90,90,-0.5777471682205118,0.13834166524294636,30
vol_mismatch,delta,91,91,-1.8815965545292386,0.21549011027277834,28
vol_mismatch,delta,92,92,-0.36764527968940164,0.1381182831655557,30
vol_mismatch,delta,93,93,-0.8437986438652985,0.18615115444045888,29
vol_mismatch,delta,94,94,-1.23129896212643,0.14464088892546248,28
vol_mismatch,delta,95,95,-1.184559281643736,0.27493977251482743,30
vol_mismatch,delta,96,96,-2.4355432395164627,0.28400615478818914,30
vol_mismatch,delta,97,97,-2.204374394447532,0.15746797312281655,29
vol_mismatch,delta,98,98,0.9651758539481676,0.17588906599269324,28
vol_mismatch,delta,99,99,0.13785210071674214,0.24502230853039378,30
vol_mismatch,delta,100,100,-1.067520369463864,0.15601303818335283,30
vol_mismatch,delta,101,101,-2.252353311913623,0.38379627339123557,30
vol_mismatch,delta,102,102,-3.7041825792420013,0.22036069944713546,30
vol_mismatch,delta,103,103,0.8860484256838211,0.14087278305938186,28
vol_mismatch,delta,104,104,-0.7226772285328451,0.1627542826754233,26
vol_mismatch,delta,105,105,-4.2337047041241505,0.2635462012223229,30
vol_mismatch,delta,106,106,0.009249989017703797,0.30062196860699875,30
vol_mismatch,delta,107,107,-0.03913315703443798,0.44078923517917373,30
vol_mismatch,delta,108,108,-1.5003588920989728,0.2026325022613479,27
vol_mismatch,delta,109,109,-2.058318964095349,0.22478478857084191,30
vol_mismatch,delta,110,110,-4.877652949778934,0.3528724344132384,30
vol_mismatch,delta,111,111,-0.7166207242236597,0.26849931261391885,30
vol_mismatch,delta,112,112,-1.3429089182599938,0.3984162814602921,30
vol_mismatch,delta,113,113,-5.46930302328515,0.3298084936124194,30
vol_mismatch,delta,114,114,-2.3257658246187725,0.25419219706723745,30
vol_mismatch,delta,115,115,0.9413074708150222,0.11695060384333907,27
vol_mismatch,delta,116,116,-2.6423943256238567,0.3154116460251362,30
vol_mismatch,delta,117,117,-0.8552337866924148,0.3208772173093123,30
vol_mismatch,delta,118,118,-2.8857182246425594,0.35519814606376027,30
vol_mismatch,delta,119,119,-2.7293408898979235,0.19011289710237336,30
vol_mismatch,delta,120,120,-0.7785829628802077,0.2933379771100258,30
vol_mismatch,delta,121,121,-1.8353059980800268,0.31728032665159944,30
vol_mismatch,delta,122,122,0.6129993345403788,0.19474823051189857,30
vol_mismatch,delta,123,123,-0.32679958072557724,0.25090003765882996,28
vol_mismatch,delta,124,124,-0.7973597058595354,0.30533924812110047,30
vol_mismatch,delta,125,125,1.3807266375458545,0.0975949206324565,23
vol_mismatch,delta,126,126,-3.423325429576704,0.22322863030264936,29
vol_mismatch,delta,127,127,2.00106143034953,0.3803938721631937,30
vol_mismatch,delta,128,128,-0.6160636456051378,0.27089830337422366,30
vol_mismatch,delta,129,129,-2.3056998096221264,0.3217819546069079,30
vol_mismatch,delta,130,130,-1.5720901668478982,0.20774051986468842,30
vol_mismatch,delta,131,131,-3.22737904265324,0.21219907272927302,29
vol_mismatch,delta,132,132,-0.7613770399257579,0.16529161584798024,29
vol_mismatch,delta,133,133,-5.626361880279177,0.3026994640403047,30
vol_mismatch,delta,134,134,-0.6776940219380596,0.13767325355528642,29
vol_mismatch,delta,135,135,-1.535518056841994,0.3688526526257215,30
vol_mismatch,delta,136,136,0.5780678149410647,0.29425506836527215,30
vol_mismatch,delta,137,137,-0.3633740323857232,0.1636374468539695,26
vol_mismatch,delta,138,138,-0.61747626048713,0.14542265202852217,28
vol_mismatch,delta,139,139,-0.5566412196061771,0.3410408965074344,30
vol_mismatch,delta,140,140,-2.2478305287934006,0.31436036445777993,30
vol_mismatch,delta,141,141,-3.680023325221983,0.3729349686630166,30
vol_mismatch,delta,142,142,0.3019659634025006,0.35971059603002514,30
vol_mismatch,delta,143,143,-3.605346108136956,0.2823018696634248,30
vol_mismatch,delta,144,144,-0.9024814732399449,0.21702695150158355,30
vol_mismatch,delta,145,145,-1.8701080879293839,0.15922075915720232,30
vol_mismatch,delta,146,146,-0.8792595761134034,0.11633239872698854,22
vol_mismatch,delta,147,147,-3.403538956074682,0.2718707461891641,30
vol_mismatch,delta,148,148,-5.684843297309129,0.3229380788634215,30
vol_mismatch,delta,149,149,-0.7575348302781464,0.20444363930621762,30
vol_mismatch,delta,150,150,-3.299531024358962,0.3809160236603871,30
vol_mismatch,delta,151,151,0.005824582785734833,0.2615388095240993,30
vol_mismatch,delta,152,152,-0.7541960293889644,0.17305601406396018,30
vol_mismatch,delta,153,153,-0.7203079921841283,0.2693439703390254,30
vol_mismatch,delta,154,154,-0.29913294603078283,0.1862056236389842,29
vol_mismatch,delta,155,155,0.33809332394997493,0.24370738575833248,29
vol_mismatch,delta,156,156,-1.6752977699484148,0.31507687014601743,30
vol_mismatch,delta,157,157,-0.7902241652389403,0.2767239643833389,28
vol_mismatch,delta,158,158,-0.3880876314399921,0.14586513270764898,26
vol_mismatch,delta,159,159,0.5405233944875603,0.2686403657129011,30
vol_mismatch,delta,160,160,-1.4496924920251786,0.18765469863900205,26
vol_mismatch,delta,161,161,-3.0367253570139496,0.15153250213452793,25
vol_mismatch,delta,162,162,-1.5407753439400913,0.252346434061235,30
vol_mismatch,delta,163,163,-1.569386539021437,0.12249448215957838,27
vol_mismatch,delta,164,164,-3.4659372037095615,0.4033961480963097,30
vol_mismatch,delta,165,165,-2.947077890458985,0.3759742767952107,30
vol_mismatch,delta,166,166,-4.0834589457348756,0.214085620900096,23
vol_mismatch,delta,167,167,0.007140645307643467,0.34561973903515725,30
vol_mismatch,delta,168,168,-1.701990998099653,0.2299718005175718,30
vol_mismatch,delta,169,169,-2.3450349929330088,0.2859988851348403,30
vol_mismatch,delta,170,170,-3.0237151707427756,0.13320619428278113,30
vol_mismatch,delta,171,171,-0.8455680915046244,0.23598424096021228,30
vol_mismatch,delta,172,172,0.621361467635154,0.36096217446910706,30
vol_mismatch,delta,173,173,-1.7356689992338024,0.27944863022474975,30
vol_mismatch,delta,174,174,-1.338934719514863,0.1528849820774198,28
vol_mismatch,delta,175,175,-1.8883786966331257,0.17353181783079072,26
vol_mismatch,delta,176,176,-2.089714567290417,0.16505955251783122,30
vol_mismatch,delta,177,177,-0.40232434791825256,0.1891767118292212,28
vol_mismatch,delta,178,178,-0.8436360913245904,0.1318376361033776,29
vol_mismatch,delta,179,179,-2.0353126209232197,0.27693771153195007,30
vol_mismatch,delta,180,180,-1.6664738537860302,0.42202245728827564,30
vol_mismatch,delta,181,181,-0.035115123941797055,0.22917621805326455,30
vol_mismatch,delta,182,182,-2.9814475899391795,0.3922031329952232,30
vol_mismatch,delta,183,183,-4.949858214449108,0.38995611696771704,30
vol_mismatch,delta,184,184,-1.6370347989806504,0.1424084038953655,27
vol_mismatch,delta,185,185,-2.584254889745882,0.37774647936874894,30
vol_mismatch,delta,186,186,-2.070588445447578,0.1952946532492618,28
vol_mismatch,delta,187,187,-2.8727695811472813,0.24427542076474865,30
vol_mismatch,delta,188,188,-0.847388312053738,0.271929293472733,30
vol_mismatch,delta,189,189,-1.6879614138475603,0.30177437238198146,30
vol_mismatch,delta,190,190,-9.82891617025983,0.5550651382675859,30
vol_mismatch,delta,191,191,-0.5376699031063541,0.22047860152919718,30
vol_mismatch,delta,192,192,-2.077565572893903,0.25105722869249897,30
vol_mismatch,delta,193,193,-1.6720716012690247,0.1443435899192774,28
vol_mismatch,delta,194,194,-1.8150646392867174,0.15315737748505245,30
vol_mismatch,delta,195,195,-2.9361154454656173,0.28184310364479903,30
vol_mismatch,delta,196,196,-3.4064457993256667,0.3687702306431949,30
vol_mismatch,delta,197,197,-1.8270185093616802,0.3365295189823739,30
vol_mismatch,delta,198,198,1.1474481755726913,0.33343803136465533,30
vol_mismatch,delta,199,199,-2.2866003575692453,0.174776877116127,30
vol_mismatch,delta,200,200,-0.11019918754590297,0.1965051887225439,30
vol_mismatch,delta,201,201,-2.300217073422344,0.3083992259409848,30
vol_mismatch,delta,202,202,-0.9566682215904763,0.262037435498227,30
vol_mismatch,delta,203,203,-2.850226584791983,0.32033293724545114,30
vol_mismatch,delta,204,204,-2.813148697824971,0.31306072342105684,29
vol_mismatch,delta,205,205,-3.4805024008480956,0.10705772982477109,30
vol_mismatch,delta,206,206,-1.9365736281154113,0.27138241429757254,30
vol_mismatch,delta,207,207,-2.6461391850480283,0.3334696419582566,29
vol_mismatch,delta,208,208,-1.649670871060124,0.28199330603619016,30
vol_mismatch,delta,209,209,-0.5018805659846823,0.11449758193949391,28
vol_mismatch,delta,210,210,-2.5958595092339523,0.313139833769655,30
vol_mismatch,delta,211,211,-2.171733180905349,0.26223741125897126,30
vol_mismatch,delta,212,212,1.356837640965054,0.21534666243552467,30
vol_mismatch,delta,213,213,-1.326884894723122,0.35747250063273733,30
vol_mismatch,delta,214,214,-0.8415971815698526,0.1456544865839447,26
vol_mismatch,delta,215,215,-1.1134206159905184,0.18020085906177546,29
vol_mismatch,delta,216,216,-3.6851060527491484,0.12613035601328546,30
vol_mismatch,delta,217,217,0.2621283095022502,0.31719352243569277,30
vol_mismatch,delta,218,218,0.07283080035541199,0.1605308335672168,26
vol_mismatch,delta,219,219,-1.5668452823847048,0.3724251964303965,30
vol_mismatch,delta,220,220,-0.8926396626043243,0.17611947863139651,30
vol_mismatch,delta,221,221,-0.8324994323126904,0.39818472115658604,30
vol_mismatch,delta,222,222,-6.427742423039177,0.4351831424015301,30
vol_mismatch,delta,223,223,-0.9911099611241904,0.2428361617514886,30
vol_mismatch,delta,224,224,-2.3803077810130446,0.3009524603748674,30
vol_mismatch,delta,225,225,-1.0833158026905354,0.1959071421202186,29
vol_mismatch,delta,226,226,-2.9702387861231045,0.26025480199593665,29
vol_mismatch,delta,227,227,-1.01889585826072,0.20269411829703723,30
vol_mismatch,delta,228,228,-3.8394139226896584,0.24456223321352388,29
vol_mismatch,delta,229,229,-0.8513290026599662,0.16560663654123944,24
vol_mismatch,delta,230,230,-2.6732053171109347,0.3008368021154256,30
vol_mismatch,delta,231,231,-3.686704821968135,0.3318469464310773,30
vol_mismatch,delta,232,232,-2.0315630681681256,0.32698310793510593,30
vol_mismatch,delta,233,233,-3.651360347976393,0.1636278033384156,27
vol_mismatch,delta,234,234,-3.1069128797135264,0.37228363320707747,30
vol_mismatch,delta,235,235,-3.0786994871854914,0.33506690782892357,30
vol_mismatch,delta,236,236,-4.501209107599237,0.34212265554576576,30
vol_mismatch,delta,237,237,-0.9267472744706851,0.14524651204483505,26
vol_mismatch,delta,238,238,0.7018897889702345,0.2560861530109783,30
vol_mismatch,delta,239,239,-1.5274561492201144,0.2342254831062421,26
vol_mismatch,delta,240,240,0.3718430248521969,0.3841884538778609,30
vol_mismatch,delta,241,241,-1.94538321632092,0.267018132271275,30
vol_mismatch,delta,242,242,-0.7475733933662667,0.22393231616013207,25
vol_mismatch,delta,243,243,-1.834878271740493,0.30633978483015056,30
vol_mismatch,delta,244,244,-1.8246862778859594,0.15494497147956798,29
vol_mismatch,delta,245,245,-3.978552975094975,0.3588492248500243,30
vol_mismatch,delta,246,246,-0.4454345836909945,0.19688363085623484,28
vol_mismatch,delta,247,247,-6.687074111991022,0.3970624921374863,30
vol_mismatch,delta,248,248,-2.5384606519867674,0.1875712771305594,27
vol_mismatch,delta,249,249,-3.2612690356866665,0.15226275757112384,29
vol_mismatch,delta,250,250,-1.0978106137167956,0.22815451671866155,30
vol_mismatch,delta,251,251,-0.8030698282715306,0.20800278976757813,30
vol_mismatch,delta,252,252,1.2282721264362522,0.34808078093313416,30
vol_mismatch,delta,253,253,-2.2822267633463866,0.28675772269031197,30
vol_mismatch,delta,254,254,-0.8169336516705242,0.10012425725919728,22
vol_mismatch,delta,255,255,0.03745134391830618,0.34494408780352337,30
vol_mismatch,delta,256,256,-3.1549296389503576,0.300676349203489,30
vol_mismatch,delta,257,257,-0.8866161968380799,0.21791504100198192,30
vol_mismatch,delta,258,258,-0.4095670774556155,0.14941544307892668,30
vol_mismatch,delta,259,259,-0.7555152951728417,0.19368598302234802,27
vol_mismatch,delta,260,260,-5.455575797113283,0.30860505115157505,30
vol_mismatch,delta,261,261,-2.8437478615204395,0.32856777635684403,30
vol_mismatch,delta,262,262,-1.870036283833059,0.208954317330738,29
vol_mismatch,delta,263,263,-2.7275603823837713,0.14559559192125593,30
vol_mismatch,delta,264,264,-1.8259215844285137,0.23001549672197033,29
vol_mismatch,delta,265,265,-3.8974998625470985,0.35846317105665837,30
vol_mismatch,delta,266,266,-1.84913947296309,0.35494404208568553,30
vol_mismatch,delta,267,267,-1.8443447977239267,0.20035333849316408,28
vol_mismatch,delta,268,268,-1.7179066717665847,0.21843033928999725,28
vol_mismatch,delta,269,269,-1.508638037095679,0.12689079152599225,23
vol_mismatch,delta,270,270,-1.3334920172671758,0.38794315515898337,30
vol_mismatch,delta,271,271,1.1607925174726479,0.13487668576330777,28
vol_mismatch,delta,272,272,-4.69809017811572,0.30903270897819524,30
vol_mismatch,delta,273,273,-2.5660605761873114,0.3286227975158801,28
vol_mismatch,delta,274,274,-0.8611578851893512,0.16265960571282828,29
vol_mismatch,delta,275,275,-3.307212701230199,0.1414113693897476,26
vol_mismatch,delta,276,276,-0.11198133016494562,0.17914379050236767,29
vol_mismatch,delta,277,277,-2.6122458297300843,0.38554327384611653,30
vol_mismatch,delta,278,278,-2.3013223022346483,0.1709658748408025,28
vol_mismatch,delta,279,279,-0.6362460016275189,0.11610958226180915,29
vol_mismatch,delta,280,280,-2.25863673179017,0.26547970807155624,30
vol_mismatch,delta,281,281,-4.444943498984384,0.24332476486211915,30
vol_mismatch,delta,282,282,-0.6563470387209273,0.10077296021218363,25
vol_mismatch,delta,283,283,0.41295474711543534,0.29530622502646103,30
vol_mismatch,delta,284,284,-0.49193616569776566,0.15046737317557665,24
vol_mismatch,delta,285,285,-6.26507692078106,0.4224156213298992,30
vol_mismatch,delta,286,286,-1.121880773827101,0.12327687887357633,28
vol_mismatch,delta,287,287,0.22679337832757085,0.4134879565844433,30
vol_mismatch,delta,288,288,-1.6469512112380045,0.2039863419725592,30
vol_mismatch,delta,289,289,-3.7930605323783624,0.15881603196865593,24
vol_mismatch,delta,290,290,-1.773973248600086,0.2732320507300158,30
vol_mismatch,delta,291,291,0.6796201491716829,0.29813057748392136,30
vol_mismatch,delta,292,292,-3.5671887579587223,0.36423255498213225,30
vol_mismatch,delta,293,293,0.24508983756372574,0.3008902774850946,30
vol_mismatch,delta,294,294,-0.5866300682966923,0.4412947816601086,30
vol_mismatch,delta,295,295,-4.485974989444877,0.4357618678867256,30
vol_mismatch,delta,296,296,0.655761698396878,0.2860135722204347,30
vol_mismatch,delta,297,297,-2.1238542214206153,0.17489001831064496,30
vol_mismatch,delta,298,298,-5.032849961848506,0.30588879948490194,29
vol_mismatch,delta,299,299,-1.2596677787142534,0.16985649091063476,28
vol_mismatch,delta,300,300,0.40888501108265085,0.11621017576264578,30
vol_mismatch,delta,301,301,-0.009525136363711747,0.1000502563187471,26
vol_mismatch,delta,302,302,-3.422085830672529,0.3118835220736883,30
vol_mismatch,delta,303,303,-0.8744283077645746,0.22800308762138305,30
vol_mismatch,delta,304,304,-4.856150651057938,0.4040429727133125,30
vol_mismatch,delta,305,305,-1.0158135413413514,0.33499600982715816,30
vol_mismatch,delta,306,306,-0.4700369699036031,0.27818406014117913,30
vol_mismatch,delta,307,307,-4.278512304951079,0.2952110917513081,28
vol_mismatch,delta,308,308,-2.576345812408057,0.306427519213184,30
vol_mismatch,delta,309,309,-5.531331640169668,0.2802751472200687,30
vol_mismatch,delta,310,310,-1.4388622363273775,0.27905187696535827,30
vol_mismatch,delta,311,311,-1.2080514788467127,0.29303034075682793,30
vol_mismatch,delta,312,312,-3.5836749339232483,0.3708039131102501,30
vol_mismatch,delta,313,313,-3.8630757324601177,0.44252090135547684,30
vol_mismatch,delta,314,314,-1.9922517448922719,0.3331695290662495,30
vol_mismatch,delta,315,315,-3.1027555923946055,0.18871752061127955,28
vol_mismatch,delta,316,316,-1.6864258565164079,0.29918727600902095,30
vol_mismatch,delta,317,317,-0.1627914097540355,0.17092987446231506,28
vol_mismatch,delta,318,318,-1.9122217856854125,0.33340424036490185,30
vol_mismatch,delta,319,319,-0.6361645068563817,0.32628954335737115,30
vol_mismatch,delta,320,320,-1.4293289599475685,0.15149902751190522,28
vol_mismatch,delta,321,321,-0.7588907833710564,0.27312053901997485,30
vol_mismatch,delta,322,322,-3.7769505232433858,0.3049820481411363,30
vol_mismatch,delta,323,323,-3.468650745974827,0.11210522487858504,26
vol_mismatch,delta,324,324,-4.419455375510708,0.14896326705509258,20
vol_mismatch,delta,325,325,-1.3312106411481457,0.23962023385381395,30
vol_mismatch,delta,326,326,-1.8720619084377803,0.18593999526360921,29
vol_mismatch,delta,327,327,-2.4133588368462853,0.2866496133654999,30
vol_mismatch,delta,328,328,-1.71424993822026,0.30495934653220236,30
vol_mismatch,delta,329,329,-0.5049444819579492,0.24388365712650448,30
vol_mismatch,delta,330,330,-1.231656280496523,0.11824443133871136,29
vol_mismatch,delta,331,331,-4.491868409713845,0.29185174536912384,30
vol_mismatch,delta,332,332,-3.5475219088618535,0.31688792243810965,30
vol_mismatch,delta,333,333,-4.000150394607118,0.24225440961665765,27
vol_mismatch,delta,334,334,-1.655956653234506,0.11631919656180317,25
vol_mismatch,delta,335,335,-0.0828830167271093,0.2546033608058595,30
vol_mismatch,delta,336,336,-1.785767657947396,0.3799065859041516,30
vol_mismatch,delta,337,337,-0.5353012353617288,0.30284717461172117,30
vol_mismatch,delta,338,338,-2.181328721295301,0.19559774223087,30
vol_mismatch,delta,339,339,0.5137352149307759,0.20759063473589517,30
vol_mismatch,delta,340,340,-2.2468941085292005,0.3151336845568758,30
vol_mismatch,delta,341,341,-0.9779780571813177,0.18705833240080944,30
vol_mismatch,delta,342,342,-1.1622523735264423,0.16999537031510087,30
vol_mismatch,delta,343,343,-1.6006430545588302,0.16630868881625735,25
vol_mismatch,delta,344,344,-1.4320182598789444,0.4402386713529782,30
vol_mismatch,delta,345,345,-1.6115713419700768,0.2584629480326538,30
vol_mismatch,delta,346,346,0.8275901186762427,0.18394344063726295,28
vol_mismatch,delta,347,347,-1.1603118939185102,0.12656135526272236,26
vol_mismatch,delta,348,348,-1.0574537686617447,0.2453701734410931,29
vol_mismatch,delta,349,349,-3.086024861831173,0.3101251031070902,30
vol_mismatch,delta,350,350,-2.0129435046812105,0.37716467535731196,30
vol_mismatch,delta,351,351,-1.2019188160566459,0.32901355752548944,30
vol_mismatch,delta,352,352,0.7590261126782476,0.36620078633296577,30
vol_mismatch,delta,353,353,-1.6725982476439751,0.32939579154246157,30
vol_mismatch,delta,354,354,-0.26312194094440294,0.14940272346924344,29
vol_mismatch,delta,355,355,-0.2904638453041315,0.3300464705156496,29
vol_mismatch,delta,356,356,-3.001936125551567,0.2966248002528034,30
vol_mismatch,delta,357,357,-1.0818447365722648,0.14200597776620152,27
vol_mismatch,delta,358,358,0.06689140527582538,0.19227270755355175,28
vol_mismatch,delta,359,359,0.6316211985056128,0.19737562394387478,28
vol_mismatch,delta,360,360,-0.22268599626077804,0.16347714320882523,25
vol_mismatch,delta,361,361,-3.453604779458238,0.3425038646583112,30
vol_mismatch,delta,362,362,-3.631918425818583,0.25370071911070385,30
vol_mismatch,delta,363,363,-0.6786379513067629,0.30491907339786295,30
vol_mismatch,delta,364,364,-1.387110661369789,0.24892262676036545,28
vol_mismatch,delta,365,365,-0.3924930301792164,0.18165803876815584,30
vol_mismatch,delta,366,366,-2.147656561698426,0.19939773526524227,30
vol_mismatch,delta,367,367,-1.9477014900611636,0.22832765501777041,30
vol_mismatch,delta,368,368,0.14185594120824874,0.3156568089160556,30
vol_mismatch,delta,369,369,-4.016811594787827,0.20951882177047496,29
vol_mismatch,delta,370,370,-1.11413754673907,0.41068156360365654,30
vol_mismatch,delta,371,371,-2.7069076348902406,0.4526717327000689,30
vol_mismatch,delta,372,372,-0.9010452194343088,0.14131995979929982,30
vol_mismatch,delta,373,373,-1.6794027406067427,0.2269576041563409,30
vol_mismatch,delta,374,374,-3.2164129734212787,0.30268638948398724,30
vol_mismatch,delta,375,375,-2.433226755795303,0.16962503848569857,26
vol_mismatch,delta,376,376,-4.376825164260239,0.3514445932559472,30
vol_mismatch,delta,377,377,-0.8734742219403984,0.4268964837806858,30
vol_mismatch,delta,378,378,-0.8302964344752927,0.17022448328619544,30
vol_mismatch,delta,379,379,-3.4997509920231313,0.35541236716544966,30
vol_mismatch,delta,380,380,-0.17693374895144667,0.1798451599492029,30
vol_mismatch,delta,381,381,-1.137164085484263,0.25124844732745283,30
vol_mismatch,delta,382,382,-0.11909010777463891,0.15028363327596678,29
vol_mismatch,delta,383,383,-1.3285813521292151,0.23406920285671426,30
vol_mismatch,delta,384,384,-2.536088790606115,0.2094944798375438,29
vol_mismatch,delta,385,385,-1.034601925184944,0.3621733291636081,30
vol_mismatch,delta,386,386,-3.2463592230525813,0.23937191545596345,28
vol_mismatch,delta,387,387,-1.9694066173285165,0.13867550511426927,29
vol_mismatch,delta,388,388,-1.863383399792454,0.22448033672480447,29
vol_mismatch,delta,389,389,-1.094011418971462,0.32736692115479504,30
vol_mismatch,delta,390,390,-1.5151028691503114,0.1847009720881083,30
vol_mismatch,delta,391,391,-3.106414498042729,0.37627870064442775,30
vol_mismatch,delta,392,392,-0.7658473840616153,0.12723845040665546,30
vol_mismatch,delta,393,393,-0.03741248377297346,0.3581909306020171,30
vol_mismatch,delta,394,394,-3.162977442253527,0.26046512704501945,30
vol_mismatch,delta,395,395,-3.0902549483820607,0.2952590332928497,30
vol_mismatch,delta,396,396,-1.6447282569547284,0.20625591839699595,30
vol_mismatch,delta,397,397,-0.4788317966017435,0.28478269864105593,30
vol_mismatch,delta,398,398,0.14876466703616267,0.13399673254857888,28
vol_mismatch,delta,399,399,-0.1523768990874501,0.3828012007994551,30
vol_mismatch,delta,400,400,0.9967790795172765,0.2862610060278783,30
vol_mismatch,delta,401,401,-1.4439249078790084,0.2974133933286795,30
vol_mismatch,delta,402,402,-1.6246240987466791,0.2805945424994764,30
vol_mismatch,delta,403,403,-0.8684177151452133,0.25448491909991505,28
vol_mismatch,delta,404,404,0.3412420413060815,0.3155789096539058,30
vol_mismatch,delta,405,405,-6.297759816165126,0.21634743716084848,26
vol_mismatch,delta,406,406,-1.5279710017975958,0.26201529169395604,30
vol_mismatch,delta,407,407,-1.0188617612009718,0.32225065716429924,30
vol_mismatch,delta,408,408,-2.9158306441236164,0.24979820341516054,30
vol_mismatch,delta,409,409,0.2636639989701468,0.3733993343125526,30
vol_mismatch,delta,410,410,-0.638177993658934,0.209591659869585,30
vol_mismatch,delta,411,411,0.3291788750901574,0.3694067345708353,30
vol_mismatch,delta,412,412,-4.102045230091402,0.2940088873834742,30
vol_mismatch,delta,413,413,0.5554895782180829,0.41615914674738064,30
vol_mismatch,delta,414,414,0.2134152166060801,0.26343250274252566,30
vol_mismatch,delta,415,415,-1.8950581079122273,0.3594175460748781,30
vol_mismatch,delta,416,416,1.0435702805204023,0.2880576857466095,30
vol_mismatch,delta,417,417,0.4185186337992164,0.29314348364168874,30
vol_mismatch,delta,418,418,-1.4063624987901804,0.2723281281878334,30
vol_mismatch,delta,419,419,0.4958617689206477,0.29425437915723374,30
vol_mismatch,delta,420,420,0.4055789327955779,0.29968437204143356,30
vol_mismatch,delta,421,421,-0.7659122516046466,0.22126564283896807,30
vol_mismatch,delta,422,422,-0.5411191480149427,0.2331388813451062,29
vol_mismatch,delta,423,423,-4.7211733419071775,0.3019454043874645,30
vol_mismatch,delta,424,424,-0.6444276916121936,0.11077124980929938,26
vol_mismatch,delta,425,425,2.0566163642195363,0.3596003160670514,30
vol_mismatch,delta,426,426,-0.4180996973443065,0.3772083707432816,30
vol_mismatch,delta,427,427,1.4596446295049375,0.14180352389922027,29
vol_mismatch,delta,428,428,-2.80724921227705,0.4199623152554654,30
vol_mismatch,delta,429,429,-2.7019971530454865,0.26428665361743053,29
vol_mismatch,delta,430,430,-1.3607659064705047,0.3358497272856985,30
vol_mismatch,delta,431,431,-5.995173640870334,0.3023086486606691,30
vol_mismatch,delta,432,432,0.46166647906765323,0.15954396796767356,30
vol_mismatch,delta,433,433,0.1457665839201141,0.3557779293219514,30
vol_mismatch,delta,434,434,-7.053089835755344,0.35395437512021793,30
vol_mismatch,delta,435,435,-0.8049450732922594,0.14873383207558052,29
vol_mismatch,delta,436,436,-2.1147564439780098,0.2063550109712524,30
vol_mismatch,delta,437,437,-0.938894163039393,0.43458966066440513,30
vol_mismatch,delta,438,438,1.6973588826368105,0.3804201721221966,30
vol_mismatch,delta,439,439,-2.695648068269435,0.35561111366985193,29
vol_mismatch,delta,440,440,-0.7055170844837448,0.33608152646601874,30
vol_mismatch,delta,441,441,-0.5763443835808886,0.2340193107495483,30
vol_mismatch,delta,442,442,-2.990206190137357,0.1677998781198161,23
vol_mismatch,delta,443,443,-5.781410666983405,0.41093537208921493,30
vol_mismatch,delta,444,444,1.1233249911826702,0.15364632210279802,30
vol_mismatch,delta,445,445,-1.2673496436034384,0.1398995380498751,24
vol_mismatch,delta,446,446,0.6072621659746875,0.19352499667912482,26
vol_mismatch,delta,447,447,0.21985177472983253,0.36529307764505353,30
vol_mismatch,delta,448,448,-0.21443389383654746,0.14102833954748045,30
vol_mismatch,delta,449,449,-3.5389286695351,0.3549254141335904,30
vol_mismatch,random,0,0,-1.4064197779546603,1.719021955258362,30
vol_mismatch,random,1,1,-0.29601838648685685,1.7927021975784319,30
vol_mismatch,random,2,2,15.188357052594384,2.271396646074303,30
vol_mismatch,random,3,3,-1.9569115221396984,2.3210291075317624,30
vol_mismatch,random,4,4,-6.788596010427767,1.6688838104800856,30
vol_mismatch,random,5,5,-4.765629219788153,2.295461559005214,30
vol_mismatch,random,6,6,6.0461175786251715,1.6649164985797227,30
vol_mismatch,random,7,7,6.037135112832274,2.050328700465879,30
vol_mismatch,random,8,8,0.33047359482809124,2.025624929124942,30
vol_mismatch,random,9,9,-14.775644206469394,2.3198728134440407,30
vol_mismatch,random,10,10,5.3353202287389365,1.5902810203940974,30
vol_mismatch,random,11,11,-1.2546008427742095,2.1043893033114665,30
vol_mismatch,random,12,12,-4.890911676273184,2.04292741699348,30
vol_mismatch,random,13,13,-32.384222793757615,2.1691766798186785,30
vol_mismatch,random,14,14,2.6732258401999616,1.889752491314961,30
vol_mismatch,random,15,15,-10.723892514863852,2.2286269794312163,30
vol_mismatch,random,16,16,-5.012846673029072,1.7616825542094168,30
vol_mismatch,random,17,17,-7.51194245664297,1.662134123602771,30
vol_mismatch,random,18,18,-11.92226189455215,2.327636834602189,30
vol_mismatch,random,19,19,2.469321268300604,2.366029011823289,30
vol_mismatch,random,20,20,-4.034986845659844,1.5984663005782183,30
vol_mismatch,random,21,21,-21.91037777442797,1.9854451838253617,30
vol_mismatch,random,22,22,-2.9903756501962704,1.7972183998788578,30
vol_mismatch,random,23,23,3.3919798753178725,1.6215059978029707,30
vol_mismatch,random,24,24,3.443567415305359,2.1226469324508757,30
vol_mismatch,random,25,25,-8.91957318501511,1.863232105481828,30
vol_mismatch,random,26,26,-3.017551718257053,1.9779493685349137,30
vol_mismatch,random,27,27,-0.8982635348809538,2.1064084043167517,30
vol_mismatch,random,28,28,-19.400447449394875,2.071162835680836,30
vol_mismatch,random,29,29,2.4295404913944374,1.4085803990050987,30
vol_mismatch,random,30,30,-5.294279982545632,2.66505788621147,30
vol_mismatch,random,31,31,0.6460046278536709,2.130625950540201,30
vol_mismatch,random,32,32,-5.456508278388789,2.1098724226892718,30
vol_mismatch,random,33,33,13.796075202703435,2.2913321139007965,30
vol_mismatch,random,34,34,-13.99166098300006,2.058957131158281,30
vol_mismatch,random,35,35,2.591455754544767,2.2473804376889333,30
vol_mismatch,random,36,36,2.143891252006144,2.43090732842407,30
vol_mismatch,random,37,37,-1.6769457914687749,2.149622629617157,30
vol_mismatch,random,38,38,-9.21048017969973,2.397194983767821,30
vol_mismatch,random,39,39,-4.149539047694692,1.5516329372164708,30
vol_mismatch,random,40,40,-4.254699892480442,2.1903203094569728,30
vol_mismatch,random,41,41,-6.007698129648048,1.8547192400672992,30
vol_mismatch,random,42,42,-6.3591910966261125,1.8917638172708973,30
vol_mismatch,random,43,43,-4.225818110533453,2.2406165486720577,30
vol_mismatch,random,44,44,-9.473494696909789,1.8670934460661401,30
vol_mismatch,random,45,45,3.8449152330495764,1.5904549944029633,30
vol_mismatch,random,46,46,-6.439013320949532,1.7913073828023054,30
vol_mismatch,random,47,47,4.701101480703393,1.4096603180543705,30
vol_mismatch,random,48,48,-21.129404047114292,1.8821294155937438,30
vol_mismatch,random,49,49,-19.75055029396006,2.0876386371384292,30
vol_mismatch,random,50,50,-8.661971489855318,1.7309054640639587,30
vol_mismatch,random,51,51,-2.0494474301190166,2.0240946081370934,30
vol_mismatch,random,52,52,-1.4167452105425724,1.523195276403768,30
vol_mismatch,random,53,53,10.465035615277316,2.0710192105403262,30
vol_mismatch,random,54,54,-8.238356729891521,1.9866558067575684,30
vol_mismatch,random,55,55,-0.6398960970594452,1.6178208885952279,30
vol_mismatch,random,56,56,-16.147114161430565,2.205225211149368,30
vol_mismatch,random,57,57,5.575712422696242,2.113382152093459,30
vol_mismatch,random,58,58,0.4604555825867269,1.9332880494423341,30
vol_mismatch,random,59,59,-17.631732355480025,2.357551488740812,30
vol_mismatch,random,60,60,-2.7905163226563996,1.994726174211462,30
vol_mismatch,random,61,61,-8.513681493304318,2.0288843505633696,30
vol_mismatch,random,62,62,2.998697767075182,1.9287448102551457,30
vol_mismatch,random,63,63,-32.75142486841379,1.8346347995426673,30
vol_mismatch,random,64,64,2.3170839729461505,2.58185493052029,30
vol_mismatch,random,65,65,0.06112113291078458,2.266713814522072,30
vol_mismatch,random,66,66,-5.109471759238865,1.7941301655242352,30
vol_mismatch,random,67,67,-3.235798820982062,1.8787415732814217,30
vol_mismatch,random,68,68,-12.306322250340024,2.721572317403396,30
vol_mismatch,random,69,69,-12.254479680939411,1.82099856334464,30
vol_mismatch,random,70,70,-8.145168465296614,1.774557582951272,30
vol_mismatch,random,71,71,0.3317737226283768,2.03005371761317,30
vol_mismatch,random,72,72,-2.4134763569474558,2.060716517432964,30
vol_mismatch,random,73,73,6.798964829893201,1.8311696592770226,30
vol_mismatch,random,74,74,-1.277574603604677,1.9459210618160008,30
vol_mismatch,random,75,75,-3.8038285010728003,2.029439171637326,30
vol_mismatch,random,76,76,-4.821185802150595,2.216737144915471,30
vol_mismatch,random,77,77,-14.51204809164713,2.1420743850078736,30
vol_mismatch,random,78,78,-30.246393931243823,2.03323948515136,30
vol_mismatch,random,79,79,-0.5912271126144626,1.6722898385544358,30
vol_mismatch,random,80,80,11.395376286232732,2.3752265286426897,30
vol_mismatch,random,81,81,-5.845222982412658,2.7375668287766377,30
vol_mismatch,random,82,82,0.7579214291608274,2.0549285144313534,30
vol_mismatch,random,83,83,1.033514380899824,1.8560864385239546,30
vol_mismatch,random,84,84,-8.238589345613605,2.0142411013058283,30
vol_mismatch,random,85,85,11.782986948954402,1.8226029137110376,30
vol_mismatch,random,86,86,-1.5220338766296937,1.903445288026025,30
vol_mismatch,random,87,87,-2.5001820320075723,1.9568420194105667,30
vol_mismatch,random,88,88,-0.2643616851166186,2.028257485638126,30
vol_mismatch,random,89,89,0.15480393386538083,1.7712128259290867,30
vol_mismatch,random,90,90,-0.3683152435618897,1.8407638695772963,30
vol_mismatch,random,91,91,-14.215541497111387,2.5259706245841977,30
vol_mismatch,random,92,92,3.77515617501075,1.8255125612191094,30
vol_mismatch,random,93,93,-10.423151828391624,2.3111671787142485,30
vol_mismatch,random,94,94,-3.1661219331388004,1.9921951681897645,30
vol_mismatch,random,95,95,-0.43358521767538605,2.039824301004306,30
vol_mismatch,random,96,96,-18.19977112629168,2.2536878991107683,30
vol_mismatch,random,97,97,3.8702876224377487,1.9126789710433414,30
vol_mismatch,random,98,98,-4.608729877403235,2.7292744976617556,30
vol_mismatch,random,99,99,0.38710147972914655,2.320894626444574,30
vol_mismatch,random,100,100,-10.11706625353797,2.2072535129456496,30
vol_mismatch,random,101,101,-1.5989911752625368,1.4885898740629135,30
vol_mismatch,random,102,102,-9.631891888882368,2.2355316360738744,30
vol_mismatch,random,103,103,8.247385320996969,1.8604530365951497,30
vol_mismatch,random,104,104,-13.826785443610007,2.1250041262671924,30
vol_mismatch,random,105,105,-2.529770720826889,1.4803163442658203,30
vol_mismatch,random,106,106,1.688870149214182,1.5279239462054544,30
vol_mismatch,random,107,107,-2.667615190103028,1.9455035546871458,30
vol_mismatch,random,108,108,-19.985137781972654,3.0767477138280945,30
vol_mismatch,random,109,109,-4.874232277456763,1.8174613887847892,30
vol_mismatch,random,110,110,-6.693946720224451,2.108317661897878,30
vol_mismatch,random,111,111,-4.538127295157317,1.8859229494115861,30
vol_mismatch,random,112,112,3.1794201355660796,2.122403786896093,30
vol_mismatch,random,113,113,-13.386086167531161,2.083161787987723,30
vol_mismatch,random,114,114,5.208899326904216,1.6834100881382987,30
vol_mismatch,random,115,115,4.8850188526739515,1.8329001602137656,30
vol_mismatch,random,116,116,4.2599266604875705,1.9915648857951314,30
vol_mismatch,random,117,117,2.944697091929797,2.178144879138256,30
vol_mismatch,random,118,118,7.584433863068526,1.8935660992957513,30
vol_mismatch,random,119,119,-5.003661694467326,1.9153224357827963,30
vol_mismatch,random,120,120,-8.905781783676275,2.0344280678002757,30
vol_mismatch,random,121,121,-1.8875135531176284,2.060512470502948,30
vol_mismatch,random,122,122,1.3673563605093122,1.668879027742609,30
vol_mismatch,random,123,123,-13.730309949471028,1.5211556033881348,30
vol_mismatch,random,124,124,1.2507963118126426,2.1289753792394976,30
vol_mismatch,random,125,125,-5.247234314862979,1.711870135648708,30
vol_mismatch,random,126,126,6.461440266379583,2.6729310234621235,30
vol_mismatch,random,127,127,1.5014571254398064,1.6307013366543561,30
vol_mismatch,random,128,128,-0.9113864440158181,2.0299552439808255,30
vol_mismatch,random,129,129,-8.323761668915587,1.5732261903372704,30
vol_mismatch,random,130,130,2.947343552681332,1.6572125594981215,30
vol_mismatch,random,131,131,-33.25926823475362,1.9467349550709732,30
vol_mismatch,random,132,132,-8.804657788288083,2.095359539840608,30
vol_mismatch,random,133,133,4.35347562559015,1.8779136732664918,30
vol_mismatch,random,134,134,0.45152798943839656,1.727611854071998,30
vol_mismatch,random,135,135,-12.438249140077044,2.0775208912470466,30
vol_mismatch,random,136,136,-1.3515429168292306,2.2350927991026674,30
vol_mismatch,random,137,137,-3.263274683299592,1.9744438298154041,30
vol_mismatch,random,138,138,0.582100338950923,1.604476181502731,30
vol_mismatch,random,139,139,-6.940220407088301,1.7508658829755555,30
vol_mismatch,random,140,140,-2.4077874851278267,1.9008539667181217,30
vol_mismatch,random,141,141,3.6704494494669717,2.2979533165090325,30
vol_mismatch,random,142,142,-1.6022650270819554,1.7727926613678984,30
vol_mismatch,random,143,143,-2.0596926983130714,1.8787792977422066,30
vol_mismatch,random,144,144,-8.792958584847803,2.4391523430812283,30
vol_mismatch,random,145,145,6.936052042793989,1.9798058848647684,30
vol_mismatch,random,146,146,8.439246205707732,1.378173925300629,30
vol_mismatch,random,147,147,-7.926756368725265,2.4945358653211316,30
vol_mismatch,random,148,148,3.7317447978606113,1.8000825386622985,30
vol_mismatch,random,149,149,-13.35162891421039,2.0392243365079548,30
vol_mismatch,random,150,150,11.30092933955751,2.077084841063643,30
vol_mismatch,random,151,151,-2.1359525608427106,1.6794299604258405,30
vol_mismatch,random,152,152,2.42123011178524,1.9272745017864867,30
vol_mismatch,random,153,153,2.9204452934874325,1.9757508671710706,30
vol_mismatch,random,154,154,3.1576503315138638,1.7968788502469697,30
vol_mismatch,random,155,155,9.981351704015879,1.8136048614692333,30
vol_mismatch,random,156,156,-5.129492269816211,2.4559049590730626,30
vol_mismatch,random,157,157,0.764590971034977,1.7116427753292027,30
vol_mismatch,random,158,158,1.2436015889605017,1.6666954739244075,30
vol_mismatch,random,159,159,2.072578625380368,1.5821667787415172,30
vol_mismatch,random,160,160,-22.88269193564743,2.3179598947448796,30
vol_mismatch,random,161,161,-23.86154173005753,2.2812628509683446,30
vol_mismatch,random,162,162,-5.082765788520398,1.507674187665227,30
vol_mismatch,random,163,163,-3.7337583329219726,2.4116003268429287,30
vol_mismatch,random,164,164,-9.660982526824029,2.1498071198353297,30
vol_mismatch,random,165,165,0.783572915948028,1.9458308539698053,30
vol_mismatch,random,166,166,-31.611732424934488,1.9112041013534142,30
vol_mismatch,random,167,167,2.000526681225562,1.3977424413502015,30
vol_mismatch,random,168,168,-5.245365112152688,1.6458273747717218,30
vol_mismatch,random,169,169,-0.8819455328717325,2.094713694583502,30
vol_mismatch,random,170,170,-16.873446382689934,2.282469473265847,30
vol_mismatch,random,171,171,-6.434870883145486,2.3294046761170164,30
vol_mismatch,random,172,172,-1.7694047432461133,2.6140710524847663,30
vol_mismatch,random,173,173,-10.895220011428705,1.9576784440078756,30
vol_mismatch,random,174,174,-1.382670519840346,1.8154122396008252,30
vol_mismatch,random,175,175,-19.5935393568805,2.293016547619314,30
vol_mismatch,random,176,176,-3.9843212137432147,1.6448290600314464,30
vol_mismatch,random,177,177,0.4931487311635152,2.570048055272663,30
vol_mismatch,random,178,178,-0.08490979437685553,1.7681283900752733,30
vol_mismatch,random,179,179,-5.613956670680199,1.8416495047478554,30
vol_mismatch,random,180,180,-9.550863797929765,1.9238408897511767,30
vol_mismatch,random,181,181,-8.810102921143468,2.210412571984043,30
vol_mismatch,random,182,182,6.0053009990246835,1.6500565005520391,30
vol_mismatch,random,183,183,-6.726945942797606,2.1777576139044177,30
vol_mismatch,random,184,184,-15.903921081759506,1.9732866548028212,30
vol_mismatch,random,185,185,16.261216362322603,1.9601134211542224,30
vol_mismatch,random,186,186,5.677249905782489,2.300214437619923,30
vol_mismatch,random,187,187,6.481995257688389,2.2649160430928075,30
vol_mismatch,random,188,188,-10.584019926897827,1.7991989845731284,30
vol_mismatch,random,189,189,-2.494234090006344,1.6665846219019174,30
vol_mismatch,random,190,190,-7.186320947309007,2.164478456448909,30
vol_mismatch,random,191,191,-0.4584668480513798,2.5789927328254967,30
vol_mismatch,random,192,192,-8.42182795800062,2.7018594804894525,30
vol_mismatch,random,193,193,-6.026239993648208,1.7201647844928447,30
vol_mismatch,random,194,194,0.2222255580953636,1.943957501216679,30
vol_mismatch,random,195,195,-12.0588939525462,1.9133327264700635,30
vol_mismatch,random,196,196,-6.6968683118506505,2.3864242769024724,30
vol_mismatch,random,197,197,-2.63347317991094,2.360510102765463,30
vol_mismatch,random,198,198,8.781211945002,1.7383095568017337,30
vol_mismatch,random,199,199,14.090768560928609,1.7097557959715035,30
vol_mismatch,random,200,200,2.1800868476290027,1.785698911012703,30
vol_mismatch,random,201,201,2.442538294826079,1.528024629004465,30
vol_mismatch,random,202,202,-7.015893520386072,1.864552898884392,30
vol_mismatch,random,203,203,-9.675031013999345,2.7434151042596366,30
vol_mismatch,random,204,204,-15.091733599699396,1.7058580674214006,30
vol_mismatch,random,205,205,-8.759334647253148,2.2829820894655652,30
vol_mismatch,random,206,206,-2.872995193583513,2.3696618998848185,30
vol_mismatch,random,207,207,-9.55903578010172,2.168798208759848,30
vol_mismatch,random,208,208,-15.587481682238518,1.6199822484146698,30
vol_mismatch,random,209,209,-4.726464698777653,1.6584748852223699,30
vol_mismatch,random,210,210,6.200019464980542,1.813825840883603,30
vol_mismatch,random,211,211,-10.693726581781426,1.5003713641394436,30
vol_mismatch,random,212,212,-1.7006227381047179,1.7428986509414408,30
vol_mismatch,random,213,213,0.7463041891627711,1.555793891412515,30
vol_mismatch,random,214,214,-10.857613519621253,1.7046541709531942,30
vol_mismatch,random,215,215,-4.879177747516437,1.9138802105917487,30
vol_mismatch,random,216,216,-15.805744410867653,2.9579610581369997,30
vol_mismatch,random,217,217,2.5734873842802273,1.6281963245403563,30
vol_mismatch,random,218,218,-3.9277937037251007,1.937975724525097,30
vol_mismatch,random,219,219,-4.35650096038637,2.01050702471075,30
vol_mismatch,random,220,220,-8.179197699205604,1.9545273482367715,30
vol_mismatch,random,221,221,1.9692242471502936,2.369401565490808,30
vol_mismatch,random,222,222,-5.617852142452074,1.95558878991634,30
vol_mismatch,random,223,223,0.28079757530389315,2.2575242716957784,30
vol_mismatch,random,224,224,-14.962474610425517,2.2249049932759597,30
vol_mismatch,random,225,225,-1.124327594931696,1.7673578282522706,30
vol_mismatch,random,226,226,-8.8002138128128,2.4199812651014554,30
vol_mismatch,random,227,227,-4.625074748307888,2.416009784364688,30
vol_mismatch,random,228,228,-17.039967554658155,2.091237539217956,30
vol_mismatch,random,229,229,-17.393060737862164,2.153346952918048,30
vol_mismatch,random,230,230,12.117877387214435,2.1823077282576144,30
vol_mismatch,random,231,231,-0.2651702209289466,2.0926152161483977,30
vol_mismatch,random,232,232,2.880062857216913,1.880772442001978,30
vol_mismatch,random,233,233,-2.8873105289132788,2.4117571307594012,30
vol_mismatch,random,234,234,9.00132371768607,2.082555245509607,30
vol_mismatch,random,235,235,0.2896688369692555,1.684254058422934,30
vol_mismatch,random,236,236,-8.624337163742194,2.1901676262875984,30
vol_mismatch,random,237,237,-17.812166030787907,2.092736845782381,30
vol_mismatch,random,238,238,-6.5871641674136185,2.3266090187134716,30
vol_mismatch,random,239,239,-22.779863352069952,2.1485878834449315,30
vol_mismatch,random,240,240,-3.0967171410874776,2.0124304625739162,30
vol_mismatch,random,241,241,2.138930150431108,2.2478144803714613,30
vol_mismatch,random,242,242,-7.461898739345273,2.0865213553465236,30
vol_mismatch,random,243,243,-5.358848940765549,2.1104247588050247,30
vol_mismatch,random,244,244,-8.019249605189032,1.3818814796142507,30
vol_mismatch,random,245,245,-7.558999038083591,2.5953341682240127,30
vol_mismatch,random,246,246,-2.0188288919291253,1.5483868258408637,30
vol_mismatch,random,247,247,1.2158990675728134,2.0850943230746606,30
vol_mismatch,random,248,248,-14.048384616804164,2.5553351114221274,30
vol_mismatch,random,249,249,-11.766096418258641,2.560473495238238,30
vol_mismatch,random,250,250,5.09753847623513,2.205946728150963,30
vol_mismatch,random,251,251,-2.0570427359939174,2.0489169459681387,30
vol_mismatch,random,252,252,-3.599369562578296,2.1845656112621383,30
vol_mismatch,random,253,253,-4.018352761053322,2.1124682986903114,30
vol_mismatch,random,254,254,-13.057699652351971,1.8354351697842837,30
vol_mismatch,random,255,255,-0.21453471050139505,1.952988881899922,30
vol_mismatch,random,256,256,-1.423789675795284,1.8910236272263115,30
vol_mismatch,random,257,257,-1.4945564861526481,2.197851553976573,30
vol_mismatch,random,258,258,7.898382009182484,2.077918955392108,30
vol_mismatch,random,259,259,-3.4997300350650917,2.5449169317504596,30
vol_mismatch,random,260,260,3.156554746976706,2.0315369906715257,30
vol_mismatch,random,261,261,15.149383423260009,1.747158086939844,30
vol_mismatch,random,262,262,-20.68332278443352,2.1033681039361913,30
vol_mismatch,random,263,263,-6.36691509980545,2.251344134850842,30
vol_mismatch,random,264,264,-6.890899696013101,2.8197100589194726,30
vol_mismatch,random,265,265,11.428167006921313,1.9627355595350107,30
vol_mismatch,random,266,266,2.0219192332353515,1.7120778017260834,30
vol_mismatch,random,267,267,-8.291817281686733,1.8939469255615557,30
vol_mismatch,random,268,268,-16.781932403012704,1.6597105141824828,30
vol_mismatch,random,269,269,-30.40993992180249,2.3045278994431477,30
vol_mismatch,random,270,270,-12.7244740360685,1.9941815206940139,30
vol_mismatch,random,271,271,-0.3610875304617167,1.9245014455810232,30
vol_mismatch,random,272,272,-6.514109941644364,1.72912860237058,30
vol_mismatch,random,273,273,-5.285504677462761,1.9998584995666504,30
vol_mismatch,random,274,274,-6.234464606430322,1.7164142273005643,30
vol_mismatch,random,275,275,-22.29291885265434,2.4198638805475197,30
vol_mismatch,random,276,276,1.6573548417233113,2.0464032852877048,30
vol_mismatch,random,277,277,9.266114913004525,1.6577937049989038,30
vol_mismatch,random,278,278,-4.083868690031892,1.6484515234757633,30
vol_mismatch,random,279,279,2.1418479009243256,1.9160592209522482,30
vol_mismatch,random,280,280,1.5008559273675388,1.9838806735657812,30
vol_mismatch,random,281,281,-6.193005703500006,2.246478942781725,30
vol_mismatch,random,282,282,1.5226078188531673,1.7281939733129046,30
vol_mismatch,random,283,283,-8.332201045245808,1.9589070216271904,30
vol_mismatch,random,284,284,-22.306290211284967,2.2960004884150935,30
vol_mismatch,random,285,285,5.0912013316781835,1.4254958674924931,30
vol_mismatch,random,286,286,-8.863545275443487,2.160579934946063,30
vol_mismatch,random,287,287,4.6150480821994435,2.1072817981773695,30
vol_mismatch,random,288,288,1.2491303213500942,2.250910610172753,30
vol_mismatch,random,289,289,-35.20927948349309,2.7504745336139673,30
vol_mismatch,random,290,290,-3.650714027059905,2.2234925012201527,30
vol_mismatch,random,291,291,-3.98072086964234,2.344567762530924,30
vol_mismatch,random,292,292,-3.2705111004685463,1.8201343341974574,30
vol_mismatch,random,293,293,5.197203655762621,2.4588855453277043,30
vol_mismatch,random,294,294,-4.4899047880655445,1.9395307127454453,30
vol_mismatch,random,295,295,1.5787764429989508,2.3883841657612033,30
vol_mismatch,random,296,296,-1.6588573233493094,1.655877278081569,30
vol_mismatch,random,297,297,0.9055450757642234,2.0995359909005042,30
vol_mismatch,random,298,298,14.306040613377348,1.6318306181232891,30
vol_mismatch,random,299,299,-6.598593391164798,1.7325241833652512,30
vol_mismatch,random,300,300,3.2321900855441044,2.1429931359684633,30
vol_mismatch,random,301,301,8.94874969654195,1.9987753749676969,30
vol_mismatch,random,302,302,-4.783623124955042,1.9363532375942691,30
vol_mismatch,random,303,303,2.584406084947531,1.741018429638084,30
vol_mismatch,random,304,304,-1.592645956640709,2.207057765930531,30
vol_mismatch,random,305,305,0.3959291981356472,2.192013132656827,30
vol_mismatch,random,306,306,-14.870051056518541,1.615395133714618,30
vol_mismatch,random,307,307,-10.738414428770781,2.437649847492981,30
vol_mismatch,random,308,308,6.028249899284255,2.184915177602281,30
vol_mismatch,random,309,309,-27.866071789316468,1.986693975790203,30
vol_mismatch,random,310,310,1.230753111700622,1.91483655532103,30
vol_mismatch,random,311,311,-20.618428019020094,2.0110088964384016,30
vol_mismatch,random,312,312,-14.336911320373574,1.9332936249621353,30
vol_mismatch,random,313,313,0.5827338176214525,1.7311513512637373,30
vol_mismatch,random,314,314,-8.306155033667537,1.6469917592302354,30
vol_mismatch,random,315,315,-8.487640237271535,1.8990066842200342,30
vol_mismatch,random,316,316,2.2871384116947837,2.0322737719708233,30
vol_mismatch,random,317,317,-17.802973318600408,2.1193453593569114,30
vol_mismatch,random,318,318,-4.520205973024616,1.927025532558088,30
vol_mismatch,random,319,319,-2.0369662339986263,2.598951809023146,30
vol_mismatch,random,320,320,-22.15838153216376,2.102645664001135,30
vol_mismatch,random,321,321,5.909127585194771,1.9631859639701668,30
vol_mismatch,random,322,322,-5.208270061607018,2.1245203937451635,30
vol_mismatch,random,323,323,-49.66998285232691,2.8042691735842697,30
vol_mismatch,random,324,324,-16.903848323389845,2.297827208019913,30
vol_mismatch,random,325,325,5.050442690265761,1.6343471980753528,30
vol_mismatch,random,326,326,-0.24698592568755373,2.098040541183443,30
vol_mismatch,random,327,327,-5.625645661078217,2.271790755051599,30
vol_mismatch,random,328,328,4.950103543630149,2.247079042429608,30
vol_mismatch,random,329,329,6.475189084498879,2.023931693547968,30
vol_mismatch,random,330,330,-7.710957416955644,2.1094833128425883,30
vol_mismatch,random,331,331,-1.0888006015962475,2.0373969469585504,30
vol_mismatch,random,332,332,-9.210073352631795,2.1533363272281036,30
vol_mismatch,random,333,333,-17.18550740829457,2.788770317412658,30
vol_mismatch,random,334,334,12.180935723215292,2.1217665794280784,30
vol_mismatch,random,335,335,-1.7715719264610854,2.0281776207342257,30
vol_mismatch,random,336,336,1.587565859646297,2.1424597477788163,30
vol_mismatch,random,337,337,-4.969779708950959,1.7270544650922819,30
vol_mismatch,random,338,338,-2.82530086353246,1.496507169848879,30
vol_mismatch,random,339,339,2.50051130916394,2.2148349128760274,30
vol_mismatch,random,340,340,2.294944392332816,1.4763067825703824,30
vol_mismatch,random,341,341,-6.86550294525167,2.332042252651446,30
vol_mismatch,random,342,342,-1.657468363444238,2.40890204821907,30
vol_mismatch,random,343,343,-21.33159697170322,1.9606442967376003,30
vol_mismatch,random,344,344,1.6334529825839752,1.9303335061071678,30
vol_mismatch,random,345,345,-4.233121368843914,1.7430533633797871,30
vol_mismatch,random,346,346,-2.0450261108340086,1.4214841495154649,30
vol_mismatch,random,347,347,2.3449390962662164,1.367716427275894,30
vol_mismatch,random,348,348,-14.548062900256213,2.4580901700708297,30
vol_mismatch,random,349,349,-7.279147217767644,2.2742604529151715,30
vol_mismatch,random,350,350,-2.711130279985298,1.8564121618328382,30
vol_mismatch,random,351,351,-4.892067524264734,1.8092593089641986,30
vol_mismatch,random,352,352,-4.090414690042223,1.865611603878939,30
vol_mismatch,random,353,353,-0.4406570465545414,2.0358925205839373,30
vol_mismatch,random,354,354,-5.710023209875594,2.0675819386970744,30
vol_mismatch,random,355,355,-15.184414103225249,1.8342584479229451,30
vol_mismatch,random,356,356,-1.1822531717918494,2.154898435117065,30
vol_mismatch,random,357,357,-15.00782144675155,2.096885354628914,30
vol_mismatch,random,358,358,-26.138579560303093,1.6284526833434834,30
vol_mismatch,random,359,359,-14.064836897198859,2.1790867284023707,30
vol_mismatch,random,360,360,8.062224429985669,1.657003980063742,30
vol_mismatch,random,361,361,17.866220313534903,2.1554717277880195,30
vol_mismatch,random,362,362,-5.742448867985402,2.5600676520231187,30
vol_mismatch,random,363,363,-5.123896985275504,1.877060813657155,30
vol_mismatch,random,364,364,-17.233272208555896,1.9791475369863596,30
vol_mismatch,random,365,365,9.081298261332165,1.490595069042732,30
vol_mismatch,random,366,366,-10.95736029529489,1.8957960295693626,30
vol_mismatch,random,367,367,-12.417935616685464,2.6486540786777977,30
vol_mismatch,random,368,368,-4.655327646423913,1.5821551779947578,30
vol_mismatch,random,369,369,11.173559463083862,1.6995954781544491,30
vol_mismatch,random,370,370,-3.716958994738384,2.405450855850158,30
vol_mismatch,random,371,371,-5.6490993220067764,2.349419546395813,30
vol_mismatch,random,372,372,-7.75531992455231,2.081019766615208,30
vol_mismatch,random,373,373,2.3576774540664687,2.047167685596176,30
vol_mismatch,random,374,374,2.1991258211301243,1.876589794772889,30
vol_mismatch,random,375,375,-8.40832467194964,2.132766655549449,30
vol_mismatch,random,376,376,2.4098979447041273,1.8610098932434205,30
vol_mismatch,random,377,377,0.5137097528147478,2.080562791801093,30
vol_mismatch,random,378,378,1.9800306440442341,1.7967037516672366,30
vol_mismatch,random,379,379,2.1830053294003653,2.1463437858186967,30
vol_mismatch,random,380,380,3.771045480401469,2.2770086562046883,30
vol_mismatch,random,381,381,9.601654739029769,2.030812962309777,30
vol_mismatch,random,382,382,-2.7674111354525905,1.706073667385709,30
vol_mismatch,random,383,383,5.455208433746236,1.857097581664067,30
vol_mismatch,random,384,384,-11.09150322355195,2.0649706171958107,30
vol_mismatch,random,385,385,-2.8303923907277806,1.659758978793673,30
vol_mismatch,random,386,386,-5.699613986230091,1.6551309876968685,30
vol_mismatch,random,387,387,-19.7555805042486,1.772327012085014,30
vol_mismatch,random,388,388,-13.167262793464872,2.609976709799409,30
vol_mismatch,random,389,389,1.6320723274848845,1.475737286431853,30
vol_mismatch,random,390,390,5.707978291972687,1.4780061979639996,30
vol_mismatch,random,391,391,7.056169972919644,1.985203795920282,30
vol_mismatch,random,392,392,14.140751180980871,2.212973524519506,30
vol_mismatch,random,393,393,-7.015682793431516,2.211715309953256,30
vol_mismatch,random,394,394,-9.915790575147824,1.7320300752954014,30
vol_mismatch,random,395,395,-3.1357567989452946,2.5770356430429815,30
vol_mismatch,random,396,396,2.01744396161131,2.2893351800644117,30
vol_mismatch,random,397,397,-4.827218743418058,2.015224929741183,30
vol_mismatch,random,398,398,4.432186346368323,1.8071507395741997,30
vol_mismatch,random,399,399,9.005769984250271,2.1507165679460463,30
vol_mismatch,random,400,400,2.309380720118817,1.7353936763506848,30
vol_mismatch,random,401,401,-8.117573612331732,2.0620282375492645,30
vol_mismatch,random,402,402,-10.616180207249453,2.236644235378026,30
vol_mismatch,random,403,403,-9.640179655794768,1.8167538144089819,30
vol_mismatch,random,404,404,1.981166648845175,2.03726299793741,30
vol_mismatch,random,405,405,-30.423004314167244,2.294448902054047,30
vol_mismatch,random,406,406,-16.009210907137827,2.1116112587524842,30
vol_mismatch,random,407,407,-3.4692793569273945,2.3182856582871194,30
vol_mismatch,random,408,408,0.06000202126492127,2.048537503320359,30
vol_mismatch,random,409,409,5.76365392842024,2.0756473826172117,30
vol_mismatch,random,410,410,6.7800897361125845,2.137639195490335,30
vol_mismatch,random,411,411,-6.369059551899149,2.485618440909577,30
vol_mismatch,random,412,412,5.319606779679006,1.9537764220175218,30
vol_mismatch,random,413,413,-6.584139686107591,2.066648239511193,30
vol_mismatch,random,414,414,-0.12861981541561818,2.381871679980625,30
vol_mismatch,random,415,415,10.343770061060923,2.1110112261370797,30
vol_mismatch,random,416,416,-1.3021580786966247,1.7062852025600312,30
vol_mismatch,random,417,417,-1.949798550852373,1.8649694596166149,30
vol_mismatch,random,418,418,0.17249319535318364,1.47692643416037,30
vol_mismatch,random,419,419,7.167646337014581,1.7557853936095957,30
vol_mismatch,random,420,420,-2.679296342097004,1.9140512493110635,30
vol_mismatch,random,421,421,-6.269462307000502,1.8567778969158693,30
vol_mismatch,random,422,422,-13.359989288544568,1.906400170590774,30
vol_mismatch,random,423,423,3.025243533495651,2.407490470099577,30
vol_mismatch,random,424,424,-16.204361127533858,1.928813600057403,30
vol_mismatch,random,425,425,-6.209021398700971,1.7867302582671427,30
vol_mismatch,random,426,426,-0.901285903880563,2.1327641910874005,30
vol_mismatch,random,427,427,0.027879306710289598,1.9661468424406428,30
vol_mismatch,random,428,428,9.052440933264933,1.8645988598441339,30
vol_mismatch,random,429,429,-0.17801643414387058,1.5560582284531257,30
vol_mismatch,random,430,430,-0.2958312199913138,2.430308301252686,30
vol_mismatch,random,431,431,-10.340212638702834,1.9264243235562615,30
vol_mismatch,random,432,432,-5.351736830569081,1.904417138339497,30
vol_mismatch,random,433,433,-2.4293056969398457,2.2961618095387046,30
vol_mismatch,random,434,434,-1.3362684337913748,1.901079628007194,30
vol_mismatch,random,435,435,-15.661024443556514,2.4224135740211907,30
vol_mismatch,random,436,436,-16.095432798322676,2.3544992584301356,30
vol_mismatch,random,437,437,-2.3589912588381594,1.7157679527161125,30
vol_mismatch,random,438,438,-0.8996770876066975,1.7720144941956646,30
vol_mismatch,random,439,439,-5.737962520325155,2.2441151987263344,30
vol_mismatch,random,440,440,-12.707917268780562,1.7997022508213487,30
vol_mismatch,random,441,441,-5.291391371172502,2.074812187633669,30
vol_mismatch,random,442,442,-30.88229568049048,2.1653718508235404,30
vol_mismatch,random,443,443,-1.8436878255216342,2.171642494729749,30
vol_mismatch,random,444,444,1.3804382057461453,1.8810933033084507,30
vol_mismatch,random,445,445,-33.1361020319652,2.157664027508004,30
vol_mismatch,random,446,446,8.531606734968971,1.7361024819839435,30
vol_mismatch,random,447,447,10.37695869308875,1.7964816054849018,30
vol_mismatch,random,448,448,2.8984018822257127,1.9556078594750101,30
vol_mismatch,random,449,449,5.624389873306212,1.887626023737709,30
vol_mismatch,whalley_wilmott,0,0,-2.826959352097818,0.09893597694892511,12
vol_mismatch,whalley_wilmott,1,1,-0.8547688084031049,0.1206500510565817,15
vol_mismatch,whalley_wilmott,2,2,-0.23662530792272962,0.145389054135422,4
vol_mismatch,whalley_wilmott,3,3,2.9679766595606303,0.01845726421866513,4
vol_mismatch,whalley_wilmott,4,4,-0.4235532799781832,0.08585711379206806,6
vol_mismatch,whalley_wilmott,5,5,0.5042025536667605,0.06090550241568007,9
vol_mismatch,whalley_wilmott,6,6,-3.8403451194263596,0.10654446489750205,14
vol_mismatch,whalley_wilmott,7,7,0.21265574767995096,0.034334812537833,11
vol_mismatch,whalley_wilmott,8,8,2.3119803963430705,0.04684176619842487,4
vol_mismatch,whalley_wilmott,9,9,-2.112265091921003,0.10481565549146649,15
vol_mismatch,whalley_wilmott,10,10,0.4054663326515897,0.042680508745633124,13
vol_mismatch,whalley_wilmott,11,11,-6.597063022731649,0.15765127805761284,13
vol_mismatch,whalley_wilmott,12,12,-2.491554103531513,0.09268549542486945,8
vol_mismatch,whalley_wilmott,13,13,-2.9777749861068656,0.10568276955353613,14
vol_mismatch,whalley_wilmott,14,14,2.56976214573195,0.03011533005578734,3
vol_mismatch,whalley_wilmott,15,15,-3.7407496830274596,0.10643829770553284,13
vol_mismatch,whalley_wilmott,16,16,-2.3105134194769477,0.07887488882230602,6
vol_mismatch,whalley_wilmott,17,17,0.5578817341923868,0.035642151048957224,7
vol_mismatch,whalley_wilmott,18,18,-5.265400283366418,0.10796810951083834,20
vol_mismatch,whalley_wilmott,19,19,-4.053277013964668,0.13119062919556687,9
vol_mismatch,whalley_wilmott,20,20,-3.884620685335231,0.11537727211692578,16
vol_mismatch,whalley_wilmott,21,21,-2.0673665233175598,0.1047732705897106,12
vol_mismatch,whalley_wilmott,22,22,-1.3027257848694553,0.14564480272035094,8
vol_mismatch,whalley_wilmott,23,23,1.586565790440478,0.03323700694394646,6
vol_mismatch,whalley_wilmott,24,24,1.0222032472550355,0.03613838462662268,5
vol_mismatch,whalley_wilmott,25,25,-3.4973860392034624,0.10408347577908438,10
vol_mismatch,whalley_wilmott,26,26,-3.994077338942027,0.154033139171708,11
vol_mismatch,whalley_wilmott,27,27,-2.5481595250140545,0.08681534298835057,15
vol_mismatch,whalley_wilmott,28,28,-0.7551472450800674,0.10346211563342603,9
vol_mismatch,whalley_wilmott,29,29,0.921881849972457,0.030077008010384494,8
vol_mismatch,whalley_wilmott,30,30,-3.8017993746604475,0.10636179098727351,18
vol_mismatch,whalley_wilmott,31,31,-4.143580250538314,0.1445936854215196,12
vol_mismatch,whalley_wilmott,32,32,-0.7143947495848693,0.0429327684687158,4
vol_mismatch,whalley_wilmott,33,33,-0.025567373721472553,0.08446918136098816,7
vol_mismatch,whalley_wilmott,34,34,-2.0972234796298324,0.10480231247022771,13
vol_mismatch,whalley_wilmott,35,35,-1.760111165521792,0.13015862030421227,9
vol_mismatch,whalley_wilmott,36,36,0.8609721841151297,0.04554894084303686,11
vol_mismatch,whalley_wilmott,37,37,1.8061500192632152,0.03366153837451411,5
vol_mismatch,whalley_wilmott,38,38,-4.048679740279653,0.12005921053071647,12
vol_mismatch,whalley_wilmott,39,39,1.4208617942620805,0.06824151794010244,7
vol_mismatch,whalley_wilmott,40,40,1.9478787808393077,0.029023678182613907,6
vol_mismatch,whalley_wilmott,41,41,-0.21752996052421736,0.09636336156445996,5
vol_mismatch,whalley_wilmott,42,42,-0.32185515589083735,0.021631999541876463,2
vol_mismatch,whalley_wilmott,43,43,0.49479939136604767,0.04429857195467039,7
vol_mismatch,whalley_wilmott,44,44,-2.184654709516934,0.10438908688967141,13
vol_mismatch,whalley_wilmott,45,45,-0.641405208825836,0.06934548432130726,11
vol_mismatch,whalley_wilmott,46,46,0.2584514915320444,0.06262129358980092,5
vol_mismatch,whalley_wilmott,47,47,0.22334777153104635,0.06802700135524083,9
vol_mismatch,whalley_wilmott,48,48,-4.475942865671584,0.10717944076189244,19
vol_mismatch,whalley_wilmott,49,49,-4.629055668445986,0.11220401886984477,11
vol_mismatch,whalley_wilmott,50,50,-1.998859603653877,0.07892176046011186,17
vol_mismatch,whalley_wilmott,51,51,1.9723902922296048,0.0816727615270108,4
vol_mismatch,whalley_wilmott,52,52,-0.8880052808940775,0.09304090279092542,9
vol_mismatch,whalley_wilmott,53,53,-2.8843205116543658,0.10558940844019693,13
vol_mismatch,whalley_wilmott,54,54,-2.8564293501044773,0.10556154514194531,10
vol_mismatch,whalley_wilmott,55,55,-0.71562063911351,0.0991783499548326,6
vol_mismatch,whalley_wilmott,56,56,-5.274059236079921,0.10797675981324943,13
vol_mismatch,whalley_wilmott,57,57,-3.5340876103186645,0.09982476054064576,10
vol_mismatch,whalley_wilmott,58,58,0.7845777323959259,0.029767184318557894,15
vol_mismatch,whalley_wilmott,59,59,-5.261201444714686,0.10796391486683063,16
vol_mismatch,whalley_wilmott,60,60,-3.988379289291103,0.10669236426201185,15
vol_mismatch,whalley_wilmott,61,61,-0.5985074275148392,0.10036143268777564,7
vol_mismatch,whalley_wilmott,62,62,1.1188722789247942,0.027972541744073365,13
vol_mismatch,whalley_wilmott,63,63,-5.789364933991024,0.10849155072025357,16
vol_mismatch,whalley_wilmott,64,64,1.0208051715602444,0.06346377393657089,7
vol_mismatch,whalley_wilmott,65,65,-1.3545316464012132,0.07907623832701142,5
vol_mismatch,whalley_wilmott,66,66,0.6548383889084902,0.09792057918869698,3
vol_mismatch,whalley_wilmott,67,67,0.6945069529987578,0.06287909129499222,7
vol_mismatch,whalley_wilmott,68,68,-3.9859108422523377,0.10668989828095415,22
vol_mismatch,whalley_wilmott,69,69,-3.4439401462260975,0.10614846901419465,15
vol_mismatch,whalley_wilmott,70,70,-1.9042356195252097,0.10461028944624008,13
vol_mismatch,whalley_wilmott,71,71,0.6233160159947317,0.059363783678828774,6
vol_mismatch,whalley_wilmott,72,72,2.197479724621438,0.035718682221433276,3
vol_mismatch,whalley_wilmott,73,73,0.6557916188687558,0.05117411664244763,9
vol_mismatch,whalley_wilmott,74,74,-1.9579563241538978,0.10435670751500814,13
vol_mismatch,whalley_wilmott,75,75,-3.732808345775112,0.1062687121489395,14
vol_mismatch,whalley_wilmott,76,76,-4.208285738121035,0.10691205102407975,13
vol_mismatch,whalley_wilmott,77,77,-1.0776983263792852,0.07929131288779745,12
vol_mismatch,whalley_wilmott,78,78,-4.84285384235838,0.10754598519414701,17
vol_mismatch,whalley_wilmott,79,79,1.9551329816195029,0.0375616986392791,6
vol_mismatch,whalley_wilmott,80,80,1.3112350804958228,0.032175400090482385,4
vol_mismatch,whalley_wilmott,81,81,-4.481190458127173,0.10718468311199796,18
vol_mismatch,whalley_wilmott,82,82,-2.8168882970442914,0.08104872058144852,12
vol_mismatch,whalley_wilmott,83,83,-2.2385619167100117,0.1048545021641384,8
vol_mismatch,whalley_wilmott,84,84,1.1496765459020206,0.02863635534483601,8
vol_mismatch,whalley_wilmott,85,85,0.9025677899650378,0.02796385476776425,11
vol_mismatch,whalley_wilmott,86,86,-2.5366815013257877,0.10111974912305562,11
vol_mismatch,whalley_wilmott,87,87,-1.694255435264498,0.11189646951907739,9
vol_mismatch,whalley_wilmott,88,88,0.6460112261832904,0.08196918784738601,6
vol_mismatch,whalley_wilmott,89,89,-0.34291429452883904,0.08126086310228291,10
vol_mismatch,whalley_wilmott,90,90,-4.124223963313099,0.10682807322706879,14
vol_mismatch,whalley_wilmott,91,91,-3.4368640924536464,0.10614140002940697,15
vol_mismatch,whalley_wilmott,92,92,1.4924797882864864,0.028608969545930958,8
vol_mismatch,whalley_wilmott,93,93,-3.8099748062554966,0.10651413800523303,15
vol_mismatch,whalley_wilmott,94,94,0.29843552250936517,0.04068412836515254,12
vol_mismatch,whalley_wilmott,95,95,-3.0620427657021736,0.09352135396133306,11
vol_mismatch,whalley_wilmott,96,96,-2.172804627768926,0.1048786033613903,11
vol_mismatch,whalley_wilmott,97,97,-0.8353173006241291,0.05602492708755645,13
vol_mismatch,whalley_wilmott,98,98,-2.9022480026998494,0.10560731802166094,16
vol_mismatch,whalley_wilmott,99,99,-1.5441125964400726,0.10416902972405188,14
vol_mismatch,whalley_wilmott,100,100,-4.8084278869654185,0.10751156122057177,15
vol_mismatch,whalley_wilmott,101,101,-1.6598541066226034,0.1043576698278769,8
vol_mismatch,whalley_wilmott,102,102,-4.084509437985318,0.10678572794429207,12
vol_mismatch,whalley_wilmott,103,103,1.038509885114431,0.028004531670753768,11
vol_mismatch,whalley_wilmott,104,104,-3.2984846523602442,0.10600315883051256,17
vol_mismatch,whalley_wilmott,105,105,-7.722707580202275,0.1485341446723914,12
vol_mismatch,whalley_wilmott,106,106,2.2068775342142573,0.03518705982409283,4
vol_mismatch,whalley_wilmott,107,107,1.6083407522591244,0.04123916799218233,4
vol_mismatch,whalley_wilmott,108,108,-3.869702437125042,0.10657380596813967,14
vol_mismatch,whalley_wilmott,109,109,-2.17646262944443,0.10488218008572121,9
vol_mismatch,whalley_wilmott,110,110,-5.932701969982205,0.17381951982871635,8
vol_mismatch,whalley_wilmott,111,111,-1.8013044071498476,0.09148150785406618,11
vol_mismatch,whalley_wilmott,112,112,-0.48179799385157196,0.11346496778190371,8
vol_mismatch,whalley_wilmott,113,113,-4.0778832327986265,0.10667422081019103,11
vol_mismatch,whalley_wilmott,114,114,0.0711674968867037,0.068066334381349,10
vol_mismatch,whalley_wilmott,115,115,1.264991482901598,0.027849112547978817,16
vol_mismatch,whalley_wilmott,116,116,-2.0454196677609824,0.09416785543976415,9
vol_mismatch,whalley_wilmott,117,117,1.1876860521572405,0.0575470874530827,7
vol_mismatch,whalley_wilmott,118,118,0.6531134836990731,0.09084941410264037,6
vol_mismatch,whalley_wilmott,119,119,-2.78866304305741,0.09158666150101905,9
vol_mismatch,whalley_wilmott,120,120,-0.40251506600434084,0.09779214535275661,10
vol_mismatch,whalley_wilmott,121,121,-3.0900250173701083,0.1300271129991803,11
vol_mismatch,whalley_wilmott,122,122,1.2397155634606734,0.04073349581230363,6
vol_mismatch,whalley_wilmott,123,123,-2.6665322362707684,0.10537183773551803,13
vol_mismatch,whalley_wilmott,124,124,1.4777665976953884,0.028841530051941264,3
vol_mismatch,whalley_wilmott,125,125,0.9615916723804858,0.02713235467216319,18
vol_mismatch,whalley_wilmott,126,126,-6.7584654905978345,0.12354773541907801,17
vol_mismatch,whalley_wilmott,127,127,3.206266498498378,0.014719903423981676,1
vol_mismatch,whalley_wilmott,128,128,-3.3294666792551197,0.10603097496299288,10
vol_mismatch,whalley_wilmott,129,129,-1.8612079798879222,0.10456134783593264,7
vol_mismatch,whalley_wilmott,130,130,-0.967795453191435,0.08399814324639597,13
vol_mismatch,whalley_wilmott,131,131,-2.962468649394708,0.10566747850786963,14
vol_mismatch,whalley_wilmott,132,132,0.47881928777621835,0.032593782649559755,13
vol_mismatch,whalley_wilmott,133,133,-5.17605924062363,0.10787075288138896,9
vol_mismatch,whalley_wilmott,134,134,1.0256404911894605,0.03604985959566534,10
vol_mismatch,whalley_wilmott,135,135,-1.9613021120863579,0.10466542300747655,12
vol_mismatch,whalley_wilmott,136,136,-1.312825921967729,0.09335621021145146,10
vol_mismatch,whalley_wilmott,137,137,1.0369468370456638,0.028312743906660075,13
vol_mismatch,whalley_wilmott,138,138,1.2768964770181206,0.028605215461599207,11
vol_mismatch,whalley_wilmott,139,139,2.5235382146589687,0.032473088319688294,3
vol_mismatch,whalley_wilmott,140,140,-2.1479264192710166,0.10409581615726446,8
vol_mismatch,whalley_wilmott,141,141,-0.7326971177320445,0.08801762281762436,5
vol_mismatch,whalley_wilmott,142,142,3.380424685548161,0.029230669421884577,2
vol_mismatch,whalley_wilmott,143,143,-4.31006667303383,0.11465953680124377,9
vol_mismatch,whalley_wilmott,144,144,-2.552636581692468,0.09665797533365526,9
vol_mismatch,whalley_wilmott,145,145,1.3272412460150784,0.0322748003109899,6
vol_mismatch,whalley_wilmott,146,146,0.7953626478673381,0.02846162349817423,12
vol_mismatch,whalley_wilmott,147,147,0.3677899837022561,0.05648920626567285,11
vol_mismatch,whalley_wilmott,148,148,-4.489141419056821,0.15095733014236007,11
vol_mismatch,whalley_wilmott,149,149,-2.9546838757323712,0.10305538890559221,13
vol_mismatch,whalley_wilmott,150,150,-0.8855605036668237,0.11086835226181958,9
vol_mismatch,whalley_wilmott,151,151,-2.6633837267076643,0.1044258776091471,9
vol_mismatch,whalley_wilmott,152,152,1.723894074080129,0.02893086417331027,4
vol_mismatch,whalley_wilmott,153,153,-1.5466585540235536,0.09169959218202813,15
vol_mismatch,whalley_wilmott,154,154,1.185341659533318,0.028650083160699766,6
vol_mismatch,whalley_wilmott,155,155,1.8035811932425918,0.02870849386631927,6
vol_mismatch,whalley_wilmott,156,156,0.7187542727328378,0.08248577537849239,5
vol_mismatch,whalley_wilmott,157,157,-4.181152204573399,0.1310391991605156,14
vol_mismatch,whalley_wilmott,158,158,0.32192160669988723,0.0359410525490053,12
vol_mismatch,whalley_wilmott,159,159,1.529471659468469,0.05228493326746825,8
vol_mismatch,whalley_wilmott,160,160,-4.889665139139879,0.10759274972639625,13
vol_mismatch,whalley_wilmott,161,161,-5.0378994210617805,0.10774083592212243,16
vol_mismatch,whalley_wilmott,162,162,-1.6506551073236624,0.10171287178298903,10
vol_mismatch,whalley_wilmott,163,163,-5.418917031869199,0.10812147289595603,15
vol_mismatch,whalley_wilmott,164,164,-2.1026480530583456,0.08868982928214937,7
vol_mismatch,whalley_wilmott,165,165,-1.44636275993021,0.10173595168333782,5
vol_mismatch,whalley_wilmott,166,166,-4.521828788735604,0.1072252808448735,12
vol_mismatch,whalley_wilmott,167,167,1.2731005928834165,0.06810113392733126,6
vol_mismatch,whalley_wilmott,168,168,-0.1213623567546176,0.06108422382701572,11
vol_mismatch,whalley_wilmott,169,169,-1.9639381081901774,0.10466988799192065,9
vol_mismatch,whalley_wilmott,170,170,-5.488492250347932,0.10818904084174191,16
vol_mismatch,whalley_wilmott,171,171,-0.8887015867800332,0.09220347596090563,10
vol_mismatch,whalley_wilmott,172,172,-1.3834354470010055,0.10401299127496882,8
vol_mismatch,whalley_wilmott,173,173,1.8563212548821957,0.049556468371472664,5
vol_mismatch,whalley_wilmott,174,174,0.03174022094888423,0.04416230401826415,12
vol_mismatch,whalley_wilmott,175,175,-4.852867834042627,0.10755598918184354,16
vol_mismatch,whalley_wilmott,176,176,-1.1783241206727684,0.06546316624771957,15
vol_mismatch,whalley_wilmott,177,177,-4.292409070841444,0.1069960903175067,10
vol_mismatch,whalley_wilmott,178,178,0.9768567861625399,0.02831694919155777,10
vol_mismatch,whalley_wilmott,179,179,1.601742411999503,0.028712287730345037,3
vol_mismatch,whalley_wilmott,180,180,-2.1141424843941508,0.10481999982155538,10
vol_mismatch,whalley_wilmott,181,181,2.5666363834584933,0.027785296940607676,3
vol_mismatch,whalley_wilmott,182,182,-3.882280251420468,0.13066980334052383,9
vol_mismatch,whalley_wilmott,183,183,-2.382958285856077,0.1050878377312912,8
vol_mismatch,whalley_wilmott,184,184,-4.061183251277043,0.10676509549276703,20
vol_mismatch,whalley_wilmott,185,185,-2.225147210346705,0.10481875419487158,8
vol_mismatch,whalley_wilmott,186,186,-4.605568570501275,0.10977984063400943,16
vol_mismatch,whalley_wilmott,187,187,-3.430731112605514,0.10591464330877864,11
vol_mismatch,whalley_wilmott,188,188,-3.030542680302844,0.10573548453275287,12
vol_mismatch,whalley_wilmott,189,189,0.6384490582869304,0.045619114528063026,6
vol_mismatch,whalley_wilmott,190,190,-3.796459643423546,0.1827031529480579,7
vol_mismatch,whalley_wilmott,191,191,1.346845716791753,0.051398787551425344,9
vol_mismatch,whalley_wilmott,192,192,-2.9490721353514573,0.10556801821300929,12
vol_mismatch,whalley_wilmott,193,193,-5.881951560835191,0.10858365145223428,15
vol_mismatch,whalley_wilmott,194,194,-4.289117481170578,0.10654305600326489,12
vol_mismatch,whalley_wilmott,195,195,-3.3580790987421523,0.10606269374198295,11
vol_mismatch,whalley_wilmott,196,196,-1.2767900077680565,0.097186996327805,6
vol_mismatch,whalley_wilmott,197,197,0.06930956762382534,0.07711278549832723,7
vol_mismatch,whalley_wilmott,198,198,0.8773714413796938,0.07485195029039046,3
vol_mismatch,whalley_wilmott,199,199,0.6657235284261669,0.040772214398661376,10
vol_mismatch,whalley_wilmott,200,200,0.9156920887928861,0.04229846825504149,9
vol_mismatch,whalley_wilmott,201,201,-1.0181106856904136,0.08920198978585163,9
vol_mismatch,whalley_wilmott,202,202,-2.197142742038068,0.10487550002988891,9
vol_mismatch,whalley_wilmott,203,203,-3.1236621061326844,0.11563137562958706,10
vol_mismatch,whalley_wilmott,204,204,-3.604202868996083,0.10680244020866363,12
vol_mismatch,whalley_wilmott,205,205,-6.540145815533904,0.10924126977870662,18
vol_mismatch,whalley_wilmott,206,206,-1.4695358684962088,0.10220538465347513,10
vol_mismatch,whalley_wilmott,207,207,-3.485152635373865,0.10618964033202463,11
vol_mismatch,whalley_wilmott,208,208,-2.354827779428831,0.10506043823759315,9
vol_mismatch,whalley_wilmott,209,209,1.125661908666872,0.028616552057539754,10
vol_mismatch,whalley_wilmott,210,210,-3.7359473713530202,0.14647676836276913,11
vol_mismatch,whalley_wilmott,211,211,-2.481434177889952,0.10518692459028248,10
vol_mismatch,whalley_wilmott,212,212,-2.451083007150288,0.10514112441575817,14
vol_mismatch,whalley_wilmott,213,213,-1.316771034995849,0.04091052305069631,6
vol_mismatch,whalley_wilmott,214,214,-4.57528383333198,0.10727868248782692,19
vol_mismatch,whalley_wilmott,215,215,1.5431371254816468,0.0290354619898966,7
vol_mismatch,whalley_wilmott,216,216,-6.352011118229868,0.10905329580181033,15
vol_mismatch,whalley_wilmott,217,217,1.0313512072525601,0.057949652368152145,7
vol_mismatch,whalley_wilmott,218,218,0.5542995584948947,0.041003527508174265,12
vol_mismatch,whalley_wilmott,219,219,-0.8343606681648197,0.1030164543949197,6
vol_mismatch,whalley_wilmott,220,220,-3.593324985661141,0.10628595352399971,13
vol_mismatch,whalley_wilmott,221,221,0.6257932725885489,0.08546216380345076,5
vol_mismatch,whalley_wilmott,222,222,-3.3787764155445217,0.1464574893302061,8
vol_mismatch,whalley_wilmott,223,223,-0.7121915609348806,0.06952137064737622,10
vol_mismatch,whalley_wilmott,224,224,-2.667866985813305,0.10537315832876969,8
vol_mismatch,whalley_wilmott,225,225,1.571952095698778,0.028556320435114645,9
vol_mismatch,whalley_wilmott,226,226,-3.013607120520035,0.10571856589161123,15
vol_mismatch,whalley_wilmott,227,227,-2.6224771733745342,0.10532393973881952,15
vol_mismatch,whalley_wilmott,228,228,-4.028745191412611,0.10673268983855681,14
vol_mismatch,whalley_wilmott,229,229,-3.4722432621974235,0.10617674385532487,17
vol_mismatch,whalley_wilmott,230,230,-0.8579901591677174,0.09702206226291335,11
vol_mismatch,whalley_wilmott,231,231,-3.929726940422597,0.10450330899008217,7
vol_mismatch,whalley_wilmott,232,232,-0.631023257776846,0.10073126657326073,6
vol_mismatch,whalley_wilmott,233,233,-5.265840978403503,0.10796854976562062,17
vol_mismatch,whalley_wilmott,234,234,-1.9819017648767918,0.06945399271628044,8
vol_mismatch,whalley_wilmott,235,235,-3.720174046098582,0.11809115771294691,10
vol_mismatch,whalley_wilmott,236,236,-1.1481411877032741,0.08242490679210673,6
vol_mismatch,whalley_wilmott,237,237,-3.618013151216445,0.10632236812007914,18
vol_mismatch,whalley_wilmott,238,238,-2.1883908767310345,0.10366442021839817,8
vol_mismatch,whalley_wilmott,239,239,-4.441219541337617,0.1071447521261942,11
vol_mismatch,whalley_wilmott,240,240,1.0336708389605889,0.06554417348918468,4
vol_mismatch,whalley_wilmott,241,241,-3.141820400614037,0.10584663120607417,9
vol_mismatch,whalley_wilmott,242,242,-5.184053686363811,0.10788684417916741,10
vol_mismatch,whalley_wilmott,243,243,-1.4910556857247883,0.0886284000092955,8
vol_mismatch,whalley_wilmott,244,244,-4.523454865097804,0.10722690529678379,19
vol_mismatch,whalley_wilmott,245,245,-2.3261768582543922,0.13208398427236284,9
vol_mismatch,whalley_wilmott,246,246,-0.057445421484052836,0.05176718248150028,13
vol_mismatch,whalley_wilmott,247,247,-3.4579055683028828,0.12798179975200857,10
vol_mismatch,whalley_wilmott,248,248,-4.130951305934005,0.10683479384906773,15
vol_mismatch,whalley_wilmott,249,249,-4.724271323817817,0.10742752113966089,15
vol_mismatch,whalley_wilmott,250,250,1.4304417314938642,0.026122487522306344,3
vol_mismatch,whalley_wilmott,251,251,-0.48057540565136747,0.07573423496177033,14
vol_mismatch,whalley_wilmott,252,252,1.1354654198835092,0.0437063419413207,6
vol_mismatch,whalley_wilmott,253,253,-3.6307672442229375,0.09707272034875752,8
vol_mismatch,whalley_wilmott,254,254,0.7523055855577838,0.02825940579400368,13
vol_mismatch,whalley_wilmott,255,255,-0.9341917616707747,0.10316580118487247,8
vol_mismatch,whalley_wilmott,256,256,-6.856598186763248,0.1911271357904589,13
vol_mismatch,whalley_wilmott,257,257,-0.47358630099833543,0.081072937638281,11
vol_mismatch,whalley_wilmott,258,258,1.7003915379952397,0.030084116498244443,8
vol_mismatch,whalley_wilmott,259,259,-2.919841869087122,0.10562489431175816,18
vol_mismatch,whalley_wilmott,260,260,-4.594343018561972,0.1413283522795116,14
vol_mismatch,whalley_wilmott,261,261,-3.8257337767661683,0.1295368678964585,9
vol_mismatch,whalley_wilmott,262,262,-2.6397877645566865,0.10534511998155789,12
vol_mismatch,whalley_wilmott,263,263,-4.1524665649767485,0.10204693994126601,16
vol_mismatch,whalley_wilmott,264,264,-2.87867946334336,0.1055837730272988,12
vol_mismatch,whalley_wilmott,265,265,-5.576350302658433,0.19395953463667348,13
vol_mismatch,whalley_wilmott,266,266,1.867571259423439,0.021064637786972658,2
vol_mismatch,whalley_wilmott,267,267,-2.5471377268168687,0.08155856605638286,12
vol_mismatch,whalley_wilmott,268,268,-2.886497692580022,0.10559158344611667,16
vol_mismatch,whalley_wilmott,269,269,-6.80863699228739,0.10950980452474542,16
vol_mismatch,whalley_wilmott,270,270,-0.9202524485265968,0.07397196098072834,5
vol_mismatch,whalley_wilmott,271,271,0.5699093526156486,0.031179504527589278,14
vol_mismatch,whalley_wilmott,272,272,-2.4082751894449643,0.10511373031943326,10
vol_mismatch,whalley_wilmott,273,273,-3.941793309282658,0.09237821447423514,11
vol_mismatch,whalley_wilmott,274,274,1.356240876025175,0.028596030967999876,12
vol_mismatch,whalley_wilmott,275,275,-6.94328814211481,0.10964432115793965,18
vol_mismatch,whalley_wilmott,276,276,1.2025011836933885,0.02854219410787256,7
vol_mismatch,whalley_wilmott,277,277,-3.24420091664296,0.16900207701817704,9
vol_mismatch,whalley_wilmott,278,278,1.09415610389996,0.028755086379014284,10
vol_mismatch,whalley_wilmott,279,279,1.2300162495455613,0.02798649803884284,14
vol_mismatch,whalley_wilmott,280,280,-0.6503758171646019,0.07450100113532164,8
vol_mismatch,whalley_wilmott,281,281,-8.752215922682266,0.17644815942833111,18
vol_mismatch,whalley_wilmott,282,282,1.1631725428686719,0.028142785685501007,14
vol_mismatch,whalley_wilmott,283,283,0.6610514847839397,0.06269960818397262,8
vol_mismatch,whalley_wilmott,284,284,-3.259829450257172,0.10596454224499495,17
vol_mismatch,whalley_wilmott,285,285,-3.3741030975680113,0.11190266960099386,9
vol_mismatch,whalley_wilmott,286,286,-4.59994909662548,0.10730332311049776,19
vol_mismatch,whalley_wilmott,287,287,0.05116805480167841,0.07521157219675483,8
vol_mismatch,whalley_wilmott,288,288,-3.7833275422353125,0.10075782843330802,11
vol_mismatch,whalley_wilmott,289,289,-5.3003014296927375,0.10800297579088461,16
vol_mismatch,whalley_wilmott,290,290,-1.0796476182646018,0.10378342212134538,10
vol_mismatch,whalley_wilmott,291,291,-2.1641700413842386,0.10278878827891494,11
vol_mismatch,whalley_wilmott,292,292,-2.8926902484535404,0.13756634345354293,9
vol_mismatch,whalley_wilmott,293,293,1.2902770336941127,0.03884277561203804,6
vol_mismatch,whalley_wilmott,294,294,0.6623597723867931,0.08178164009360006,7
vol_mismatch,whalley_wilmott,295,295,-3.055883640892155,0.1061657329000964,9
vol_mismatch,whalley_wilmott,296,296,3.0085364107986887,0.016548038086690583,2
vol_mismatch,whalley_wilmott,297,297,1.3006474134973307,0.032675249889240594,5
vol_mismatch,whalley_wilmott,298,298,-7.764017985697178,0.14335583765838425,11
vol_mismatch,whalley_wilmott,299,299,0.7403605244898347,0.04255392988882172,10
vol_mismatch,whalley_wilmott,300,300,1.3556955831106658,0.028488021344390695,7
vol_mismatch,whalley_wilmott,301,301,0.9030534540954639,0.027681203237489464,14
vol_mismatch,whalley_wilmott,302,302,-3.425188094241662,0.10511359389689995,9
vol_mismatch,whalley_wilmott,303,303,1.8919391766236782,0.0293302114239279,6
vol_mismatch,whalley_wilmott,304,304,-0.10140354765549375,0.05867628194334652,6
vol_mismatch,whalley_wilmott,305,305,1.8423722012781383,0.05074580632311658,6
vol_mismatch,whalley_wilmott,306,306,-2.499512230432998,0.10520498458283295,10
vol_mismatch,whalley_wilmott,307,307,-4.760696109903222,0.1074639095373486,14
vol_mismatch,whalley_wilmott,308,308,0.4500972146003022,0.06997296652187246,9
vol_mismatch,whalley_wilmott,309,309,-7.156577471792161,0.15041455280004185,10
vol_mismatch,whalley_wilmott,310,310,-2.2043693710300936,0.11756684338166745,10
vol_mismatch,whalley_wilmott,311,311,-1.6274836613083181,0.10224991941036966,10
vol_mismatch,whalley_wilmott,312,312,-2.693852709800865,0.13766657424239248,10
vol_mismatch,whalley_wilmott,313,313,-0.8878985896755296,0.09993357385146816,5
vol_mismatch,whalley_wilmott,314,314,0.12537061374366942,0.09013003918690139,9
vol_mismatch,whalley_wilmott,315,315,-3.2417347915372394,0.08566632409147702,16
vol_mismatch,whalley_wilmott,316,316,1.5054287965214037,0.02221424985302406,2
vol_mismatch,whalley_wilmott,317,317,-4.13433145241612,0.1068381706187801,15
vol_mismatch,whalley_wilmott,318,318,-3.322941056182069,0.13762756355295225,10
vol_mismatch,whalley_wilmott,319,319,2.200396960233352,0.037541171295478376,6
vol_mismatch,whalley_wilmott,320,320,-3.7380897005879916,0.10644232471285789,14
vol_mismatch,whalley_wilmott,321,321,1.62189337924999,0.03849831578346882,6
vol_mismatch,whalley_wilmott,322,322,-0.7899911512983806,0.09986378014353055,6
vol_mismatch,whalley_wilmott,323,323,-6.858171730432147,0.10955928977763728,18
vol_mismatch,whalley_wilmott,324,324,-6.108811305120568,0.10881067796413922,15
vol_mismatch,whalley_wilmott,325,325,-1.097681013555148,0.08329034484375432,14
vol_mismatch,whalley_wilmott,326,326,1.3206988640121244,0.028884534760999128,9
vol_mismatch,whalley_wilmott,327,327,-2.7929799047056463,0.10516172191369531,7
vol_mismatch,whalley_wilmott,328,328,-1.2013632878665848,0.11173612474696176,11
vol_mismatch,whalley_wilmott,329,329,0.7165158084660326,0.04089542436517331,8
vol_mismatch,whalley_wilmott,330,330,-4.0116335678838055,0.106715595309557,19
vol_mismatch,whalley_wilmott,331,331,-2.336326638783021,0.10503225615662282,10
vol_mismatch,whalley_wilmott,332,332,-1.7560788129795646,0.09693325134956471,14
vol_mismatch,whalley_wilmott,333,333,-3.8194272924967265,0.10652358104843103,17
vol_mismatch,whalley_wilmott,334,334,0.5134993535914568,0.03516541587193745,12
vol_mismatch,whalley_wilmott,335,335,-1.82187884194488,0.1023366706629461,12
vol_mismatch,whalley_wilmott,336,336,-0.44544089059189673,0.0942201645121892,5
vol_mismatch,whalley_wilmott,337,337,-1.6261393704757552,0.10410369644794248,9
vol_mismatch,whalley_wilmott,338,338,0.24099672311216283,0.058806012456309426,10
vol_mismatch,whalley_wilmott,339,339,-1.7959385938818997,0.10243607081970149,15
vol_mismatch,whalley_wilmott,340,340,-0.8794111476651951,0.07471067962803485,10
vol_mismatch,whalley_wilmott,341,341,-3.2302305131814677,0.10593497287728695,12
vol_mismatch,whalley_wilmott,342,342,-3.917538607903282,0.10662125962922066,11
vol_mismatch,whalley_wilmott,343,343,-5.591956640085272,0.1082943396374306,18
vol_mismatch,whalley_wilmott,344,344,0.880099400962763,0.06522974881966413,5
vol_mismatch,whalley_wilmott,345,345,-1.761384113945411,0.10542054688384898,10
vol_mismatch,whalley_wilmott,346,346,1.8351410283086595,0.02837032217147355,7
vol_mismatch,whalley_wilmott,347,347,-0.24287312919027992,0.0369375660573042,15
vol_mismatch,whalley_wilmott,348,348,-2.3707525573889114,0.10507635354083085,13
vol_mismatch,whalley_wilmott,349,349,-3.21813854379697,0.13661548858381312,11
vol_mismatch,whalley_wilmott,350,350,-0.04487665908719407,0.06392589475204859,6
vol_mismatch,whalley_wilmott,351,351,1.9052590615573881,0.03387049746814449,4
vol_mismatch,whalley_wilmott,352,352,3.033686378942841,0.014999657062244272,1
vol_mismatch,whalley_wilmott,353,353,-2.3546313402474364,0.11207907767721768,9
vol_mismatch,whalley_wilmott,354,354,1.0243078614775287,0.03674019955203149,12
vol_mismatch,whalley_wilmott,355,355,-3.2752802674936703,0.10597997762684959,10
vol_mismatch,whalley_wilmott,356,356,1.1866611296562228,0.060505855259257814,5
vol_mismatch,whalley_wilmott,357,357,-3.8356066187090505,0.10653974421148034,15
vol_mismatch,whalley_wilmott,358,358,-2.7192735189608186,0.105424526329614,16
vol_mismatch,whalley_wilmott,359,359,-3.7695008413553666,0.10647370447386427,15
vol_mismatch,whalley_wilmott,360,360,0.5691676478435307,0.028201107374150814,7
vol_mismatch,whalley_wilmott,361,361,-4.07858491888917,0.16021569558707197,11
vol_mismatch,whalley_wilmott,362,362,-2.6161932038956053,0.10516938884147367,9
vol_mismatch,whalley_wilmott,363,363,1.7959191209761007,0.03255278109276492,7
vol_mismatch,whalley_wilmott,364,364,-2.697344541328661,0.10540261925905241,12
vol_mismatch,whalley_wilmott,365,365,-0.051306058812177174,0.05317935664781993,9
vol_mismatch,whalley_wilmott,366,366,-3.798986802328656,0.10650166642174082,12
vol_mismatch,whalley_wilmott,367,367,-2.9684993454993673,0.10537410353542374,12
vol_mismatch,whalley_wilmott,368,368,-1.5790368809546464,0.10409339845901425,7
vol_mismatch,whalley_wilmott,369,369,-4.92664990591664,0.11975833273031436,12
vol_mismatch,whalley_wilmott,370,370,1.1420563466465339,0.09839249846943945,8
vol_mismatch,whalley_wilmott,371,371,-0.23534962026275252,0.07174690136912208,8
vol_mismatch,whalley_wilmott,372,372,-3.643924806015903,0.10559205906872725,15
vol_mismatch,whalley_wilmott,373,373,1.2103689698708922,0.028633689927943348,7
vol_mismatch,whalley_wilmott,374,374,-0.6669991345703085,0.0929721050319646,9
vol_mismatch,whalley_wilmott,375,375,-3.9246820629281274,0.10662873066924168,15
vol_mismatch,whalley_wilmott,376,376,-10.45759723514017,0.22525114567996796,14
vol_mismatch,whalley_wilmott,377,377,0.37412958545161246,0.05512393573552703,6
vol_mismatch,whalley_wilmott,378,378,-0.6901466883280536,0.060790008349869105,9
vol_mismatch,whalley_wilmott,379,379,-3.4086927508444673,0.14561647483754353,8
vol_mismatch,whalley_wilmott,380,380,-0.07166194121560801,0.05304490114318231,8
vol_mismatch,whalley_wilmott,381,381,-0.7012823062439165,0.08406907583667811,13
vol_mismatch,whalley_wilmott,382,382,-2.9541957676151043,0.10565918142544538,14
vol_mismatch,whalley_wilmott,383,383,0.7937507333145306,0.04837945682411365,10
vol_mismatch,whalley_wilmott,384,384,-3.5497364595934613,0.10625395521541156,12
vol_mismatch,whalley_wilmott,385,385,-0.8362209939888032,0.0686794989164991,7
vol_mismatch,whalley_wilmott,386,386,-4.07256338964316,0.12276679014123143,14
vol_mismatch,whalley_wilmott,387,387,-3.864002612823029,0.10656811183796785,20
vol_mismatch,whalley_wilmott,388,388,-3.3993757864493688,0.10610394917425787,9
vol_mismatch,whalley_wilmott,389,389,-1.1324450703809674,0.10297302642982553,9
vol_mismatch,whalley_wilmott,390,390,-3.8904157375581576,0.10530902387183938,10
vol_mismatch,whalley_wilmott,391,391,1.0097843149682681,0.051224632215376896,5
vol_mismatch,whalley_wilmott,392,392,-5.207252766308841,0.10790354237847706,15
vol_mismatch,whalley_wilmott,393,393,0.6038789325999616,0.05977614420377608,4
vol_mismatch,whalley_wilmott,394,394,-3.1152158399029237,0.1259320694609144,13
vol_mismatch,whalley_wilmott,395,395,-5.4645952190918194,0.14764946204077395,13
vol_mismatch,whalley_wilmott,396,396,-3.876461799823957,0.10458566316012421,12
vol_mismatch,whalley_wilmott,397,397,-0.5035011701202676,0.0885842460568469,8
vol_mismatch,whalley_wilmott,398,398,1.5279932438420152,0.028720089138693623,10
vol_mismatch,whalley_wilmott,399,399,1.8953840051440167,0.03297559215634875,7
vol_mismatch,whalley_wilmott,400,400,2.5351206714538312,0.02808988926059352,3
vol_mismatch,whalley_wilmott,401,401,-1.4367360606851065,0.10414304678385121,11
vol_mismatch,whalley_wilmott,402,402,-1.663674532951859,0.11397192671386808,6
vol_mismatch,whalley_wilmott,403,403,-3.0787211670315884,0.10578351116391038,15
vol_mismatch,whalley_wilmott,404,404,-1.0284684080621211,0.15450145013874497,10
vol_mismatch,whalley_wilmott,405,405,-5.50776500259866,0.108210232107474,14
vol_mismatch,whalley_wilmott,406,406,-2.9549994730335385,0.10305822649867286,8
vol_mismatch,whalley_wilmott,407,407,-0.7254028731471411,0.09623843200838349,10
vol_mismatch,whalley_wilmott,408,408,-2.127147679860215,0.1048229211581655,10
vol_mismatch,whalley_wilmott,409,409,2.398268659610096,0.027300851504568648,3
vol_mismatch,whalley_wilmott,410,410,0.5530188833742005,0.04555155816135146,11
vol_mismatch,whalley_wilmott,411,411,1.7447583183391444,0.04782499867973207,5
vol_mismatch,whalley_wilmott,412,412,-6.597945282865622,0.17084890211962764,11
vol_mismatch,whalley_wilmott,413,413,2.8269133784574016,0.03467873310432783,3
vol_mismatch,whalley_wilmott,414,414,-0.588428253260048,0.07772287804540273,5
vol_mismatch,whalley_wilmott,415,415,1.5311673857849328,0.036680153073618306,3
vol_mismatch,whalley_wilmott,416,416,2.543709074045701,0.04013537066832863,2
vol_mismatch,whalley_wilmott,417,417,0.7834091583998245,0.05824143469936758,7
vol_mismatch,whalley_wilmott,418,418,1.984637545314975,0.03340800437335232,8
vol_mismatch,whalley_wilmott,419,419,-1.4599353693636345,0.09938002388405154,7
vol_mismatch,whalley_wilmott,420,420,0.8453757319894777,0.09553728490570884,6
vol_mismatch,whalley_wilmott,421,421,-1.7650999454134393,0.10445748638782322,12
vol_mismatch,whalley_wilmott,422,422,-2.157274636605777,0.1048630823229006,14
vol_mismatch,whalley_wilmott,423,423,-5.526478788654293,0.1349775331849239,11
vol_mismatch,whalley_wilmott,424,424,-4.740830677535101,0.10744406395056731,16
vol_mismatch,whalley_wilmott,425,425,0.9089406091837446,0.08458862751288954,7
vol_mismatch,whalley_wilmott,426,426,0.6588380594170005,0.06585951441309494,7
vol_mismatch,whalley_wilmott,427,427,1.7925404211112288,0.02802698882638478,9
vol_mismatch,whalley_wilmott,428,428,-0.6693637746329699,0.11762281875197639,5
vol_mismatch,whalley_wilmott,429,429,0.7284429562307796,0.04598135599691603,7
vol_mismatch,whalley_wilmott,430,430,-0.048596813500012104,0.10228537134164503,8
vol_mismatch,whalley_wilmott,431,431,-3.831148360708786,0.10225420440772187,13
vol_mismatch,whalley_wilmott,432,432,1.6548971461598245,0.028611336086987408,6
vol_mismatch,whalley_wilmott,433,433,-0.45576905903490683,0.07085343300518634,6
vol_mismatch,whalley_wilmott,434,434,-2.46280483316265,0.1421540165494335,10
vol_mismatch,whalley_wilmott,435,435,-4.095392408086951,0.10679927047459513,13
vol_mismatch,whalley_wilmott,436,436,-3.098977365435516,0.10580385085156674,15
vol_mismatch,whalley_wilmott,437,437,-1.327879913909399,0.08480778583568277,5
vol_mismatch,whalley_wilmott,438,438,2.6547908680327037,0.0323634500176307,3
vol_mismatch,whalley_wilmott,439,439,-2.7766466224928763,0.10548184211735828,10
vol_mismatch,whalley_wilmott,440,440,-1.8949625553243692,0.1045901586973874,13
vol_mismatch,whalley_wilmott,441,441,-2.4497161779745085,0.10403422662366522,12
vol_mismatch,whalley_wilmott,442,442,-5.37830590161694,0.10808090233626343,17
vol_mismatch,whalley_wilmott,443,443,-0.19577168301397307,0.047612018339133394,6
vol_mismatch,whalley_wilmott,444,444,2.000007549503567,0.02817266991247146,5
vol_mismatch,whalley_wilmott,445,445,-4.467259297368955,0.10717076586848322,19
vol_mismatch,whalley_wilmott,446,446,0.5487044587812321,0.04689409676068215,14
vol_mismatch,whalley_wilmott,447,447,0.9972657548036352,0.06996796501357529,5
vol_mismatch,whalley_wilmott,448,448,1.6538165826421234,0.028968463884779538,7
vol_mismatch,whalley_wilmott,449,449,-2.7168722269559034,0.1261315962176251,10
vol_mismatch,ppo,0,0,-2.4412467859856015,0.19619329481294354,30
vol_mismatch,ppo,1,1,-4.293183861558983,0.33015226829956656,30
vol_mismatch,ppo,2,2,-3.1401395728499963,0.3862268849925767,30
vol_mismatch,ppo,3,3,2.1841173436814003,0.15058246475780399,30
vol_mismatch,ppo,4,4,-0.4159319720841559,0.38351825404883205,30
vol_mismatch,ppo,5,5,-1.4325441841976367,0.2390978449130307,30
vol_mismatch,ppo,6,6,-3.544825067111077,0.24159440240252758,30
vol_mismatch,ppo,7,7,-1.8952001879562275,0.1467272146115494,30
vol_mismatch,ppo,8,8,0.5037034929043607,0.2377256841816901,30
vol_mismatch,ppo,9,9,-0.8509285825313953,0.28147880728143765,30
vol_mismatch,ppo,10,10,-0.6292505181953043,0.13705222663961586,30
vol_mismatch,ppo,11,11,-5.362041825449383,0.3169102362281977,30
vol_mismatch,ppo,12,12,-3.9792936784871387,0.33899295595302054,30
vol_mismatch,ppo,13,13,3.5959530642683717,0.2728912119570469,30
vol_mismatch,ppo,14,14,-0.7475666881589476,0.37145447676562243,30
vol_mismatch,ppo,15,15,-2.297388325247283,0.2581945355809587,30
vol_mismatch,ppo,16,16,-2.1320569973549652,0.37458612227844446,30
vol_mismatch,ppo,17,17,-1.9140200019993792,0.11602916391135655,30
vol_mismatch,ppo,18,18,0.9062239513294656,0.17082338536819694,30
vol_mismatch,ppo,19,19,-4.526559762810743,0.37151590052210526,30
vol_mismatch,ppo,20,20,-4.824177711910482,0.22798326349884282,30
vol_mismatch,ppo,21,21,-2.872784901756688,0.334443660991041,30
vol_mismatch,ppo,22,22,-3.709452929128057,0.3833262044538324,30
vol_mismatch,ppo,23,23,-0.44575816180170946,0.19255298925799438,30
vol_mismatch,ppo,24,24,-0.6575607318332146,0.24236337469642513,30
vol_mismatch,ppo,25,25,-3.938735538107622,0.25381081845876574,30
vol_mismatch,ppo,26,26,-4.177970241551883,0.3778873037092013,30
vol_mismatch,ppo,27,27,-3.2887742231278585,0.1853983847221643,30
vol_mismatch,ppo,28,28,0.2476819270583519,0.3552403415141461,30
vol_mismatch,ppo,29,29,-1.2845777986030456,0.18293098546264924,30
vol_mismatch,ppo,30,30,-1.9839494558046908,0.18069811755736137,30
vol_mismatch,ppo,31,31,-3.7036622717291863,0.298932530600725,30
vol_mismatch,ppo,32,32,-3.0394503186655015,0.2699002250717596,30
vol_mismatch,ppo,33,33,0.18901365774926404,0.275293774783661,30
vol_mismatch,ppo,34,34,1.0925636330125315,0.2866021245462802,30
vol_mismatch,ppo,35,35,-3.71646517899876,0.4064289379524899,30
vol_mismatch,ppo,36,36,-0.14809499639553358,0.19359990555653125,30
vol_mismatch,ppo,37,37,-0.8156993483266621,0.20302216102641327,30
vol_mismatch,ppo,38,38,-4.048328661487204,0.33883636592088295,30
vol_mismatch,ppo,39,39,-1.845118405274869,0.3421821176798646,30
vol_mismatch,ppo,40,40,0.9986058301314085,0.11165030753268135,30
vol_mismatch,ppo,41,41,-1.450568760707725,0.3428296268058391,30
vol_mismatch,ppo,42,42,-0.8070562484256243,0.25014503544258815,30
vol_mismatch,ppo,43,43,-1.6219160078930468,0.18838682117493413,30
vol_mismatch,ppo,44,44,-0.8675481958669309,0.2741689956002724,30
vol_mismatch,ppo,45,45,-1.2120165123626698,0.17389512743700922,30
vol_mismatch,ppo,46,46,-2.025944674967697,0.2707611158564621,30
vol_mismatch,ppo,47,47,-4.498902782227372,0.24761548565046307,30
vol_mismatch,ppo,48,48,-0.7247283975662953,0.19093861652854385,30
vol_mismatch,ppo,49,49,-1.0258180289031742,0.28546155319370004,30
vol_mismatch,ppo,50,50,-2.5191674291730664,0.18015286084619103,30
vol_mismatch,ppo,51,51,-0.4375529013722428,0.44363932663357625,30
vol_mismatch,ppo,52,52,-1.93507680180727,0.32094514796433365,30
vol_mismatch,ppo,53,53,-1.8941542973184085,0.27818484642847147,30
vol_mismatch,ppo,54,54,0.5126008433615112,0.3165330635565283,30
vol_mismatch,ppo,55,55,-0.017410513957202056,0.44685372226265885,30
vol_mismatch,ppo,56,56,-3.250168599104285,0.2974628889382405,30
vol_mismatch,ppo,57,57,-4.286019220522917,0.30366250012772317,30
vol_mismatch,ppo,58,58,-0.9358904090816873,0.09818010637738796,30
vol_mismatch,ppo,59,59,-2.5417455706695478,0.2139714692501974,30
vol_mismatch,ppo,60,60,-0.3929296192214764,0.18813714529941977,30
vol_mismatch,ppo,61,61,-2.662825858562222,0.4042245899717731,30
vol_mismatch,ppo,62,62,1.0438281975639185,0.0833220519475627,30
vol_mismatch,ppo,63,63,2.609087794738315,0.1788296425237697,30
vol_mismatch,ppo,64,64,-0.8434599210029603,0.19662652341213166,30
vol_mismatch,ppo,65,65,-4.2222534235257285,0.37901459955071726,30
vol_mismatch,ppo,66,66,-2.8007608603364584,0.30309777275006067,30
vol_mismatch,ppo,67,67,-1.6595155937251178,0.41150469287201447,30
vol_mismatch,ppo,68,68,-1.3334980265873213,0.21592631540358914,30
vol_mismatch,ppo,69,69,-0.38304876051873293,0.2195072778590183,30
vol_mismatch,ppo,70,70,2.694641959238197,0.2653609746635936,30
vol_mismatch,ppo,71,71,-0.5156015766787405,0.33790683623370477,30
vol_mismatch,ppo,72,72,-0.7800533787343795,0.31234241098185445,30
vol_mismatch,ppo,73,73,-1.0338633300233546,0.17933190799979917,30
vol_mismatch,ppo,74,74,-2.3053535717199765,0.247264613288559,30
vol_mismatch,ppo,75,75,-3.0976411631342415,0.27772291287272416,30
vol_mismatch,ppo,76,76,-2.305438139330974,0.1989608930747616,30
vol_mismatch,ppo,77,77,-1.5235478655404773,0.28750851316274645,30
vol_mismatch,ppo,78,78,2.7655010528240496,0.1736659315565082,30
vol_mismatch,ppo,79,79,0.21287629404894304,0.2733432524279831,30
vol_mismatch,ppo,80,80,-0.41940579844693815,0.22753346403246902,30
vol_mismatch,ppo,81,81,-1.160770029431049,0.15618693412007695,30
vol_mismatch,ppo,82,82,-2.148423866013072,0.20236626792827997,30
vol_mismatch,ppo,83,83,-0.5544511061462458,0.27816557685258225,30
vol_mismatch,ppo,84,84,0.14940782759857107,0.12319622962863404,30
vol_mismatch,ppo,85,85,0.09687949033842624,0.10721674722313329,30
vol_mismatch,ppo,86,86,-3.623604459944943,0.38798373679520903,30
vol_mismatch,ppo,87,87,-1.8649268482550152,0.31061452598134554,30
vol_mismatch,ppo,88,88,-2.399327438225747,0.3552898622799892,30
vol_mismatch,ppo,89,89,-3.608817614160955,0.404698700350531,30
vol_mismatch,ppo,90,90,-1.2704158170478905,0.16363316487924331,30
vol_mismatch,ppo,91,91,0.12148329776934474,0.22616024517542746,30
vol_mismatch,ppo,92,92,0.6209640537663237,0.10490300624873897,30
vol_mismatch,ppo,93,93,-0.4246837000026744,0.21128516680752188,30
vol_mismatch,ppo,94,94,-1.3769446477506868,0.12380170301630816,30
vol_mismatch,ppo,95,95,-3.47982150282548,0.33510891342618454,30
vol_mismatch,ppo,96,96,0.053483269399009714,0.30181465285094033,30
vol_mismatch,ppo,97,97,-2.4559016225188888,0.13255336002766388,30
vol_mismatch,ppo,98,98,2.2032857668237966,0.19947342096549,30
vol_mismatch,ppo,99,99,0.5853610095982731,0.25953538718033103,30
vol_mismatch,ppo,100,100,-1.93293228523234,0.20087498591177963,30
vol_mismatch,ppo,101,101,-3.575210743681893,0.40681514440933947,30
vol_mismatch,ppo,102,102,-4.169644287182294,0.2796805489560107,30
vol_mismatch,ppo,103,103,1.1577235784049975,0.1097441909933378,30
vol_mismatch,ppo,104,104,4.096586101300176,0.1914558836127256,30
vol_mismatch,ppo,105,105,-6.8321863207728875,0.2855266931138714,30
vol_mismatch,ppo,106,106,0.07372299748186606,0.26406565506032725,30
vol_mismatch,ppo,107,107,-0.11935688947909995,0.3548673451992837,30
vol_mismatch,ppo,108,108,-0.07112173283870504,0.2500306201371065,30
vol_mismatch,ppo,109,109,-1.054326311436256,0.24687381993314417,30
vol_mismatch,ppo,110,110,-4.91560974678103,0.37562805936795185,30
vol_mismatch,ppo,111,111,-1.0682105076604387,0.24389420456865257,30
vol_mismatch,ppo,112,112,-1.8534810681046423,0.4238190986397389,30
vol_mismatch,ppo,113,113,-5.801446614189388,0.39566580139648766,30
vol_mismatch,ppo,114,114,-2.234622494913287,0.23166030900454745,30
vol_mismatch,ppo,115,115,0.9837117746672934,0.09038990785138545,30
vol_mismatch,ppo,116,116,-3.664342179031598,0.32652041902205486,30
vol_mismatch,ppo,117,117,-0.7322224709654535,0.2836260000560687,30
vol_mismatch,ppo,118,118,-2.3017063410745635,0.3343099762316859,30
vol_mismatch,ppo,119,119,-2.8801812397825834,0.18422478238418416,30
vol_mismatch,ppo,120,120,-1.1388331804483016,0.3504660304044307,30
vol_mismatch,ppo,121,121,-2.830084900424893,0.3033228444432021,30
vol_mismatch,ppo,122,122,0.5547072683949636,0.14897215505436612,30
vol_mismatch,ppo,123,123,0.943368636565495,0.29177503373357716,30
vol_mismatch,ppo,124,124,-1.2826049728224032,0.2425257630486803,30
vol_mismatch,ppo,125,125,1.1524609893292368,0.080458395478522,30
vol_mismatch,ppo,126,126,-5.292274138637554,0.23807271395795818,30
vol_mismatch,ppo,127,127,2.379966939458214,0.2950346533544219,30
vol_mismatch,ppo,128,128,-1.9719268590992982,0.31794174617336235,30
vol_mismatch,ppo,129,129,-2.977678335970623,0.318064342438656,30
vol_mismatch,ppo,130,130,-2.344855733125783,0.18652896185509774,30
vol_mismatch,ppo,131,131,-0.9432996311796984,0.26765770110593673,30
vol_mismatch,ppo,132,132,-0.3586435785031039,0.13701014215782523,30
vol_mismatch,ppo,133,133,-6.806589683520173,0.3353450355287644,30
vol_mismatch,ppo,134,134,-1.2316553940662924,0.11449936484156789,30
vol_mismatch,ppo,135,135,-1.9339461904998672,0.4261632752196702,30
vol_mismatch,ppo,136,136,-0.5351551249931816,0.3449303490032043,30
vol_mismatch,ppo,137,137,-0.09686329914158698,0.1196633130207458,30
vol_mismatch,ppo,138,138,-0.10843493842427243,0.10666183020083936,30
vol_mismatch,ppo,139,139,-0.16545179692188583,0.27254509759232814,30
vol_mismatch,ppo,140,140,-1.813791791677005,0.2696981210613263,30
vol_mismatch,ppo,141,141,-4.960121285899049,0.4094328638290046,30
vol_mismatch,ppo,142,142,1.2299209081333515,0.2748008163950828,30
vol_mismatch,ppo,143,143,-3.040784275588294,0.2891156583155005,30
vol_mismatch,ppo,144,144,-2.8108909776343154,0.24535290393477696,30
vol_mismatch,ppo,145,145,-0.7621901303788299,0.1302398945695087,30
vol_mismatch,ppo,146,146,-1.0975744690697309,0.10058748238382482,30
vol_mismatch,ppo,147,147,-3.129443246871814,0.24144396642985214,30
vol_mismatch,ppo,148,148,-5.473023373441819,0.29826921382527516,30
vol_mismatch,ppo,149,149,-1.495185726646156,0.23872708404777698,30
vol_mismatch,ppo,150,150,-3.938574134775381,0.3846689159777333,30
vol_mismatch,ppo,151,151,-0.15246606406212493,0.24423066460655696,30
vol_mismatch,ppo,152,152,-0.361075246446557,0.13676556730659653,30
vol_mismatch,ppo,153,153,-2.150305315926012,0.25090707017865477,30
vol_mismatch,ppo,154,154,0.1298327189509294,0.1409545771032527,30
vol_mismatch,ppo,155,155,0.35479822539165795,0.1831896540386968,30
vol_mismatch,ppo,156,156,-1.0889725550689207,0.3086395945325021,30
vol_mismatch,ppo,157,157,-2.208453857732609,0.26798304639809784,30
vol_mismatch,ppo,158,158,-0.5706786782458648,0.12062257631296018,30
vol_mismatch,ppo,159,159,0.4409458324255553,0.20558425748576126,30
vol_mismatch,ppo,160,160,2.545862354675947,0.19876819572427948,30
vol_mismatch,ppo,161,161,-1.2748023666120503,0.19060216479538053,30
vol_mismatch,ppo,162,162,-1.6918913763726948,0.22888777641862082,30
vol_mismatch,ppo,163,163,-1.4695028616246049,0.16517047000085075,30
vol_mismatch,ppo,164,164,-4.542630481712692,0.4236194931185197,30
vol_mismatch,ppo,165,165,-2.57315067585661,0.36286448062298543,30
vol_mismatch,ppo,166,166,-0.8591630192343587,0.27674455127081893,30
vol_mismatch,ppo,167,167,-0.48669989023804305,0.3274733086403498,30
vol_mismatch,ppo,168,168,-1.4579329113904098,0.1882414295612394,30
vol_mismatch,ppo,169,169,-2.5738656030179072,0.32788019488814607,30
vol_mismatch,ppo,170,170,-5.065066772333836,0.16529373416341284,30
vol_mismatch,ppo,171,171,-0.7937821967832814,0.20952408324815056,30
vol_mismatch,ppo,172,172,0.0940367937292308,0.3789070201770715,30
vol_mismatch,ppo,173,173,-1.235054138925932,0.2440615473212655,30
vol_mismatch,ppo,174,174,-1.0429275316736994,0.12643882377336843,30
vol_mismatch,ppo,175,175,-2.5486954282863366,0.21621537003703875,30
vol_mismatch,ppo,176,176,-1.861098804978358,0.14986621490016228,30
vol_mismatch,ppo,177,177,0.9678774102603143,0.20832862553180448,30
vol_mismatch,ppo,178,178,-0.7540324826128533,0.10421226083389565,30
vol_mismatch,ppo,179,179,-1.535737193056944,0.22654289008203837,30
vol_mismatch,ppo,180,180,-0.18908835020341996,0.4294878345167981,30
vol_mismatch,ppo,181,181,0.6365357217483556,0.16126787116080404,30
vol_mismatch,ppo,182,182,-4.011764320962683,0.40195551519338163,30
vol_mismatch,ppo,183,183,-5.524357404199051,0.42451569867389527,30
vol_mismatch,ppo,184,184,1.393236742548666,0.18064069469079105,30
vol_mismatch,ppo,185,185,-3.998060975862032,0.39984970753946936,30
vol_mismatch,ppo,186,186,-3.275485539340009,0.20283593432633767,30
vol_mismatch,ppo,187,187,-3.4915963792901294,0.2724028115791828,30
vol_mismatch,ppo,188,188,-0.3125994556023812,0.3269891517413767,30
vol_mismatch,ppo,189,189,-1.8046720189907646,0.2454655284279891,30
vol_mismatch,ppo,190,190,-10.172936166601133,0.5556778230288889,30
vol_mismatch,ppo,191,191,-0.6177666341354442,0.18524332080710104,30
vol_mismatch,ppo,192,192,-2.8191857782916827,0.3090149006862488,30
vol_mismatch,ppo,193,193,-3.468349930970092,0.1885436200546885,30
vol_mismatch,ppo,194,194,-4.061435818580804,0.1967541017033992,30
vol_mismatch,ppo,195,195,-1.9651137876772111,0.3331403206074385,30
vol_mismatch,ppo,196,196,-3.6738793913496295,0.35062372751776183,30
vol_mismatch,ppo,197,197,-2.4078945485935073,0.3084968271838609,30
vol_mismatch,ppo,198,198,0.9259803705282792,0.3227932752226233,30
vol_mismatch,ppo,199,199,-1.6695872812300134,0.13992085893726078,30
vol_mismatch,ppo,200,200,0.6350360846754963,0.15342010777301504,30
vol_mismatch,ppo,201,201,-2.0403177059716864,0.2764830469883565,30
vol_mismatch,ppo,202,202,-0.9208527397094741,0.25256801041509275,30
vol_mismatch,ppo,203,203,-3.4935892782709317,0.3500797505315321,30
vol_mismatch,ppo,204,204,-3.0857481418993444,0.36157963609984406,30
vol_mismatch,ppo,205,205,-5.65104401997138,0.14380302704192618,30
vol_mismatch,ppo,206,206,-1.4477131739268287,0.28378399870190046,30
vol_mismatch,ppo,207,207,-2.197353374376391,0.3452860261993789,30
vol_mismatch,ppo,208,208,-1.1309305654621085,0.2704499714939187,30
vol_mismatch,ppo,209,209,-0.6280929573827247,0.0931224797902358,30
vol_mismatch,ppo,210,210,-4.522604696050514,0.33518463256099035,30
vol_mismatch,ppo,211,211,-0.4948300825923013,0.26354277159518485,30
vol_mismatch,ppo,212,212,1.7332238740776091,0.22975531500500523,30
vol_mismatch,ppo,213,213,-0.2823873023857004,0.3066623311850832,30
vol_mismatch,ppo,214,214,0.6162231392358279,0.17729414780442423,30
vol_mismatch,ppo,215,215,-1.1600127860064617,0.14589666286013864,30
vol_mismatch,ppo,216,216,-4.850768685644226,0.16669183162468776,30
vol_mismatch,ppo,217,217,0.3463992763942123,0.26134588207057186,30
vol_mismatch,ppo,218,218,-0.17204770832127103,0.13106742486860562,30
vol_mismatch,ppo,219,219,-2.583943803653682,0.4139774582027996,30
vol_mismatch,ppo,220,220,-2.216647079378262,0.21432083906084629,30
vol_mismatch,ppo,221,221,-1.181608475507236,0.37403569242657175,30
vol_mismatch,ppo,222,222,-5.754053364166921,0.3960104524840821,30
vol_mismatch,ppo,223,223,-1.1788124056872569,0.21070966423982956,30
vol_mismatch,ppo,224,224,-2.1070894883588807,0.34093889904421243,30
vol_mismatch,ppo,225,225,-0.8187757410991399,0.14332183564755513,30
vol_mismatch,ppo,226,226,-2.779385551779896,0.2725512969447393,30
vol_mismatch,ppo,227,227,-2.1254342126187566,0.24028098082993748,30
vol_mismatch,ppo,228,228,-4.054597855191673,0.28587585177224245,30
vol_mismatch,ppo,229,229,2.5419758585223207,0.20591758282157493,30
vol_mismatch,ppo,230,230,-3.6494579568283836,0.277097898029694,30
vol_mismatch,ppo,231,231,-4.0248502778825355,0.382024296622082,30
vol_mismatch,ppo,232,232,-1.3215791394085414,0.3303899711854503,30
vol_mismatch,ppo,233,233,-3.7791771259096265,0.21662383462386517,30
vol_mismatch,ppo,234,234,-2.4516589124025074,0.3195084222447618,30
vol_mismatch,ppo,235,235,-4.358838066010518,0.3070813361752577,30
vol_mismatch,ppo,236,236,-6.644448302442399,0.40444768655136426,30
vol_mismatch,ppo,237,237,1.6351741335299153,0.1825074345706842,30
vol_mismatch,ppo,238,238,-0.2128444548298063,0.2553991767873788,30
vol_mismatch,ppo,239,239,-0.02275411757341317,0.23253276238154807,30
vol_mismatch,ppo,240,240,0.12898561351772742,0.38395518304864545,30
vol_mismatch,ppo,241,241,-0.8464467391417259,0.31289119569558543,30
vol_mismatch,ppo,242,242,0.9283992117136961,0.22391350402789345,30
vol_mismatch,ppo,243,243,-2.265109890715074,0.2862323195241953,30
vol_mismatch,ppo,244,244,-0.7543159956417753,0.18123705897099354,30
vol_mismatch,ppo,245,245,-5.779108669616242,0.40098104329421164,30
vol_mismatch,ppo,246,246,-1.0490323300258124,0.16185128833753024,30
vol_mismatch,ppo,247,247,-8.665466124238666,0.39774752718582546,30
vol_mismatch,ppo,248,248,0.49389914452888206,0.21829442405567995,30
vol_mismatch,ppo,249,249,-2.1788969486000695,0.18060960507479581,30
vol_mismatch,ppo,250,250,-0.1841745810788602,0.1653136255688442,30
vol_mismatch,ppo,251,251,-1.2104560137726086,0.1744910460863209,30
vol_mismatch,ppo,252,252,0.8718778341313964,0.34247679812425685,30
vol_mismatch,ppo,253,253,-4.375816909108664,0.3505572515253289,30
vol_mismatch,ppo,254,254,-0.8205249792881935,0.08533273065438327,30
vol_mismatch,ppo,255,255,-0.9356434574659431,0.3520778945265853,30
vol_mismatch,ppo,256,256,-6.948843591073919,0.32689140411279877,30
vol_mismatch,ppo,257,257,-0.7878851337102883,0.19398959872582675,30
vol_mismatch,ppo,258,258,-0.32956430552384397,0.12623485113487437,30
vol_mismatch,ppo,259,259,0.3931235789959402,0.2212730216469444,30
vol_mismatch,ppo,260,260,-6.261888549930632,0.350260464430664,30
vol_mismatch,ppo,261,261,-3.726977767743346,0.3461835619922272,30
vol_mismatch,ppo,262,262,0.07359374049406142,0.2549679498628049,30
vol_mismatch,ppo,263,263,-4.295469507209191,0.19032919275164784,30
vol_mismatch,ppo,264,264,-1.5720482848542332,0.2720656556001052,30
vol_mismatch,ppo,265,265,-6.569973884140612,0.39188539660795113,30
vol_mismatch,ppo,266,266,-1.0035420529875658,0.310334034228236,30
vol_mismatch,ppo,267,267,-2.420116258387491,0.17734728079127832,30
vol_mismatch,ppo,268,268,0.21151662487859824,0.259396854677562,30
vol_mismatch,ppo,269,269,2.1365961251332806,0.1526107596366211,30
vol_mismatch,ppo,270,270,-1.5248261450544618,0.4296542897694346,30
vol_mismatch,ppo,271,271,1.0569858025356602,0.1100360593346021,30
vol_mismatch,ppo,272,272,-5.473948762096242,0.38591085349826676,30
vol_mismatch,ppo,273,273,-3.067325511742199,0.302931058719869,30
vol_mismatch,ppo,274,274,-0.5678535051270899,0.12773021724156827,30
vol_mismatch,ppo,275,275,-3.267540545180296,0.1766123613369891,30
vol_mismatch,ppo,276,276,0.27601323734075756,0.1340197242928921,30
vol_mismatch,ppo,277,277,-4.305830698597404,0.38904011610504724,30
vol_mismatch,ppo,278,278,-2.0008987608332642,0.1431180126647872,30
vol_mismatch,ppo,279,279,-0.11215257334543605,0.09137669174080919,30
vol_mismatch,ppo,280,280,-2.2048100407085656,0.2400968199645398,30
vol_mismatch,ppo,281,281,-6.656872941790123,0.2791987240135301,30
vol_mismatch,ppo,282,282,-0.712911854397416,0.0812578440368582,30
vol_mismatch,ppo,283,283,0.2918204733052363,0.28352693386821015,30
vol_mismatch,ppo,284,284,2.597009832063918,0.18161910311814472,30
vol_mismatch,ppo,285,285,-6.887026288453685,0.386259697365599,30
vol_mismatch,ppo,286,286,-0.7442468514402947,0.1585622570631632,30
vol_mismatch,ppo,287,287,-1.0434728273764762,0.4440108156202262,30
vol_mismatch,ppo,288,288,-3.214631607532084,0.2647957235808492,30
vol_mismatch,ppo,289,289,1.041393283629958,0.19872727706967055,30
vol_mismatch,ppo,290,290,-0.07446434753148878,0.29129239489245057,30
vol_mismatch,ppo,291,291,-0.7528270811483964,0.32680345492244967,30
vol_mismatch,ppo,292,292,-5.6034191946429495,0.38359905807807376,30
vol_mismatch,ppo,293,293,0.32040046857011895,0.22892924749541765,30
vol_mismatch,ppo,294,294,-1.5750943889375293,0.42209632976902817,30
vol_mismatch,ppo,295,295,-5.534309630060761,0.44784297920700417,30
vol_mismatch,ppo,296,296,1.5445205861181872,0.19803610096738794,30
vol_mismatch,ppo,297,297,-1.2909237295110962,0.14646764510942334,30
vol_mismatch,ppo,298,298,-6.665560651499826,0.3128596236861449,30
vol_mismatch,ppo,299,299,-1.6082260967933193,0.13948617225665705,30
vol_mismatch,ppo,300,300,1.271747392331168,0.08804699654306901,30
vol_mismatch,ppo,301,301,0.24082772965967525,0.08201492645105225,30
vol_mismatch,ppo,302,302,-4.477462826200039,0.34141085234050184,30
vol_mismatch,ppo,303,303,-0.35018693599183237,0.16147816146903293,30
vol_mismatch,ppo,304,304,-5.058328216451841,0.437265797311664,30
vol_mismatch,ppo,305,305,-1.6828345240298166,0.3076634500888033,30
vol_mismatch,ppo,306,306,1.493743133216583,0.26050066062342825,30
vol_mismatch,ppo,307,307,-1.365765766682145,0.30135968772359306,30
vol_mismatch,ppo,308,308,-3.417266674962452,0.2944020579908704,30
vol_mismatch,ppo,309,309,-2.2555287293212416,0.28242888580011466,30
vol_mismatch,ppo,310,310,-2.1948317922696425,0.2779568666913296,30
vol_mismatch,ppo,311,311,-0.6606486320677192,0.33632436582351716,30
vol_mismatch,ppo,312,312,-5.872856358189097,0.40102156304663555,30
vol_mismatch,ppo,313,313,-4.00184344804336,0.4329761169138434,30
vol_mismatch,ppo,314,314,-2.868651850371748,0.3621270349137607,30
vol_mismatch,ppo,315,315,-3.3401616505018428,0.18514296134314517,30
vol_mismatch,ppo,316,316,-0.6597075767174516,0.2635433028458458,30
vol_mismatch,ppo,317,317,0.8992514605686921,0.20053601850893304,30
vol_mismatch,ppo,318,318,-3.3990548961052927,0.3522004176237106,30
vol_mismatch,ppo,319,319,-0.5406362660128892,0.28608350131164456,30
vol_mismatch,ppo,320,320,0.5152645487495136,0.19308082413041347,30
vol_mismatch,ppo,321,321,-0.6205072596017249,0.21259954714121618,30
vol_mismatch,ppo,322,322,-3.031336870312799,0.2923645651976925,30
vol_mismatch,ppo,323,323,-0.8054746825157508,0.15318614658217938,30
vol_mismatch,ppo,324,324,-2.1537792009056034,0.19295570785178934,30
vol_mismatch,ppo,325,325,-1.4669176861031552,0.21868590268889668,30
vol_mismatch,ppo,326,326,-1.2139605103502369,0.15541287357697084,30
vol_mismatch,ppo,327,327,-4.639689697532361,0.31915932786318824,30
vol_mismatch,ppo,328,328,-2.7643733480013637,0.3066184201411145,30
vol_mismatch,ppo,329,329,0.5594346444982818,0.2081724209233498,30
vol_mismatch,ppo,330,330,-0.32768862825118106,0.1528639926538431,30
vol_mismatch,ppo,331,331,-4.0557062437127485,0.3380100047777254,30
vol_mismatch,ppo,332,332,-4.21175435033372,0.30225729909486987,30
vol_mismatch,ppo,333,333,-2.8412098759972366,0.28174220002196704,30
vol_mismatch,ppo,334,334,-1.852758379090682,0.10408135648810901,30
vol_mismatch,ppo,335,335,-0.9781964918191761,0.27810589177073347,30
vol_mismatch,ppo,336,336,-2.6270724440485864,0.3499401680851698,30
vol_mismatch,ppo,337,337,-0.9627840121877682,0.302364687312547,30
vol_mismatch,ppo,338,338,-1.7740601067656137,0.16789858045325617,30
vol_mismatch,ppo,339,339,-1.021695945732688,0.23284650288791536,30
vol_mismatch,ppo,340,340,-2.3112352664003915,0.27060839290918665,30
vol_mismatch,ppo,341,341,-0.3335194327547981,0.2155282735075251,30
vol_mismatch,ppo,342,342,-2.1199323738840263,0.20970610185960753,30
vol_mismatch,ppo,343,343,0.3705893387344048,0.19409222052388794,30
vol_mismatch,ppo,344,344,-0.7180731824369673,0.41683344525155325,30
vol_mismatch,ppo,345,345,-0.9117409420468761,0.23895418195140825,30
vol_mismatch,ppo,346,346,0.6496347123728761,0.1306067465718816,30
vol_mismatch,ppo,347,347,-0.5188799817905831,0.11083608049621486,30
vol_mismatch,ppo,348,348,0.655545166704897,0.27170279319033197,30
vol_mismatch,ppo,349,349,-4.204045131882644,0.3068931196261406,30
vol_mismatch,ppo,350,350,-2.3627229717212437,0.3729450752008272,30
vol_mismatch,ppo,351,351,-0.8621875312048282,0.2655938961686568,30
vol_mismatch,ppo,352,352,1.5558786618671263,0.27644230550456694,30
vol_mismatch,ppo,353,353,-2.981435459665427,0.30128522208107594,30
vol_mismatch,ppo,354,354,-0.585227386479561,0.11400290542632271,30
vol_mismatch,ppo,355,355,0.0658389791927192,0.3639806722728346,30
vol_mismatch,ppo,356,356,-3.0449021078475766,0.2729055333253022,30
vol_mismatch,ppo,357,357,-0.47591650745135894,0.17556219988703178,30
vol_mismatch,ppo,358,358,1.925831448619519,0.2197670205629891,30
vol_mismatch,ppo,359,359,2.3791061747152327,0.20392551140851395,30
vol_mismatch,ppo,360,360,-1.101776389983729,0.12706806027567538,30
vol_mismatch,ppo,361,361,-5.249550502262849,0.37288474069584476,30
vol_mismatch,ppo,362,362,-5.1841827151685465,0.3294873143992837,30
vol_mismatch,ppo,363,363,-0.3693406843204645,0.25424276808719976,30
vol_mismatch,ppo,364,364,0.5214618375875943,0.2532531458506688,30
vol_mismatch,ppo,365,365,-0.1525308885176493,0.15219351318171986,30
vol_mismatch,ppo,366,366,-2.372257990826782,0.2309279900402816,30
vol_mismatch,ppo,367,367,-3.236257676827435,0.2793938434914895,30
vol_mismatch,ppo,368,368,0.42723996412686915,0.32667719523043925,30
vol_mismatch,ppo,369,369,-4.627020884365107,0.22010256567452707,30
vol_mismatch,ppo,370,370,-1.5934355618863734,0.41624736288132147,30
vol_mismatch,ppo,371,371,-3.3915252932968354,0.46812594172650457,30
vol_mismatch,ppo,372,372,-2.6847646638062628,0.1911023732295395,30
vol_mismatch,ppo,373,373,-1.482625167840192,0.1776285775645992,30
vol_mismatch,ppo,374,374,-3.2976473589755653,0.27212995917694,30
vol_mismatch,ppo,375,375,0.8594232560360382,0.18926026511520147,30
vol_mismatch,ppo,376,376,-6.9146097174793795,0.3852630076076953,30
vol_mismatch,ppo,377,377,-1.0948672808072786,0.41229573738804004,30
vol_mismatch,ppo,378,378,-0.25344613715315845,0.14347227510605495,30
vol_mismatch,ppo,379,379,-4.910102320882666,0.37988867555209793,30
vol_mismatch,ppo,380,380,-0.1404244158276171,0.16412065201593548,30
vol_mismatch,ppo,381,381,-1.7167642373196195,0.2113339294721538,30
vol_mismatch,ppo,382,382,-0.11688350316049423,0.18245258006162604,30
vol_mismatch,ppo,383,383,-1.5985601570295813,0.19002967028956302,30
vol_mismatch,ppo,384,384,-3.028631167993325,0.24161181796259296,30
vol_mismatch,ppo,385,385,-1.4231400845054907,0.3996115110757207,30
vol_mismatch,ppo,386,386,-4.834207366121493,0.25658407528713056,30
vol_mismatch,ppo,387,387,-0.9577892536795076,0.17472762219869487,30
vol_mismatch,ppo,388,388,-0.023586995363658048,0.22248804172785608,30
vol_mismatch,ppo,389,389,-1.2040741345721528,0.34286276877696337,30
vol_mismatch,ppo,390,390,-3.908623335205192,0.23296931412952396,30
vol_mismatch,ppo,391,391,-2.790890819517518,0.31276611520520375,30
vol_mismatch,ppo,392,392,-2.6708386729036278,0.15453434600765095,30
vol_mismatch,ppo,393,393,-0.13771058321349017,0.28957017171751004,30
vol_mismatch,ppo,394,394,-3.7077942733793705,0.25169244657276735,30
vol_mismatch,ppo,395,395,-4.311309101066776,0.29823078522129026,30
vol_mismatch,ppo,396,396,-4.05642114885589,0.25900565502115996,30
vol_mismatch,ppo,397,397,-0.6379704166385487,0.2743391010541381,30
vol_mismatch,ppo,398,398,-0.22068239386328514,0.09685811096929463,30
vol_mismatch,ppo,399,399,0.37966535133053014,0.3077796952597252,30
vol_mismatch,ppo,400,400,1.0516653161171376,0.21554276417268073,30
vol_mismatch,ppo,401,401,-1.181276046443827,0.32763923895696784,30
vol_mismatch,ppo,402,402,-1.0280902315867593,0.25798612738489873,30
vol_mismatch,ppo,403,403,-0.6997855098533705,0.3081238253343083,30
vol_mismatch,ppo,404,404,-1.1711321780868928,0.3389125007488079,30
vol_mismatch,ppo,405,405,-6.327426949185266,0.24713665292582745,30
vol_mismatch,ppo,406,406,-0.9910265738599549,0.253611948528577,30
vol_mismatch,ppo,407,407,-1.309277917401591,0.32675623432147477,30
vol_mismatch,ppo,408,408,-1.3066202941705995,0.23976299667964093,30
vol_mismatch,ppo,409,409,0.49473779251310646,0.2848810656694387,30
vol_mismatch,ppo,410,410,-0.6243190043714275,0.17423901684566198,30
vol_mismatch,ppo,411,411,-0.18587592020293187,0.3629628180734862,30
vol_mismatch,ppo,412,412,-6.060011177407022,0.30469392641987797,30
vol_mismatch,ppo,413,413,0.4676587594035482,0.3791457204990923,30
vol_mismatch,ppo,414,414,-0.5730513003775997,0.27992702205817577,30
vol_mismatch,ppo,415,415,-1.0246468044587616,0.2939102764344246,30
vol_mismatch,ppo,416,416,1.2287168196147817,0.2579625181780009,30
vol_mismatch,ppo,417,417,1.1074141750273796,0.2393898560396603,30
vol_mismatch,ppo,418,418,-1.5230129736539162,0.2275268919699209,30
vol_mismatch,ppo,419,419,-1.1794686691877843,0.32795462732513986,30
vol_mismatch,ppo,420,420,0.9373600080304669,0.2719239464578095,30
vol_mismatch,ppo,421,421,-1.5493711663355327,0.24282797111668972,30
vol_mismatch,ppo,422,422,0.3784205475551232,0.25758267949344993,30
vol_mismatch,ppo,423,423,-5.142720049515994,0.3052439818618892,30
vol_mismatch,ppo,424,424,1.3919361609787302,0.14232047355106053,30
vol_mismatch,ppo,425,425,2.0340535087248384,0.3309773608789551,30
vol_mismatch,ppo,426,426,-0.8370516733285349,0.3355396969278569,30
vol_mismatch,ppo,427,427,1.2075033779320625,0.10693135186244991,30
vol_mismatch,ppo,428,428,-3.3643888138771914,0.39211863809466685,30
vol_mismatch,ppo,429,429,-2.536278958075794,0.22551904653590701,30
vol_mismatch,ppo,430,430,-2.303198576575582,0.36270879340206746,30
vol_mismatch,ppo,431,431,-6.318364166925306,0.3065288339333489,30
vol_mismatch,ppo,432,432,1.0491539477125542,0.11306131158857385,30
vol_mismatch,ppo,433,433,-0.6276912234492578,0.3449198148317883,30
vol_mismatch,ppo,434,434,-6.2946445694988995,0.3660661676792862,30
vol_mismatch,ppo,435,435,-0.948035409223678,0.16658461898692342,30
vol_mismatch,ppo,436,436,-1.6095927840010944,0.2679541105518103,30
vol_mismatch,ppo,437,437,-1.6729584456899715,0.42290262552607255,30
vol_mismatch,ppo,438,438,1.5678976961141373,0.3065682380374837,30
vol_mismatch,ppo,439,439,-2.0932268688497544,0.37989279539046966,30
vol_mismatch,ppo,440,440,-0.4959287563389978,0.3745747114424921,30
vol_mismatch,ppo,441,441,-2.0719907395964583,0.264362072497654,30
vol_mismatch,ppo,442,442,-0.48216573052714295,0.19515939559397166,30
vol_mismatch,ppo,443,443,-6.1415122040572,0.39804091530516356,30
vol_mismatch,ppo,444,444,1.6019918267967341,0.12138417640163833,30
vol_mismatch,ppo,445,445,3.7327429587824383,0.1824826304418575,30
vol_mismatch,ppo,446,446,0.21945495170095963,0.1491731880669681,30
vol_mismatch,ppo,447,447,-0.15924008691612812,0.34718957877096734,30
vol_mismatch,ppo,448,448,-0.05694034982456664,0.0993095609235413,30
vol_mismatch,ppo,449,449,-4.787810879680821,0.35011486611996095,30
vol_mismatch,sac,0,0,-3.4676520022090465,0.28546035667841846,30
vol_mismatch,sac,1,1,-2.8364857525033784,0.5124503010727997,30
vol_mismatch,sac,2,2,-1.3401651235816487,0.2752267485658651,30
vol_mismatch,sac,3,3,1.2169985621881665,0.2547609079364675,30
vol_mismatch,sac,4,4,0.2325919329771189,0.5371884754523745,30
vol_mismatch,sac,5,5,-2.3882952172445187,0.27573256674827645,30
vol_mismatch,sac,6,6,1.7861919500745955,0.5322716053643178,27
vol_mismatch,sac,7,7,-0.6762518093243495,0.16891697195005592,30
vol_mismatch,sac,8,8,-0.12671920579424523,0.4004419613006655,30
vol_mismatch,sac,9,9,-0.6641381251511689,0.3844564625351667,27
vol_mismatch,sac,10,10,-0.2666319763776812,0.17853431464938707,30
vol_mismatch,sac,11,11,-3.003043144122355,0.525599287901763,30
vol_mismatch,sac,12,12,-3.7748969474296956,0.631957068400784,30
vol_mismatch,sac,13,13,-2.665694403575145,0.5924897293798793,25
vol_mismatch,sac,14,14,0.9884278780255045,0.370781474526767,30
vol_mismatch,sac,15,15,-1.6482427500424421,0.32609498312475604,27
vol_mismatch,sac,16,16,-1.8448384954745194,0.5033684817711871,30
vol_mismatch,sac,17,17,-3.475765761348221,0.15942352962907347,30
vol_mismatch,sac,18,18,-1.5436867673143837,0.9275147203541553,24
vol_mismatch,sac,19,19,-4.775201033943844,0.6618225945796938,30
vol_mismatch,sac,20,20,-5.829191927259986,0.3421528946948724,30
vol_mismatch,sac,21,21,-1.6660813572142104,0.4828337982480854,27
vol_mismatch,sac,22,22,1.4966143483708052,0.3883523857252086,30
vol_mismatch,sac,23,23,1.8566212096823165,0.33427852385293566,30
vol_mismatch,sac,24,24,0.6158600726521364,0.22249318554269418,30
vol_mismatch,sac,25,25,1.4318183998702523,0.5021334600015175,30
vol_mismatch,sac,26,26,1.109803921911272,0.46168870191346717,30
vol_mismatch,sac,27,27,-3.5165686454319864,0.4140881782887203,30
vol_mismatch,sac,28,28,-0.3453873065575692,0.40589486866117164,29
vol_mismatch,sac,29,29,0.8391348839540171,0.18903938424502575,30
vol_mismatch,sac,30,30,1.8303439641347268,0.6399432196770408,27
vol_mismatch,sac,31,31,0.52749848613648,0.4387497407949842,30
vol_mismatch,sac,32,32,-2.514858402622295,0.476551122899318,30
vol_mismatch,sac,33,33,-1.549403154077293,0.45603569302435476,30
vol_mismatch,sac,34,34,-0.14961554132415245,0.45407277571167987,27
vol_mismatch,sac,35,35,-2.8801101656667925,0.5241307997428694,30
vol_mismatch,sac,36,36,-0.759158557524021,0.24446488536237496,30
vol_mismatch,sac,37,37,1.5422014900546763,0.25107896658835294,30
vol_mismatch,sac,38,38,1.5686466913199126,0.3785921566025699,28
vol_mismatch,sac,39,39,-0.14300413685819535,0.3486705410399652,30
vol_mismatch,sac,40,40,0.7852633535105511,0.17187554332456462,30
vol_mismatch,sac,41,41,-0.8415951282736245,0.45401717279952736,30
vol_mismatch,sac,42,42,0.1527649239256803,0.2547209620115058,30
vol_mismatch,sac,43,43,-1.518782603970795,0.24943699733629993,30
vol_mismatch,sac,44,44,-1.7503703951883267,0.38703663482535655,29
vol_mismatch,sac,45,45,-2.2246025652592785,0.35282822199389635,30
vol_mismatch,sac,46,46,-1.242464773284084,0.3429573469024837,30
vol_mismatch,sac,47,47,-5.890297372685937,0.4225863119140651,30
vol_mismatch,sac,48,48,0.7222213250451688,0.39186010739095134,26
vol_mismatch,sac,49,49,-2.562489596999356,0.34753097015299933,27
vol_mismatch,sac,50,50,-1.9529397866778675,0.3005897513040993,30
vol_mismatch,sac,51,51,-0.3515866369338738,0.44136239874506994,30
vol_mismatch,sac,52,52,-3.8567410676508445,0.536710513613352,30
vol_mismatch,sac,53,53,-2.713406459544899,0.3822463546023145,28
vol_mismatch,sac,54,54,-1.445268332920719,0.5700938822117317,27
vol_mismatch,sac,55,55,-0.9484609507356936,0.7119066063788069,30
vol_mismatch,sac,56,56,1.1519766514539072,0.44687570836940066,26
vol_mismatch,sac,57,57,-4.460616455126939,0.42955852943813866,30
vol_mismatch,sac,58,58,0.7175397655830977,0.18033512115150638,30
vol_mismatch,sac,59,59,0.009237595654923325,0.5223735988368018,27
vol_mismatch,sac,60,60,0.030421046648243077,0.46143868677964556,27
vol_mismatch,sac,61,61,-1.3263504018649641,0.27269564313003514,30
vol_mismatch,sac,62,62,1.042325152643972,0.23965675558250565,30
vol_mismatch,sac,63,63,4.48732734786546,1.0152965942840912,20
vol_mismatch,sac,64,64,0.6595887510184042,0.387382127863501,30
vol_mismatch,sac,65,65,-3.80331230716736,0.42511179886050826,30
vol_mismatch,sac,66,66,-3.2583353709858365,0.35805255078125847,30
vol_mismatch,sac,67,67,-4.471034617032771,0.5409416938901014,30
vol_mismatch,sac,68,68,-8.238926251444852,0.4368848407619234,24
vol_mismatch,sac,69,69,-4.609412962996032,0.5994141871021368,26
vol_mismatch,sac,70,70,-3.0924124420736945,0.5397692228441293,27
vol_mismatch,sac,71,71,-1.529974659023722,0.3153308620151757,30
vol_mismatch,sac,72,72,0.23052247945145155,0.2786701939590355,30
vol_mismatch,sac,73,73,-1.2725751127493155,0.2794009209777079,30
vol_mismatch,sac,74,74,-4.846332917498287,0.40115019819494785,27
vol_mismatch,sac,75,75,-3.0325303407905864,0.3894101705383129,27
vol_mismatch,sac,76,76,-2.835412739736725,0.49956499917493574,27
vol_mismatch,sac,77,77,-2.273886565494884,0.5350068050587667,30
vol_mismatch,sac,78,78,-4.745232280125208,0.7345034728552585,20
vol_mismatch,sac,79,79,1.1280051087211351,0.2914204846376994,30
vol_mismatch,sac,80,80,0.7253955960771918,0.21161729877339278,30
vol_mismatch,sac,81,81,0.09785180219013512,0.4852124973793974,26
vol_mismatch,sac,82,82,-2.0518970494008464,0.3403095745075528,30
vol_mismatch,sac,83,83,-1.0455876413685985,0.3140460123223154,28
vol_mismatch,sac,84,84,-0.7630164097184426,0.17693937376325533,30
vol_mismatch,sac,85,85,-0.25817677208489975,0.19899860136667633,30
vol_mismatch,sac,86,86,-2.619277618580213,0.5791971285023662,30
vol_mismatch,sac,87,87,-1.5090318890854597,0.6988940043345387,30
vol_mismatch,sac,88,88,-0.735863294188043,0.44036622073266224,30
vol_mismatch,sac,89,89,-3.8240702620149136,0.43400214765888306,30
vol_mismatch,sac,90,90,0.7203717374905096,0.4060500029282882,27
vol_mismatch,sac,91,91,-2.26011389248805,0.35066633977144995,26
vol_mismatch,sac,92,92,2.0585419458977086,0.16996495406777828,30
vol_mismatch,sac,93,93,0.5308435909661284,0.5200536132702409,27
vol_mismatch,sac,94,94,-0.9313442165429748,0.18702258081015696,30
vol_mismatch,sac,95,95,-2.971466374738938,0.4952988044891699,30
vol_mismatch,sac,96,96,-0.5442816950368297,0.35959418061650933,27
vol_mismatch,sac,97,97,-3.9763714700325217,0.276851487543816,30
vol_mismatch,sac,98,98,-0.787881585123273,0.3980731063464293,26
vol_mismatch,sac,99,99,1.1733778332711609,0.27813379311821607,28
vol_mismatch,sac,100,100,5.181612243849827,0.49006750913672753,27
vol_mismatch,sac,101,101,-4.752254711061241,0.39554822061476047,29
vol_mismatch,sac,102,102,-7.231037384022883,0.45410014047253183,26
vol_mismatch,sac,103,103,1.3991674125508737,0.19841871521906587,30
vol_mismatch,sac,104,104,-1.759048370256238,0.542946489139093,25
vol_mismatch,sac,105,105,-0.05536916122008506,0.41502746582254524,30
vol_mismatch,sac,106,106,1.2796328487520867,0.3804756154583511,30
vol_mismatch,sac,107,107,-1.033162409680834,0.4451941781879847,30
vol_mismatch,sac,108,108,4.2177522636539635,0.7144689687245215,25
vol_mismatch,sac,109,109,-1.272481954934733,0.3266901082418696,28
vol_mismatch,sac,110,110,-7.648605592642923,0.5811223209507314,30
vol_mismatch,sac,111,111,-0.7468438149020287,0.37421271789961447,30
vol_mismatch,sac,112,112,-2.2695618781784503,0.6440716621424352,30
vol_mismatch,sac,113,113,-5.1123117808290885,0.5212289022206701,27
vol_mismatch,sac,114,114,-3.448174182278727,0.4174557335410949,30
vol_mismatch,sac,115,115,1.5477292403159577,0.1478083014319528,30
vol_mismatch,sac,116,116,-2.9069339252252746,0.4118211274023046,30
vol_mismatch,sac,117,117,-0.40356047596238653,0.5366509401990943,30
vol_mismatch,sac,118,118,-2.5770876636823203,0.329934204801294,29
vol_mismatch,sac,119,119,-2.500334276386454,0.42274228798110164,30
vol_mismatch,sac,120,120,-1.7128849711263712,0.810791755952663,29
vol_mismatch,sac,121,121,-2.3395660252281836,0.44987325617694235,30
vol_mismatch,sac,122,122,0.878378294662781,0.22128022886900356,30
vol_mismatch,sac,123,123,-0.3518673862957229,0.6194534491016943,27
vol_mismatch,sac,124,124,-1.5228916800916714,0.228762334656592,30
vol_mismatch,sac,125,125,9.479586638864127,0.2546306644118914,28
vol_mismatch,sac,126,126,-8.403676244259422,0.36302082446121864,30
vol_mismatch,sac,127,127,1.915680196072671,0.2772029463049636,30
vol_mismatch,sac,128,128,0.27131344811870406,0.4091148358026716,28
vol_mismatch,sac,129,129,-4.078548423174752,0.4033907560996866,28
vol_mismatch,sac,130,130,-3.1270689248828774,0.34399100054585,30
vol_mismatch,sac,131,131,-0.558969290389868,0.5273346054196973,27
vol_mismatch,sac,132,132,-1.006747472117599,0.18513796262667462,30
vol_mismatch,sac,133,133,-3.465369798990338,0.418355459240102,26
vol_mismatch,sac,134,134,-3.4471294181971786,0.19192263287813577,30
vol_mismatch,sac,135,135,-3.6836260732571446,0.6265803687485116,27
vol_mismatch,sac,136,136,-1.435110521439242,0.5545544370806138,29
vol_mismatch,sac,137,137,-0.6365379004138845,0.2387840781149676,30
vol_mismatch,sac,138,138,-0.17747905734045943,0.2076220176999539,30
vol_mismatch,sac,139,139,0.17357887589352572,0.2585388673200455,30
vol_mismatch,sac,140,140,1.2488761210839954,0.5237222173603864,30
vol_mismatch,sac,141,141,-3.0981196466957073,0.8348343517611001,30
vol_mismatch,sac,142,142,2.33191949625272,0.3195932088079706,30
vol_mismatch,sac,143,143,-3.301533310323933,0.469067687729787,30
vol_mismatch,sac,144,144,-2.1549208788177054,0.3723671786544865,29
vol_mismatch,sac,145,145,0.06360937462314098,0.1721831374566725,30
vol_mismatch,sac,146,146,1.5126800444193051,0.2599837338310111,30
vol_mismatch,sac,147,147,-2.52366242190757,0.2647311660378973,30
vol_mismatch,sac,148,148,-7.78402663255082,0.4645820330789601,30
vol_mismatch,sac,149,149,-0.4599883051656093,0.3406190837997436,27
vol_mismatch,sac,150,150,-5.353287363526807,0.590974739392335,30
vol_mismatch,sac,151,151,-2.558384808450299,0.26811825701900704,27
vol_mismatch,sac,152,152,0.11030677404083633,0.16909843150937814,30
vol_mismatch,sac,153,153,-4.084013816353245,0.5855661028331687,30
vol_mismatch,sac,154,154,0.2862820057500919,0.1925611277843662,30
vol_mismatch,sac,155,155,-0.3205675485126953,0.2200823315510763,30
vol_mismatch,sac,156,156,0.932364515532953,0.3798875528042092,30
vol_mismatch,sac,157,157,-3.377183077919444,0.43442592819028136,30
vol_mismatch,sac,158,158,0.35392491083689315,0.18431228171216965,30
vol_mismatch,sac,159,159,-0.26704158397373234,0.32943276708362756,30
vol_mismatch,sac,160,160,-3.0523244717788174,0.413367163109248,25
vol_mismatch,sac,161,161,-5.888666589533415,0.5409054434797179,24
vol_mismatch,sac,162,162,-2.8908692699260783,0.33064319959035676,30
vol_mismatch,sac,163,163,0.8687479712776707,0.42638247498334225,26
vol_mismatch,sac,164,164,-1.6543293663002032,0.3703125187563923,30
vol_mismatch,sac,165,165,-2.665935065885307,0.3745736021026351,30
vol_mismatch,sac,166,166,-8.567491776186358,0.5555350387488974,23
vol_mismatch,sac,167,167,-1.5434971589255682,0.5063446931770753,30
vol_mismatch,sac,168,168,-2.3082257233540773,0.3219531462940283,30
vol_mismatch,sac,169,169,-2.03154740734783,0.3928777663259208,28
vol_mismatch,sac,170,170,-3.9984065740220274,0.5090696657814412,26
vol_mismatch,sac,171,171,-1.7838724938720816,0.4606454543878301,30
vol_mismatch,sac,172,172,0.28476065686282936,0.5825630556022693,30
vol_mismatch,sac,173,173,1.9887260382897,0.2585408791001542,30
vol_mismatch,sac,174,174,-0.6810055675132034,0.17189320180023182,30
vol_mismatch,sac,175,175,-11.471602077309413,0.7693553370218448,21
vol_mismatch,sac,176,176,-4.944032067055531,0.325098974789341,30
vol_mismatch,sac,177,177,0.9161794373933105,0.3676989864600517,27
vol_mismatch,sac,178,178,-1.997879243817021,0.20886974029494346,30
vol_mismatch,sac,179,179,0.40345024869386137,0.2327752312473778,30
vol_mismatch,sac,180,180,-0.8441357390907598,0.5296960462537963,28
vol_mismatch,sac,181,181,1.303866517407748,0.319745419331542,30
vol_mismatch,sac,182,182,-3.4584934659006734,0.5437276284117233,29
vol_mismatch,sac,183,183,-7.060089780684066,0.4471436988607372,29
vol_mismatch,sac,184,184,-3.317121394722406,0.38416272248559713,24
vol_mismatch,sac,185,185,-1.9929316290533734,0.4950003841538875,30
vol_mismatch,sac,186,186,-4.5452769257193815,0.3281856355032785,30
vol_mismatch,sac,187,187,-7.287492780928503,0.5373083700127266,27
vol_mismatch,sac,188,188,2.8689276218952244,0.49675134191466863,28
vol_mismatch,sac,189,189,-0.4885080615316193,0.28567750538885894,30
vol_mismatch,sac,190,190,-7.4575587245183925,0.5798293973954032,30
vol_mismatch,sac,191,191,-0.22960338896699994,0.2747568063629317,30
vol_mismatch,sac,192,192,0.25221025373826933,0.5827158424107476,30
vol_mismatch,sac,193,193,-2.2368441773752608,0.355625255714787,27
vol_mismatch,sac,194,194,-1.162819555495588,0.6403646575554248,27
vol_mismatch,sac,195,195,-2.7137137537539786,0.5392669932043325,28
vol_mismatch,sac,196,196,-4.23819927317885,0.4774738185741709,30
vol_mismatch,sac,197,197,-0.7214003216973204,0.3089700945622389,30
vol_mismatch,sac,198,198,0.8730375143254037,0.26793092518277106,30
vol_mismatch,sac,199,199,-3.0243507612343556,0.23160477707457436,30
vol_mismatch,sac,200,200,1.8247954854239978,0.27766434402385365,30
vol_mismatch,sac,201,201,-0.9118907170948276,0.4125444235852264,30
vol_mismatch,sac,202,202,-0.8190776384327734,0.27931939827639723,27
vol_mismatch,sac,203,203,-1.2216714352421008,0.5113958998354282,27
vol_mismatch,sac,204,204,-3.8590117077594215,0.5115417762775909,27
vol_mismatch,sac,205,205,-9.566345263979258,1.271210969687416,22
vol_mismatch,sac,206,206,-2.7712592139408656,0.407916171518849,28
vol_mismatch,sac,207,207,-2.5873527479370324,0.37929754029130747,27
vol_mismatch,sac,208,208,-4.195997508282318,0.5171836828595539,25
vol_mismatch,sac,209,209,-2.857746865782097,0.22891066563958926,30
vol_mismatch,sac,210,210,-3.32693735061207,0.4122449720977749,30
vol_mismatch,sac,211,211,0.012424287379985799,0.2664495088943414,27
vol_mismatch,sac,212,212,-3.2641575121996453,0.6303342603697568,25
vol_mismatch,sac,213,213,-0.6984548988165074,0.311850706073377,30
vol_mismatch,sac,214,214,-6.309195805903855,0.501007418439618,21
vol_mismatch,sac,215,215,-1.3899850682661992,0.23092830811547732,30
vol_mismatch,sac,216,216,-2.427708769456018,0.7492205260318812,25
vol_mismatch,sac,217,217,-0.3655575021689472,0.30627163645491706,30
vol_mismatch,sac,218,218,-0.3071340658145836,0.20015246130912195,30
vol_mismatch,sac,219,219,-3.385376007924606,0.7191948021082504,30
vol_mismatch,sac,220,220,0.3453270454153454,0.5538955580561953,25
vol_mismatch,sac,221,221,0.031095237196332448,0.3566906477479889,30
vol_mismatch,sac,222,222,-6.860557584331005,0.5319030824372015,29
vol_mismatch,sac,223,223,-0.9675522209284679,0.27838390578993744,30
vol_mismatch,sac,224,224,-3.734504031701121,0.40621947260551716,29
vol_mismatch,sac,225,225,-2.0261634162008413,0.2444013224488024,30
vol_mismatch,sac,226,226,-9.433863177449112,0.5282133554737806,25
vol_mismatch,sac,227,227,-0.8088346984294787,0.4975141769049074,27
vol_mismatch,sac,228,228,-6.420928326089097,0.5729768857925046,26
vol_mismatch,sac,229,229,-7.09779924451631,0.49389208434015797,24
vol_mismatch,sac,230,230,-2.9777987585414074,0.3474425717205203,30
vol_mismatch,sac,231,231,-3.6589580093071277,0.7427739003898319,27
vol_mismatch,sac,232,232,-0.4403822070284207,0.3466028064350363,30
vol_mismatch,sac,233,233,-13.126627996756866,0.5376415958817382,23
vol_mismatch,sac,234,234,-1.7575141363199265,0.34154329467526984,30
vol_mismatch,sac,235,235,-7.795941367633667,0.3872242597769709,30
vol_mismatch,sac,236,236,-7.684248056741964,0.5507962843451442,30
vol_mismatch,sac,237,237,-3.709434139084834,0.5102238898430369,25
vol_mismatch,sac,238,238,-0.4763802788910567,0.41544633909660356,28
vol_mismatch,sac,239,239,-4.588532419168331,0.4973126230849299,24
vol_mismatch,sac,240,240,1.0462491359786412,0.6179358390108858,30
vol_mismatch,sac,241,241,-2.348367000014605,0.5399937320545722,28
vol_mismatch,sac,242,242,-5.646188054770903,0.38211624263316496,25
vol_mismatch,sac,243,243,-1.252318003966863,0.6240038796615,30
vol_mismatch,sac,244,244,-4.509985852812605,0.3818542887902704,24
vol_mismatch,sac,245,245,-8.713478829141891,0.8051396930015056,30
vol_mismatch,sac,246,246,-1.3245273899437287,0.27932879595464444,30
vol_mismatch,sac,247,247,-9.576121535293296,0.5192603621475164,30
vol_mismatch,sac,248,248,-7.598723302577582,0.596630457153905,22
vol_mismatch,sac,249,249,0.16199347448319656,0.44785568335864445,27
vol_mismatch,sac,250,250,1.3931514283446802,0.26838633748194574,30
vol_mismatch,sac,251,251,-0.7686867022165771,0.3447289844158387,30
vol_mismatch,sac,252,252,0.6019429745989413,0.5253209623928585,30
vol_mismatch,sac,253,253,-3.280733582280689,0.4613457404493373,30
vol_mismatch,sac,254,254,0.9870261078916869,0.2862292481859558,30
vol_mismatch,sac,255,255,-1.6270067130349446,0.4141037876872772,28
vol_mismatch,sac,256,256,1.928414984706727,0.42397331532373483,30
vol_mismatch,sac,257,257,0.3133338826193679,0.30531586935139704,30
vol_mismatch,sac,258,258,-0.15210494758459703,0.15872373468897982,30
vol_mismatch,sac,259,259,-2.876938995966796,0.43294433011271144,26
vol_mismatch,sac,260,260,-6.24902324750397,0.42880285647370303,28
vol_mismatch,sac,261,261,-5.062550431749479,0.5832853976114301,30
vol_mismatch,sac,262,262,4.382344238817154,0.5003783695353614,27
vol_mismatch,sac,263,263,-0.4048388199329054,0.4227741956571716,29
vol_mismatch,sac,264,264,-3.6418707599078886,0.4104511693859685,27
vol_mismatch,sac,265,265,-0.8659621511804794,0.6228472633337684,30
vol_mismatch,sac,266,266,-0.005445196122401796,0.362807640712526,30
vol_mismatch,sac,267,267,-4.031859197731158,0.30618919777001025,30
vol_mismatch,sac,268,268,-2.2761078193717452,0.43191752314589155,27
vol_mismatch,sac,269,269,-3.7082776246382707,0.7076246380670619,22
vol_mismatch,sac,270,270,-0.6196374512194325,0.6956290001883579,30
vol_mismatch,sac,271,271,0.6348143775884303,0.13972964317549197,30
vol_mismatch,sac,272,272,-5.391991534907348,0.49840502671434356,28
vol_mismatch,sac,273,273,-0.836459446378516,0.5148800938614273,30
vol_mismatch,sac,274,274,-1.5288896126366254,0.20104166162101464,30
vol_mismatch,sac,275,275,-4.597119126587998,0.542109308053355,25
vol_mismatch,sac,276,276,0.8849017879628462,0.21304898169944614,30
vol_mismatch,sac,277,277,-4.286807962171558,0.6302259645361746,30
vol_mismatch,sac,278,278,-1.5633777839253682,0.20574216501670636,30
vol_mismatch,sac,279,279,-3.072547732860727,0.2934459980228802,30
vol_mismatch,sac,280,280,-1.79196142940798,0.4138303554080302,30
vol_mismatch,sac,281,281,-3.268472464780846,0.40225536093940717,30
vol_mismatch,sac,282,282,-1.2326811665419157,0.3595797000076969,30
vol_mismatch,sac,283,283,1.4587278158796408,0.29444272674421884,30
vol_mismatch,sac,284,284,-5.171925937862568,0.5128745558858748,22
vol_mismatch,sac,285,285,-3.7468582544515527,0.40441845779467944,30
vol_mismatch,sac,286,286,-1.8692137246721359,0.41802377184039874,26
vol_mismatch,sac,287,287,-1.7710743750215698,0.6663539349135655,30
vol_mismatch,sac,288,288,-0.9752460530633869,0.5021592310834164,29
vol_mismatch,sac,289,289,-5.216589563379273,0.647948320053461,23
vol_mismatch,sac,290,290,1.3797860201633227,0.3705705549902408,29
vol_mismatch,sac,291,291,1.2546990809813252,0.7137581911617428,29
vol_mismatch,sac,292,292,-3.5538739605418286,0.3755278768147854,30
vol_mismatch,sac,293,293,1.8691431381320598,0.2679432167156065,30
vol_mismatch,sac,294,294,-1.1944982530490549,0.56933093332977,30
vol_mismatch,sac,295,295,-6.543630821576883,0.6377501855017407,30
vol_mismatch,sac,296,296,0.6143824364194566,0.29344346649999964,30
vol_mismatch,sac,297,297,-0.410329616031504,0.2067021596715637,30
vol_mismatch,sac,298,298,-8.185926028390686,0.3433038427853545,30
vol_mismatch,sac,299,299,-4.025956818735674,0.1837873167705755,30
vol_mismatch,sac,300,300,1.7791744355491517,0.1517551679485305,30
vol_mismatch,sac,301,301,2.3869213181316162,0.37943141687720466,30
vol_mismatch,sac,302,302,-4.106900686532711,0.5716044333896185,28
vol_mismatch,sac,303,303,-1.1083470209648034,0.23193174313151996,30
vol_mismatch,sac,304,304,-6.662482205786688,0.5025606268808253,30
vol_mismatch,sac,305,305,-2.2674792423423495,0.3118315408592119,30
vol_mismatch,sac,306,306,3.2665851296522703,0.2804003215581146,27
vol_mismatch,sac,307,307,-1.2644946748010142,0.5173977902058966,26
vol_mismatch,sac,308,308,-2.1353203778569494,0.22344414360599066,30
vol_mismatch,sac,309,309,-0.12521111626796255,0.4341530081164009,29
vol_mismatch,sac,310,310,-1.3221370498202205,0.41620811467531554,30
vol_mismatch,sac,311,311,0.38696768014115435,0.5266528932324749,28
vol_mismatch,sac,312,312,-5.028634530400396,0.4727396171814306,30
vol_mismatch,sac,313,313,-1.192881059718161,0.3763702398078928,30
vol_mismatch,sac,314,314,-1.3357880226932366,0.4961379926861409,30
vol_mismatch,sac,315,315,-5.655746180738934,0.3277838255356159,30
vol_mismatch,sac,316,316,0.031681984780341566,0.2937297898558281,30
vol_mismatch,sac,317,317,1.3012668769190014,0.4744555426344613,27
vol_mismatch,sac,318,318,-1.6356850115966743,0.3442646631435862,30
vol_mismatch,sac,319,319,-0.6684604627487118,0.22562120512321848,30
vol_mismatch,sac,320,320,-3.6818091251640226,0.46798653071541285,25
vol_mismatch,sac,321,321,0.17277166140074485,0.2659543727261096,30
vol_mismatch,sac,322,322,-1.4712250078051738,0.36174672238555694,29
vol_mismatch,sac,323,323,-7.257160526995335,1.6432182088515204,25
vol_mismatch,sac,324,324,-12.28156265037984,0.6789030655676214,19
vol_mismatch,sac,325,325,-2.748863197287399,0.3846418143536043,30
vol_mismatch,sac,326,326,-0.2171720887514894,0.17711035576041814,30
vol_mismatch,sac,327,327,-7.031563913053006,0.36811817763394544,27
vol_mismatch,sac,328,328,-4.025026873103194,0.4316985499239652,30
vol_mismatch,sac,329,329,1.2696135268702093,0.19555009850077712,30
vol_mismatch,sac,330,330,-3.8279525751643604,0.5706137506261126,27
vol_mismatch,sac,331,331,-4.334047323572619,0.4889673876379126,27
vol_mismatch,sac,332,332,-3.403726020373309,0.4472782028134591,30
vol_mismatch,sac,333,333,-8.849670731952472,0.5349098100903665,25
vol_mismatch,sac,334,334,-0.44591324728142534,0.18572933473395084,30
vol_mismatch,sac,335,335,-1.4078296595171196,0.5063734312797593,28
vol_mismatch,sac,336,336,-1.3192499116888712,0.45143642079953417,30
vol_mismatch,sac,337,337,-1.2673488023766595,0.42857540733706745,28
vol_mismatch,sac,338,338,-1.4680305629977646,0.22286213131563537,30
vol_mismatch,sac,339,339,-2.989734336871109,0.5973070837631063,27
vol_mismatch,sac,340,340,-2.8109717406027066,0.3456979172046048,30
vol_mismatch,sac,341,341,4.589747979567932,0.45981507065098665,29
vol_mismatch,sac,342,342,1.481208362285642,0.5068896932289468,28
vol_mismatch,sac,343,343,-0.5521612681175867,0.6686565293015019,24
vol_mismatch,sac,344,344,2.6579294469899537,0.444078016061804,30
vol_mismatch,sac,345,345,-1.4667915941949587,0.32213862312358105,28
vol_mismatch,sac,346,346,-0.16607212863857868,0.2522320043896693,30
vol_mismatch,sac,347,347,0.6740101704181303,0.16410442037643408,30
vol_mismatch,sac,348,348,-2.763587058310449,0.6150749724281781,27
vol_mismatch,sac,349,349,-4.167360161998648,0.5443405021848088,30
vol_mismatch,sac,350,350,-0.6252187278529746,0.42796583778738667,30
vol_mismatch,sac,351,351,-0.3573055920113539,0.28943005767307173,30
vol_mismatch,sac,352,352,1.608259905779292,0.4570836557292327,30
vol_mismatch,sac,353,353,-5.674183251657336,0.36167662085637536,30
vol_mismatch,sac,354,354,-1.7115687527540722,0.17304901989812882,30
vol_mismatch,sac,355,355,-2.1001325926948056,0.4579082102231547,28
vol_mismatch,sac,356,356,0.004952723552115401,0.2844174803248919,30
vol_mismatch,sac,357,357,-6.829750257638267,0.461832288845048,26
vol_mismatch,sac,358,358,-2.170929156017607,0.4423210157863789,26
vol_mismatch,sac,359,359,0.3192803324840696,0.4661197497749339,26
vol_mismatch,sac,360,360,0.559823372014657,0.21900240844522006,30
vol_mismatch,sac,361,361,-4.904373994430642,0.499551575596039,30
vol_mismatch,sac,362,362,-4.59382643846196,0.4820444425023464,29
vol_mismatch,sac,363,363,1.2118630458384807,0.1632183924377321,30
vol_mismatch,sac,364,364,-3.8911786422982573,0.4049057237979947,27
vol_mismatch,sac,365,365,-0.45401932933273415,0.22282452979088638,30
vol_mismatch,sac,366,366,-2.326165843413108,0.5907132006048921,27
vol_mismatch,sac,367,367,-7.059331729961698,0.6974856745406448,27
vol_mismatch,sac,368,368,2.806570674234081,0.45065505945518436,28
vol_mismatch,sac,369,369,-6.072396659109302,0.41493931372420045,30
vol_mismatch,sac,370,370,0.2774271149547971,0.7582946967996683,30
vol_mismatch,sac,371,371,-3.8658832697990206,0.52938885665805,30
vol_mismatch,sac,372,372,0.24554933828771652,0.3945008081353258,28
vol_mismatch,sac,373,373,-1.4727959312554724,0.24107709454124834,30
vol_mismatch,sac,374,374,-1.967570297146004,0.3671825182687455,30
vol_mismatch,sac,375,375,-2.1429014337412724,0.7480900721604089,23
vol_mismatch,sac,376,376,2.272844645449865,0.5891237020350206,30
vol_mismatch,sac,377,377,-1.861122996621674,0.6067846885366336,30
vol_mismatch,sac,378,378,-1.2007933660759775,0.30372960191177145,30
vol_mismatch,sac,379,379,-6.904245547177915,0.4446845716804638,30
vol_mismatch,sac,380,380,0.35653543989625547,0.2907720231878534,30
vol_mismatch,sac,381,381,-2.664141256356306,0.3740064792199711,30
vol_mismatch,sac,382,382,1.1898107589852316,0.3809963050094308,28
vol_mismatch,sac,383,383,-0.921515371928006,0.22920102950975813,30
vol_mismatch,sac,384,384,-0.3596028905620301,0.4123503707211973,28
vol_mismatch,sac,385,385,-2.510728541344207,0.5945633917573163,30
vol_mismatch,sac,386,386,-4.611069265688771,0.4560872376825889,30
vol_mismatch,sac,387,387,-3.735556932262952,0.4727851555575897,26
vol_mismatch,sac,388,388,1.6350454414645839,0.2700527634003277,27
vol_mismatch,sac,389,389,-2.5266298710097033,0.41179563827910065,29
vol_mismatch,sac,390,390,-3.5428756201630875,0.498328687749664,27
vol_mismatch,sac,391,391,-1.3028329841875745,0.5752726374068192,30
vol_mismatch,sac,392,392,0.23864192719487676,0.4636803573140662,27
vol_mismatch,sac,393,393,-1.278075986485021,0.5229084453786279,30
vol_mismatch,sac,394,394,-3.8420824529989233,0.34935682296929,30
vol_mismatch,sac,395,395,-1.9348080992321286,0.4202579022451435,30
vol_mismatch,sac,396,396,-2.424111034049531,0.49208649417645844,30
vol_mismatch,sac,397,397,-0.02990184603417667,0.4648267207463937,30
vol_mismatch,sac,398,398,-2.3639477914308653,0.18694974888510993,30
vol_mismatch,sac,399,399,0.40335719166910167,0.40377509066088596,30
vol_mismatch,sac,400,400,0.2710857697331974,0.2797650220628884,30
vol_mismatch,sac,401,401,-0.6656204819411471,0.4604895922772498,28
vol_mismatch,sac,402,402,-1.5725082127599137,0.40570252214543195,30
vol_mismatch,sac,403,403,-1.4449700572880602,0.5616355189202367,26
vol_mismatch,sac,404,404,-1.6228613710278808,0.5628478785718479,30
vol_mismatch,sac,405,405,-9.108077683463662,0.6520388499505297,22
vol_mismatch,sac,406,406,2.8826514530188376,0.36859155829960355,28
vol_mismatch,sac,407,407,-0.14652267266690444,0.7923710444553042,30
vol_mismatch,sac,408,408,-2.0411370817624146,0.37552912785443693,27
vol_mismatch,sac,409,409,0.9605380273263506,0.4181204640201166,30
vol_mismatch,sac,410,410,-0.958436919764452,0.1843937230784117,30
vol_mismatch,sac,411,411,0.22193013180357468,0.4627591684347931,30
vol_mismatch,sac,412,412,0.6429843179248991,0.3327092717917645,30
vol_mismatch,sac,413,413,2.785705726811017,0.4794473260678959,30
vol_mismatch,sac,414,414,-2.1050385048142743,0.469764082589044,30
vol_mismatch,sac,415,415,-0.585742951280821,0.4469382893998019,30
vol_mismatch,sac,416,416,1.6550787756794705,0.24009818894639456,30
vol_mismatch,sac,417,417,2.8410200383198116,0.312923562095782,30
vol_mismatch,sac,418,418,-0.22505907883184406,0.18975350516844502,30
vol_mismatch,sac,419,419,-3.9433570913459732,0.5334652556106078,27
vol_mismatch,sac,420,420,1.618601412499828,0.3104571606654132,29
vol_mismatch,sac,421,421,-2.409160195723672,0.5167729768249992,27
vol_mismatch,sac,422,422,0.6091853134721532,0.5628942496587449,27
vol_mismatch,sac,423,423,-2.632833888904784,0.3694636068439017,30
vol_mismatch,sac,424,424,-2.393480036516195,0.4039323726256586,23
vol_mismatch,sac,425,425,3.12076764546984,0.38710584430859996,30
vol_mismatch,sac,426,426,-0.4800860258502686,0.4188464967343035,30
vol_mismatch,sac,427,427,-0.010846280815304254,0.19416255179217834,30
vol_mismatch,sac,428,428,-2.437264945929684,0.634922767802274,30
vol_mismatch,sac,429,429,-1.8847784821945446,0.2531216873545814,30
vol_mismatch,sac,430,430,-6.791459576557273,0.7098372283842221,30
vol_mismatch,sac,431,431,-5.150797386821324,0.4215086327859017,30
vol_mismatch,sac,432,432,1.7105015936567476,0.24611301307003625,30
vol_mismatch,sac,433,433,-0.08216866170387505,0.47485316233101915,30
vol_mismatch,sac,434,434,-4.722192660093839,0.4264082167348492,29
vol_mismatch,sac,435,435,-1.7387066845496406,0.43035300319954894,26
vol_mismatch,sac,436,436,-5.288701485771568,0.5061097959686814,25
vol_mismatch,sac,437,437,-1.9038013026412273,0.4244415439474327,30
vol_mismatch,sac,438,438,1.9869962557773175,0.2975885087033374,30
vol_mismatch,sac,439,439,-4.26363258063391,0.5887488540644413,27
vol_mismatch,sac,440,440,-1.7632208528182218,0.45160088559261374,28
vol_mismatch,sac,441,441,-8.063865370487832,0.5943749830162244,27
vol_mismatch,sac,442,442,-4.3650588424058725,0.9627357553490709,22
vol_mismatch,sac,443,443,-5.248831403809248,0.673847453088189,30
vol_mismatch,sac,444,444,2.7359056401734065,0.18917873844292252,30
vol_mismatch,sac,445,445,-4.161653872918407,0.45190203706467774,23
vol_mismatch,sac,446,446,-1.2322290201138637,0.19494561862178564,30
vol_mismatch,sac,447,447,-0.9108362112750257,0.2983728486660163,30
vol_mismatch,sac,448,448,-1.8504093699653161,0.20996801061479986,30
vol_mismatch,sac,449,449,-6.5293654831403245,0.465286479202794,30
regime_switch,no_hedge,0,0,2.8106773469827786,0.0,0
regime_switch,no_hedge,1,1,2.8106773469827786,0.0,0
regime_switch,no_hedge,2,2,-2.5805782748530035,0.0,0
regime_switch,no_hedge,3,3,2.8106773469827786,0.0,0
regime_switch,no_hedge,4,4,2.8106773469827786,0.0,0
regime_switch,no_hedge,5,5,2.8106773469827786,0.0,0
regime_switch,no_hedge,6,6,2.8106773469827786,0.0,0
regime_switch,no_hedge,7,7,2.8106773469827786,0.0,0
regime_switch,no_hedge,8,8,2.8106773469827786,0.0,0
regime_switch,no_hedge,9,9,2.8106773469827786,0.0,0
regime_switch,no_hedge,10,10,2.8106773469827786,0.0,0
regime_switch,no_hedge,11,11,1.4736688920002834,0.0,0
regime_switch,no_hedge,12,12,-2.9921433674821643,0.0,0
regime_switch,no_hedge,13,13,-6.052146149956876,0.0,0
regime_switch,no_hedge,14,14,-0.1715269137619444,0.0,0
regime_switch,no_hedge,15,15,1.3529876710625999,0.0,0
regime_switch,no_hedge,16,16,-9.764876302320964,0.0,0
regime_switch,no_hedge,17,17,2.8106773469827786,0.0,0
regime_switch,no_hedge,18,18,0.10931556052737079,0.0,0
regime_switch,no_hedge,19,19,2.8106773469827786,0.0,0
regime_switch,no_hedge,20,20,2.8106773469827786,0.0,0
regime_switch,no_hedge,21,21,2.8106773469827786,0.0,0
regime_switch,no_hedge,22,22,-8.362184504453715,0.0,0
regime_switch,no_hedge,23,23,2.8106773469827786,0.0,0
regime_switch,no_hedge,24,24,2.8106773469827786,0.0,0
regime_switch,no_hedge,25,25,-8.80734910945764,0.0,0
regime_switch,no_hedge,26,26,-5.536811859645489,0.0,0
regime_switch,no_hedge,27,27,1.2238173065894173,0.0,0
regime_switch,no_hedge,28,28,-2.7788164512164357,0.0,0
regime_switch,no_hedge,29,29,-1.407576989859244,0.0,0
regime_switch,no_hedge,30,30,0.6915678518214392,0.0,0
regime_switch,no_hedge,31,31,1.0410114444799845,0.0,0
regime_switch,no_hedge,32,32,-6.3475819364123325,0.0,0
regime_switch,no_hedge,33,33,2.8106773469827786,0.0,0
regime_switch,no_hedge,34,34,2.2760780368474443,0.0,0
regime_switch,no_hedge,35,35,0.7716004488880017,0.0,0
regime_switch,no_hedge,36,36,-0.8101189267670819,0.0,0
regime_switch,no_hedge,37,37,2.8106773469827786,0.0,0
regime_switch,no_hedge,38,38,1.3395409164434326,0.0,0
regime_switch,no_hedge,39,39,2.8106773469827786,0.0,0
regime_switch,no_hedge,40,40,2.8106773469827786,0.0,0
regime_switch,no_hedge,41,41,2.8106773469827786,0.0,0
regime_switch,no_hedge,42,42,-3.297878379759304,0.0,0
regime_switch,no_hedge,43,43,2.8106773469827786,0.0,0
regime_switch,no_hedge,44,44,2.8106773469827786,0.0,0
regime_switch,no_hedge,45,45,2.8106773469827786,0.0,0
regime_switch,no_hedge,46,46,-8.966251642208569,0.0,0
regime_switch,no_hedge,47,47,-1.3362287616841044,0.0,0
regime_switch,no_hedge,48,48,2.8106773469827786,0.0,0
regime_switch,no_hedge,49,49,-6.794840755719768,0.0,0
regime_switch,no_hedge,50,50,2.8106773469827786,0.0,0
regime_switch,no_hedge,51,51,-3.0992180390299993,0.0,0
regime_switch,no_hedge,52,52,-3.671064741714936,0.0,0
regime_switch,no_hedge,53,53,-1.1409974800112295,0.0,0
regime_switch,no_hedge,54,54,-3.4377878517959672,0.0,0
regime_switch,no_hedge,55,55,-21.323998312392753,0.0,0
regime_switch,no_hedge,56,56,-0.9280539726227701,0.0,0
regime_switch,no_hedge,57,57,2.8106773469827786,0.0,0
regime_switch,no_hedge,58,58,2.8106773469827786,0.0,0
regime_switch,no_hedge,59,59,-0.877519700101054,0.0,0
regime_switch,no_hedge,60,60,2.7893636589664013,0.0,0
regime_switch,no_hedge,61,61,-5.963666368841622,0.0,0
regime_switch,no_hedge,62,62,1.287203221973975,0.0,0
regime_switch,no_hedge,63,63,-7.941925714936254,0.0,0
regime_switch,no_hedge,64,64,-5.549674607758625,0.0,0
regime_switch,no_hedge,65,65,-13.305329796615162,0.0,0
regime_switch,no_hedge,66,66,2.8106773469827786,0.0,0
regime_switch,no_hedge,67,67,-0.1588448040677335,0.0,0
regime_switch,no_hedge,68,68,2.8106773469827786,0.0,0
regime_switch,no_hedge,69,69,-13.400854292755163,0.0,0
regime_switch,no_hedge,70,70,-1.4209450731462496,0.0,0
regime_switch,no_hedge,71,71,2.8106773469827786,0.0,0
regime_switch,no_hedge,72,72,1.88563639808023,0.0,0
regime_switch,no_hedge,73,73,2.8106773469827786,0.0,0
regime_switch,no_hedge,74,74,-4.802994420354587,0.0,0
regime_switch,no_hedge,75,75,0.9926200062526576,0.0,0
regime_switch,no_hedge,76,76,-9.949196906223314,0.0,0
regime_switch,no_hedge,77,77,2.8106773469827786,0.0,0
regime_switch,no_hedge,78,78,-7.902193511332747,0.0,0
regime_switch,no_hedge,79,79,-8.536262583779099,0.0,0
regime_switch,no_hedge,80,80,0.733770845645104,0.0,0
regime_switch,no_hedge,81,81,2.8106773469827786,0.0,0
regime_switch,no_hedge,82,82,2.228312193268799,0.0,0
regime_switch,no_hedge,83,83,-1.7886215682071267,0.0,0
regime_switch,no_hedge,84,84,2.8106773469827786,0.0,0
regime_switch,no_hedge,85,85,2.8106773469827786,0.0,0
regime_switch,no_hedge,86,86,-7.819506214378855,0.0,0
regime_switch,no_hedge,87,87,0.7816461461268531,0.0,0
regime_switch,no_hedge,88,88,-11.868046337274727,0.0,0
regime_switch,no_hedge,89,89,0.345632529522355,0.0,0
regime_switch,no_hedge,90,90,2.5004203598153723,0.0,0
regime_switch,no_hedge,91,91,-13.621348207076501,0.0,0
regime_switch,no_hedge,92,92,2.8106773469827786,0.0,0
regime_switch,no_hedge,93,93,-17.06263948678049,0.0,0
regime_switch,no_hedge,94,94,2.8106773469827786,0.0,0
regime_switch,no_hedge,95,95,1.3994977430230406,0.0,0
regime_switch,no_hedge,96,96,2.8106773469827786,0.0,0
regime_switch,no_hedge,97,97,2.8106773469827786,0.0,0
regime_switch,no_hedge,98,98,-11.235256814628308,0.0,0
regime_switch,no_hedge,99,99,2.8106773469827786,0.0,0
regime_switch,no_hedge,100,100,-2.905209072424306,0.0,0
regime_switch,no_hedge,101,101,2.8106773469827786,0.0,0
regime_switch,no_hedge,102,102,-1.534176221618658,0.0,0
regime_switch,no_hedge,103,103,-2.9480370911294287,0.0,0
regime_switch,no_hedge,104,104,-12.239941834179795,0.0,0
regime_switch,no_hedge,105,105,-2.6654109042888834,0.0,0
regime_switch,no_hedge,106,106,2.8106773469827786,0.0,0
regime_switch,no_hedge,107,107,-1.4937541600578967,0.0,0
regime_switch,no_hedge,108,108,1.2122549941815137,0.0,0
regime_switch,no_hedge,109,109,-2.2825334608126795,0.0,0
regime_switch,no_hedge,110,110,-13.18498804235518,0.0,0
regime_switch,no_hedge,111,111,2.8106773469827786,0.0,0
regime_switch,no_hedge,112,112,0.5729485642655376,0.0,0
regime_switch,no_hedge,113,113,1.1134792071811646,0.0,0
regime_switch,no_hedge,114,114,-4.87095385256152,0.0,0
regime_switch,no_hedge,115,115,2.8106773469827786,0.0,0
regime_switch,no_hedge,116,116,-3.761352169131463,0.0,0
regime_switch,no_hedge,117,117,2.8106773469827786,0.0,0
regime_switch,no_hedge,118,118,-0.2773632015861054,0.0,0
regime_switch,no_hedge,119,119,2.8106773469827786,0.0,0
regime_switch,no_hedge,120,120,-1.5488254220536035,0.0,0
regime_switch,no_hedge,121,121,2.8106773469827786,0.0,0
regime_switch,no_hedge,122,122,2.8106773469827786,0.0,0
regime_switch,no_hedge,123,123,-16.28704108865353,0.0,0
regime_switch,no_hedge,124,124,2.8106773469827786,0.0,0
regime_switch,no_hedge,125,125,2.8106773469827786,0.0,0
regime_switch,no_hedge,126,126,2.8106773469827786,0.0,0
regime_switch,no_hedge,127,127,2.8106773469827786,0.0,0
regime_switch,no_hedge,128,128,1.8411076000281028,0.0,0
regime_switch,no_hedge,129,129,-3.4736746097682882,0.0,0
regime_switch,no_hedge,130,130,-0.6788356221974041,0.0,0
regime_switch,no_hedge,131,131,-31.571403049049188,0.0,0
regime_switch,no_hedge,132,132,2.8106773469827786,0.0,0
regime_switch,no_hedge,133,133,-2.284134884576268,0.0,0
regime_switch,no_hedge,134,134,2.8106773469827786,0.0,0
regime_switch,no_hedge,135,135,2.8106773469827786,0.0,0
regime_switch,no_hedge,136,136,-3.6853391612562447,0.0,0
regime_switch,no_hedge,137,137,2.8106773469827786,0.0,0
regime_switch,no_hedge,138,138,2.8106773469827786,0.0,0
regime_switch,no_hedge,139,139,2.8106773469827786,0.0,0
regime_switch,no_hedge,140,140,-2.038568849304106,0.0,0
regime_switch,no_hedge,141,141,2.8106773469827786,0.0,0
regime_switch,no_hedge,142,142,-14.288314887540047,0.0,0
regime_switch,no_hedge,143,143,2.8106773469827786,0.0,0
regime_switch,no_hedge,144,144,2.8106773469827786,0.0,0
regime_switch,no_hedge,145,145,2.8106773469827786,0.0,0
regime_switch,no_hedge,146,146,2.8106773469827786,0.0,0
regime_switch,no_hedge,147,147,2.8106773469827786,0.0,0
regime_switch,no_hedge,148,148,2.8106773469827786,0.0,0
regime_switch,no_hedge,149,149,2.8106773469827786,0.0,0
regime_switch,no_hedge,150,150,-0.633628828408682,0.0,0
regime_switch,no_hedge,151,151,2.8106773469827786,0.0,0
regime_switch,no_hedge,152,152,2.8106773469827786,0.0,0
regime_switch,no_hedge,153,153,-2.758911771067467,0.0,0
regime_switch,no_hedge,154,154,2.8106773469827786,0.0,0
regime_switch,no_hedge,155,155,2.8106773469827786,0.0,0
regime_switch,no_hedge,156,156,2.8106773469827786,0.0,0
regime_switch,no_hedge,157,157,2.8106773469827786,0.0,0
regime_switch,no_hedge,158,158,-7.157850071970067,0.0,0
regime_switch,no_hedge,159,159,-1.141641912417633,0.0,0
regime_switch,no_hedge,160,160,-2.1178867937722075,0.0,0
regime_switch,no_hedge,161,161,-10.743691725744434,0.0,0
regime_switch,no_hedge,162,162,2.768065513529912,0.0,0
regime_switch,no_hedge,163,163,-1.3219680704330798,0.0,0
regime_switch,no_hedge,164,164,-1.4127035865279467,0.0,0
regime_switch,no_hedge,165,165,-4.003078700253788,0.0,0
regime_switch,no_hedge,166,166,-2.685814154533084,0.0,0
regime_switch,no_hedge,167,167,2.8106773469827786,0.0,0
regime_switch,no_hedge,168,168,2.8106773469827786,0.0,0
regime_switch,no_hedge,169,169,2.8106773469827786,0.0,0
regime_switch,no_hedge,170,170,-1.8778866340875098,0.0,0
regime_switch,no_hedge,171,171,-0.2928163102893464,0.0,0
regime_switch,no_hedge,172,172,2.101045550384164,0.0,0
regime_switch,no_hedge,173,173,-1.8514401702322445,0.0,0
regime_switch,no_hedge,174,174,2.8106773469827786,0.0,0
regime_switch,no_hedge,175,175,2.8106773469827786,0.0,0
regime_switch,no_hedge,176,176,2.8106773469827786,0.0,0
regime_switch,no_hedge,177,177,-11.523236162489503,0.0,0
regime_switch,no_hedge,178,178,2.8106773469827786,0.0,0
regime_switch,no_hedge,179,179,2.8106773469827786,0.0,0
regime_switch,no_hedge,180,180,-1.1091174925740646,0.0,0
regime_switch,no_hedge,181,181,2.8106773469827786,0.0,0
regime_switch,no_hedge,182,182,-8.488135155062615,0.0,0
regime_switch,no_hedge,183,183,2.8106773469827786,0.0,0
regime_switch,no_hedge,184,184,-7.285141187772474,0.0,0
regime_switch,no_hedge,185,185,-8.05165483516793,0.0,0
regime_switch,no_hedge,186,186,2.8106773469827786,0.0,0
regime_switch,no_hedge,187,187,-5.589644145278363,0.0,0
regime_switch,no_hedge,188,188,2.8106773469827786,0.0,0
regime_switch,no_hedge,189,189,2.8106773469827786,0.0,0
regime_switch,no_hedge,190,190,2.8106773469827786,0.0,0
regime_switch,no_hedge,191,191,2.8106773469827786,0.0,0
regime_switch,no_hedge,192,192,-0.6351146213615024,0.0,0
regime_switch,no_hedge,193,193,-10.57330941238235,0.0,0
regime_switch,no_hedge,194,194,2.8106773469827786,0.0,0
regime_switch,no_hedge,195,195,-4.852769435265536,0.0,0
regime_switch,no_hedge,196,196,0.6357912503639156,0.0,0
regime_switch,no_hedge,197,197,2.8106773469827786,0.0,0
regime_switch,no_hedge,198,198,2.8106773469827786,0.0,0
regime_switch,no_hedge,199,199,-1.482597137338523,0.0,0
regime_switch,no_hedge,200,200,-2.3794949777862726,0.0,0
regime_switch,no_hedge,201,201,2.8106773469827786,0.0,0
regime_switch,no_hedge,202,202,2.8106773469827786,0.0,0
regime_switch,no_hedge,203,203,2.8106773469827786,0.0,0
regime_switch,no_hedge,204,204,-0.9302346250790876,0.0,0
regime_switch,no_hedge,205,205,2.8106773469827786,0.0,0
regime_switch,no_hedge,206,206,-0.5229063951533064,0.0,0
regime_switch,no_hedge,207,207,-8.397268866445081,0.0,0
regime_switch,no_hedge,208,208,-2.437594630158465,0.0,0
regime_switch,no_hedge,209,209,2.8106773469827786,0.0,0
regime_switch,no_hedge,210,210,-9.701911323311457,0.0,0
regime_switch,no_hedge,211,211,2.8106773469827786,0.0,0
regime_switch,no_hedge,212,212,2.8106773469827786,0.0,0
regime_switch,no_hedge,213,213,2.8106773469827786,0.0,0
regime_switch,no_hedge,214,214,-11.268582620791882,0.0,0
regime_switch,no_hedge,215,215,2.4069542812009033,0.0,0
regime_switch,no_hedge,216,216,-22.08126223840312,0.0,0
regime_switch,no_hedge,217,217,2.8106773469827786,0.0,0
regime_switch,no_hedge,218,218,2.8106773469827786,0.0,0
regime_switch,no_hedge,219,219,2.8106773469827786,0.0,0
regime_switch,no_hedge,220,220,0.0429631560459498,0.0,0
regime_switch,no_hedge,221,221,2.8106773469827786,0.0,0
regime_switch,no_hedge,222,222,-10.259259790268324,0.0,0
regime_switch,no_hedge,223,223,-1.8027222726864593,0.0,0
regime_switch,no_hedge,224,224,2.8106773469827786,0.0,0
regime_switch,no_hedge,225,225,2.8106773469827786,0.0,0
regime_switch,no_hedge,226,226,2.8106773469827786,0.0,0
regime_switch,no_hedge,227,227,-0.6276762226118038,0.0,0
regime_switch,no_hedge,228,228,-3.5564832666864348,0.0,0
regime_switch,no_hedge,229,229,-7.874483920242888,0.0,0
regime_switch,no_hedge,230,230,2.8106773469827786,0.0,0
regime_switch,no_hedge,231,231,-2.9965633566626266,0.0,0
regime_switch,no_hedge,232,232,2.8106773469827786,0.0,0
regime_switch,no_hedge,233,233,-6.738501881642314,0.0,0
regime_switch,no_hedge,234,234,2.8106773469827786,0.0,0
regime_switch,no_hedge,235,235,1.5717533723864605,0.0,0
regime_switch,no_hedge,236,236,2.8106773469827786,0.0,0
regime_switch,no_hedge,237,237,1.796148617894481,0.0,0
regime_switch,no_hedge,238,238,2.8106773469827786,0.0,0
regime_switch,no_hedge,239,239,-4.799542905646213,0.0,0
regime_switch,no_hedge,240,240,1.4445757603900589,0.0,0
regime_switch,no_hedge,241,241,2.8106773469827786,0.0,0
regime_switch,no_hedge,242,242,-18.521400398374475,0.0,0
regime_switch,no_hedge,243,243,-1.7312958603723203,0.0,0
regime_switch,no_hedge,244,244,-5.649909613801107,0.0,0
regime_switch,no_hedge,245,245,-5.293184185264018,0.0,0
regime_switch,no_hedge,246,246,2.8106773469827786,0.0,0
regime_switch,no_hedge,247,247,2.8106773469827786,0.0,0
regime_switch,no_hedge,248,248,-10.453227851773768,0.0,0
regime_switch,no_hedge,249,249,1.4874685956557627,0.0,0
regime_switch,no_hedge,250,250,-8.341336179365364,0.0,0
regime_switch,no_hedge,251,251,2.152740864649637,0.0,0
regime_switch,no_hedge,252,252,-3.812847694371534,0.0,0
regime_switch,no_hedge,253,253,2.8106773469827786,0.0,0
regime_switch,no_hedge,254,254,2.8106773469827786,0.0,0
regime_switch,no_hedge,255,255,2.8106773469827786,0.0,0
regime_switch,no_hedge,256,256,-14.221908024133448,0.0,0
regime_switch,no_hedge,257,257,-4.065182732774396,0.0,0
regime_switch,no_hedge,258,258,2.8106773469827786,0.0,0
regime_switch,no_hedge,259,259,-10.766595269265089,0.0,0
regime_switch,no_hedge,260,260,0.4763298713810471,0.0,0
regime_switch,no_hedge,261,261,-11.116675325596113,0.0,0
regime_switch,no_hedge,262,262,-18.39330948104007,0.0,0
regime_switch,no_hedge,263,263,2.8106773469827786,0.0,0
regime_switch,no_hedge,264,264,-2.865515840070934,0.0,0
regime_switch,no_hedge,265,265,-5.19949998055376,0.0,0
regime_switch,no_hedge,266,266,2.8106773469827786,0.0,0
regime_switch,no_hedge,267,267,-1.661289902506205,0.0,0
regime_switch,no_hedge,268,268,-12.204100760794653,0.0,0
regime_switch,no_hedge,269,269,2.8106773469827786,0.0,0
regime_switch,no_hedge,270,270,-0.9380869418578257,0.0,0
regime_switch,no_hedge,271,271,2.8106773469827786,0.0,0
regime_switch,no_hedge,272,272,2.8106773469827786,0.0,0
regime_switch,no_hedge,273,273,2.8106773469827786,0.0,0
regime_switch,no_hedge,274,274,2.8106773469827786,0.0,0
regime_switch,no_hedge,275,275,2.8106773469827786,0.0,0
regime_switch,no_hedge,276,276,-3.3783193537609506,0.0,0
regime_switch,no_hedge,277,277,-0.7919432859162825,0.0,0
regime_switch,no_hedge,278,278,-0.30203669956821244,0.0,0
regime_switch,no_hedge,279,279,2.8106773469827786,0.0,0
regime_switch,no_hedge,280,280,2.8106773469827786,0.0,0
regime_switch,no_hedge,281,281,2.8106773469827786,0.0,0
regime_switch,no_hedge,282,282,2.8106773469827786,0.0,0
regime_switch,no_hedge,283,283,2.8106773469827786,0.0,0
regime_switch,no_hedge,284,284,-22.835744358188286,0.0,0
regime_switch,no_hedge,285,285,2.8106773469827786,0.0,0
regime_switch,no_hedge,286,286,-11.548000548432618,0.0,0
regime_switch,no_hedge,287,287,2.8106773469827786,0.0,0
regime_switch,no_hedge,288,288,-9.401361679375718,0.0,0
regime_switch,no_hedge,289,289,-4.185752406706008,0.0,0
regime_switch,no_hedge,290,290,2.8106773469827786,0.0,0
regime_switch,no_hedge,291,291,-5.240644765264086,0.0,0
regime_switch,no_hedge,292,292,2.8106773469827786,0.0,0
regime_switch,no_hedge,293,293,2.8106773469827786,0.0,0
regime_switch,no_hedge,294,294,-4.869530381990678,0.0,0
regime_switch,no_hedge,295,295,2.8106773469827786,0.0,0
regime_switch,no_hedge,296,296,2.7002560517869725,0.0,0
regime_switch,no_hedge,297,297,1.4824614797732991,0.0,0
regime_switch,no_hedge,298,298,2.0790201962320296,0.0,0
regime_switch,no_hedge,299,299,2.8106773469827786,0.0,0
regime_switch,no_hedge,300,300,1.4803234127023401,0.0,0
regime_switch,no_hedge,301,301,2.8106773469827786,0.0,0
regime_switch,no_hedge,302,302,2.8106773469827786,0.0,0
regime_switch,no_hedge,303,303,2.8106773469827786,0.0,0
regime_switch,no_hedge,304,304,0.2320842166346253,0.0,0
regime_switch,no_hedge,305,305,2.8106773469827786,0.0,0
regime_switch,no_hedge,306,306,-22.58745906119963,0.0,0
regime_switch,no_hedge,307,307,2.8106773469827786,0.0,0
regime_switch,no_hedge,308,308,2.8106773469827786,0.0,0
regime_switch,no_hedge,309,309,2.8106773469827786,0.0,0
regime_switch,no_hedge,310,310,-11.707497106071038,0.0,0
regime_switch,no_hedge,311,311,1.3616287850734707,0.0,0
regime_switch,no_hedge,312,312,-4.98485746286557,0.0,0
regime_switch,no_hedge,313,313,2.8106773469827786,0.0,0
regime_switch,no_hedge,314,314,2.8106773469827786,0.0,0
regime_switch,no_hedge,315,315,2.8106773469827786,0.0,0
regime_switch,no_hedge,316,316,-0.3414376153872283,0.0,0
regime_switch,no_hedge,317,317,-6.002026507547761,0.0,0
regime_switch,no_hedge,318,318,-2.6567239588578033,0.0,0
regime_switch,no_hedge,319,319,2.8106773469827786,0.0,0
regime_switch,no_hedge,320,320,-10.718545423993056,0.0,0
regime_switch,no_hedge,321,321,2.0885573875988612,0.0,0
regime_switch,no_hedge,322,322,-0.7638477548856244,0.0,0
regime_switch,no_hedge,323,323,1.6217084364184373,0.0,0
regime_switch,no_hedge,324,324,-1.9921226330779618,0.0,0
regime_switch,no_hedge,325,325,2.8106773469827786,0.0,0
regime_switch,no_hedge,326,326,2.8106773469827786,0.0,0
regime_switch,no_hedge,327,327,-4.446016659785279,0.0,0
regime_switch,no_hedge,328,328,2.8106773469827786,0.0,0
regime_switch,no_hedge,329,329,2.8106773469827786,0.0,0
regime_switch,no_hedge,330,330,-1.8450833788364278,0.0,0
regime_switch,no_hedge,331,331,2.8106773469827786,0.0,0
regime_switch,no_hedge,332,332,0.4355945742999907,0.0,0
regime_switch,no_hedge,333,333,-10.255061517652798,0.0,0
regime_switch,no_hedge,334,334,2.8106773469827786,0.0,0
regime_switch,no_hedge,335,335,-2.079936125138069,0.0,0
regime_switch,no_hedge,336,336,2.8106773469827786,0.0,0
regime_switch,no_hedge,337,337,-3.1979289771755717,0.0,0
regime_switch,no_hedge,338,338,-1.5447952608621094,0.0,0
regime_switch,no_hedge,339,339,2.8106773469827786,0.0,0
regime_switch,no_hedge,340,340,2.8106773469827786,0.0,0
regime_switch,no_hedge,341,341,2.8106773469827786,0.0,0
regime_switch,no_hedge,342,342,2.8106773469827786,0.0,0
regime_switch,no_hedge,343,343,-10.566788528018925,0.0,0
regime_switch,no_hedge,344,344,2.8106773469827786,0.0,0
regime_switch,no_hedge,345,345,2.8106773469827786,0.0,0
regime_switch,no_hedge,346,346,-2.256714190927248,0.0,0
regime_switch,no_hedge,347,347,2.8106773469827786,0.0,0
regime_switch,no_hedge,348,348,2.8106773469827786,0.0,0
regime_switch,no_hedge,349,349,2.8106773469827786,0.0,0
regime_switch,no_hedge,350,350,1.404583899695588,0.0,0
regime_switch,no_hedge,351,351,2.8106773469827786,0.0,0
regime_switch,no_hedge,352,352,2.8106773469827786,0.0,0
regime_switch,no_hedge,353,353,-7.013065897373487,0.0,0
regime_switch,no_hedge,354,354,1.3290070555224318,0.0,0
regime_switch,no_hedge,355,355,-7.44260495274046,0.0,0
regime_switch,no_hedge,356,356,2.8106773469827786,0.0,0
regime_switch,no_hedge,357,357,2.8106773469827786,0.0,0
regime_switch,no_hedge,358,358,-8.929948540875749,0.0,0
regime_switch,no_hedge,359,359,-16.060023933691433,0.0,0
regime_switch,no_hedge,360,360,2.8106773469827786,0.0,0
regime_switch,no_hedge,361,361,2.8106773469827786,0.0,0
regime_switch,no_hedge,362,362,-19.49436488740961,0.0,0
regime_switch,no_hedge,363,363,2.8106773469827786,0.0,0
regime_switch,no_hedge,364,364,-11.382617306878409,0.0,0
regime_switch,no_hedge,365,365,-5.088534833923795,0.0,0
regime_switch,no_hedge,366,366,1.0203611987512957,0.0,0
regime_switch,no_hedge,367,367,2.525249090249609,0.0,0
regime_switch,no_hedge,368,368,0.9610278140747468,0.0,0
regime_switch,no_hedge,369,369,2.8106773469827786,0.0,0
regime_switch,no_hedge,370,370,2.8106773469827786,0.0,0
regime_switch,no_hedge,371,371,0.7147008503217833,0.0,0
regime_switch,no_hedge,372,372,2.8106773469827786,0.0,0
regime_switch,no_hedge,373,373,2.8106773469827786,0.0,0
regime_switch,no_hedge,374,374,2.8106773469827786,0.0,0
regime_switch,no_hedge,375,375,-12.311734039319056,0.0,0
regime_switch,no_hedge,376,376,2.8106773469827786,0.0,0
regime_switch,no_hedge,377,377,2.162713893554276,0.0,0
regime_switch,no_hedge,378,378,-6.393263578098534,0.0,0
regime_switch,no_hedge,379,379,-7.142934355072818,0.0,0
regime_switch,no_hedge,380,380,-0.07177490079171633,0.0,0
regime_switch,no_hedge,381,381,2.8106773469827786,0.0,0
regime_switch,no_hedge,382,382,-18.31090316427933,0.0,0
regime_switch,no_hedge,383,383,-1.487525802526541,0.0,0
regime_switch,no_hedge,384,384,-29.933576902633284,0.0,0
regime_switch,no_hedge,385,385,-13.848630257795698,0.0,0
regime_switch,no_hedge,386,386,2.8106773469827786,0.0,0
regime_switch,no_hedge,387,387,-5.676995844199176,0.0,0
regime_switch,no_hedge,388,388,-15.00573397735598,0.0,0
regime_switch,no_hedge,389,389,1.9569243959239984,0.0,0
regime_switch,no_hedge,390,390,-7.649485712443415,0.0,0
regime_switch,no_hedge,391,391,2.8106773469827786,0.0,0
regime_switch,no_hedge,392,392,-3.3044631201832217,0.0,0
regime_switch,no_hedge,393,393,2.8106773469827786,0.0,0
regime_switch,no_hedge,394,394,2.8106773469827786,0.0,0
regime_switch,no_hedge,395,395,0.32804650694840376,0.0,0
regime_switch,no_hedge,396,396,2.8106773469827786,0.0,0
regime_switch,no_hedge,397,397,2.8106773469827786,0.0,0
regime_switch,no_hedge,398,398,2.8106773469827786,0.0,0
regime_switch,no_hedge,399,399,-3.9606383648534305,0.0,0
regime_switch,no_hedge,400,400,2.8106773469827786,0.0,0
regime_switch,no_hedge,401,401,-9.02802335118016,0.0,0
regime_switch,no_hedge,402,402,2.8106773469827786,0.0,0
regime_switch,no_hedge,403,403,-19.226850922966882,0.0,0
regime_switch,no_hedge,404,404,0.7629339137634261,0.0,0
regime_switch,no_hedge,405,405,2.8106773469827786,0.0,0
regime_switch,no_hedge,406,406,-4.090205737357458,0.0,0
regime_switch,no_hedge,407,407,-9.0638179019383,0.0,0
regime_switch,no_hedge,408,408,2.8106773469827786,0.0,0
regime_switch,no_hedge,409,409,2.8106773469827786,0.0,0
regime_switch,no_hedge,410,410,2.5108823994414635,0.0,0
regime_switch,no_hedge,411,411,-6.109141810340468,0.0,0
regime_switch,no_hedge,412,412,2.415707235308041,0.0,0
regime_switch,no_hedge,413,413,-4.550697542280808,0.0,0
regime_switch,no_hedge,414,414,-9.280708707448916,0.0,0
regime_switch,no_hedge,415,415,1.9448020079909512,0.0,0
regime_switch,no_hedge,416,416,2.8106773469827786,0.0,0
regime_switch,no_hedge,417,417,2.8106773469827786,0.0,0
regime_switch,no_hedge,418,418,-5.058966223924934,0.0,0
regime_switch,no_hedge,419,419,2.8106773469827786,0.0,0
regime_switch,no_hedge,420,420,-12.667294290864199,0.0,0
regime_switch,no_hedge,421,421,2.8106773469827786,0.0,0
regime_switch,no_hedge,422,422,-2.9552383760772685,0.0,0
regime_switch,no_hedge,423,423,-1.443834114545318,0.0,0
regime_switch,no_hedge,424,424,2.8106773469827786,0.0,0
regime_switch,no_hedge,425,425,-3.5570501965581443,0.0,0
regime_switch,no_hedge,426,426,-6.200961413276069,0.0,0
regime_switch,no_hedge,427,427,2.8106773469827786,0.0,0
regime_switch,no_hedge,428,428,-2.440099246773208,0.0,0
regime_switch,no_hedge,429,429,2.8106773469827786,0.0,0
regime_switch,no_hedge,430,430,-2.390279459088113,0.0,0
regime_switch,no_hedge,431,431,0.9743137717274877,0.0,0
regime_switch,no_hedge,432,432,-1.3724309302306708,0.0,0
regime_switch,no_hedge,433,433,2.8106773469827786,0.0,0
regime_switch,no_hedge,434,434,-7.756475460845984,0.0,0
regime_switch,no_hedge,435,435,-7.319450100625694,0.0,0
regime_switch,no_hedge,436,436,-8.761278211574258,0.0,0
regime_switch,no_hedge,437,437,2.8106773469827786,0.0,0
regime_switch,no_hedge,438,438,2.8106773469827786,0.0,0
regime_switch,no_hedge,439,439,-3.806750747739393,0.0,0
regime_switch,no_hedge,440,440,-13.573985964590584,0.0,0
regime_switch,no_hedge,441,441,2.8106773469827786,0.0,0
regime_switch,no_hedge,442,442,-4.388832847174221,0.0,0
regime_switch,no_hedge,443,443,2.8106773469827786,0.0,0
regime_switch,no_hedge,444,444,2.8106773469827786,0.0,0
regime_switch,no_hedge,445,445,-6.462360666679906,0.0,0
regime_switch,no_hedge,446,446,2.8106773469827786,0.0,0
regime_switch,no_hedge,447,447,0.2870761511778923,0.0,0
regime_switch,no_hedge,448,448,2.8106773469827786,0.0,0
regime_switch,no_hedge,449,449,-1.8589362749566263,0.0,0
regime_switch,delta,0,0,-1.7558968027829398,0.1636177580675338,30
regime_switch,delta,1,1,-0.17786314541213272,0.23142308911296472,30
regime_switch,delta,2,2,0.18054404154241865,0.2132128336750787,30
regime_switch,delta,3,3,0.379114259339449,0.185371855928891,30
regime_switch,delta,4,4,-3.8995080885374063,0.17310168042153073,30
regime_switch,delta,5,5,0.1926001923873797,0.15394661394486706,30
regime_switch,delta,6,6,-0.39355775495106693,0.307053581562813,30
regime_switch,delta,7,7,-1.7523360909780301,0.11481807445578031,24
regime_switch,delta,8,8,0.6042390200860377,0.14681808979184857,30
regime_switch,delta,9,9,1.0584257749034869,0.15313999219948912,29
regime_switch,delta,10,10,0.24114916588088056,0.15472216480573256,30
regime_switch,delta,11,11,-2.952155772853402,0.3463270094777359,30
regime_switch,delta,12,12,0.17320924060200582,0.18649437743643227,30
regime_switch,delta,13,13,-2.56297676723554,0.11354712764204869,30
regime_switch,delta,14,14,-0.2587336291763336,0.20431255272579477,30
regime_switch,delta,15,15,2.470175073462414,0.2655090402092423,30
regime_switch,delta,16,16,-2.3928227107535776,0.16000742142976423,30
regime_switch,delta,17,17,-0.009707599121197858,0.2079258223611994,28
regime_switch,delta,18,18,-1.5797736196409744,0.23510809068756075,30
regime_switch,delta,19,19,-2.901532670470893,0.23642000726558204,30
regime_switch,delta,20,20,-1.6453844196274712,0.1541686793189336,30
regime_switch,delta,21,21,1.6853770721012244,0.2459924175992375,30
regime_switch,delta,22,22,-1.0709512965988353,0.16955517401193643,27
regime_switch,delta,23,23,-0.3547805825546071,0.29100481373284737,30
regime_switch,delta,24,24,-1.0760085230481624,0.1602486362208986,29
regime_switch,delta,25,25,-1.0188552942374685,0.16766769339944254,29
regime_switch,delta,26,26,-1.4404272248903283,0.21853035226082204,30
regime_switch,delta,27,27,-4.0749782950127695,0.27355028544206866,30
regime_switch,delta,28,28,-0.0673735379051692,0.12597589712235768,30
regime_switch,delta,29,29,-2.442268803912725,0.35633886134515286,30
regime_switch,delta,30,30,0.929234707918738,0.22438771239826238,30
regime_switch,delta,31,31,-0.8593243325407798,0.18353276372438784,30
regime_switch,delta,32,32,-2.228068944406985,0.2312914215761838,30
regime_switch,delta,33,33,0.057453640366645686,0.40080374542743363,30
regime_switch,delta,34,34,-0.3653886477583228,0.19886419301278824,30
regime_switch,delta,35,35,-4.63997411766681,0.24642426019993127,30
regime_switch,delta,36,36,1.4886782519334787,0.23967271097085097,30
regime_switch,delta,37,37,1.5109106991882044,0.1380338795434246,28
regime_switch,delta,38,38,-0.7419769092659934,0.27060332770782,30
regime_switch,delta,39,39,-3.4369378824328365,0.4172467430761671,30
regime_switch,delta,40,40,0.9404212572957533,0.25808724308534176,30
regime_switch,delta,41,41,0.1604573431841442,0.22438974655079677,30
regime_switch,delta,42,42,-1.4108076332511672,0.1824863763365898,30
regime_switch,delta,43,43,-0.6868314299421464,0.1474875010834686,27
regime_switch,delta,44,44,-3.0838058191018587,0.3842992431072407,30
regime_switch,delta,45,45,-0.26381700635188754,0.13891659421778457,26
regime_switch,delta,46,46,-0.5887456758717349,0.23374595972805043,27
regime_switch,delta,47,47,-0.07080415120569228,0.3459958922023935,30
regime_switch,delta,48,48,-1.0054038361769386,0.24507699243600278,30
regime_switch,delta,49,49,-1.462483660761535,0.1437642550332215,29
regime_switch,delta,50,50,-3.840546949338625,0.2349090320724809,29
regime_switch,delta,51,51,-2.9246804777918385,0.27038034567522345,30
regime_switch,delta,52,52,-0.8194092478625947,0.23506438243301547,30
regime_switch,delta,53,53,-3.2853260638987933,0.39672237227143153,30
regime_switch,delta,54,54,-1.0511201524145406,0.21579137180108507,30
regime_switch,delta,55,55,-0.5103605791358632,0.20848871027656887,23
regime_switch,delta,56,56,-4.274374996992918,0.2310459451768799,30
regime_switch,delta,57,57,-3.868858752091284,0.34687403023636654,30
regime_switch,delta,58,58,0.21655910568661021,0.18362687618691712,30
regime_switch,delta,59,59,-3.3586930563973,0.16913396772729403,30
regime_switch,delta,60,60,-0.26439971625275405,0.40588358946901154,30
regime_switch,delta,61,61,0.48889068967828564,0.1790147903254985,29
regime_switch,delta,62,62,-1.5318488411253526,0.24061879519541482,30
regime_switch,delta,63,63,-1.443630487243695,0.21184992554105309,30
regime_switch,delta,64,64,-1.2314510850938234,0.2845525033351447,30
regime_switch,delta,65,65,-1.0476352761640584,0.15560683038770753,29
regime_switch,delta,66,66,-0.5288334312243065,0.3891148653795427,30
regime_switch,delta,67,67,-1.8923010280400234,0.38821290560910854,30
regime_switch,delta,68,68,-1.0228584960212694,0.19966804194260698,30
regime_switch,delta,69,69,-3.4025827263064485,0.14335281157493246,25
regime_switch,delta,70,70,-1.1150120902046012,0.1994574800711584,30
regime_switch,delta,71,71,0.5426464263747921,0.21236855601343568,30
regime_switch,delta,72,72,0.273810984084605,0.19420974261564197,30
regime_switch,delta,73,73,-0.3443965107370951,0.20574500063637338,30
regime_switch,delta,74,74,-1.315740022049141,0.20175523741197612,30
regime_switch,delta,75,75,-0.10790214212265425,0.20201294236011363,30
regime_switch,delta,76,76,-2.311593012850082,0.12266501850248149,25
regime_switch,delta,77,77,-5.623761731107183,0.2586179515660563,30
regime_switch,delta,78,78,0.3937993700682654,0.11825283723929134,29
regime_switch,delta,79,79,0.2898209018847808,0.19670816483882897,30
regime_switch,delta,80,80,1.3095777019905768,0.27179062143681626,30
regime_switch,delta,81,81,-1.288284396238263,0.28612662527914157,30
regime_switch,delta,82,82,-0.777701602023086,0.2979182517201449,30
regime_switch,delta,83,83,-2.400881467993841,0.5042864217724582,30
regime_switch,delta,84,84,0.9702060060222645,0.11878639098714928,28
regime_switch,delta,85,85,1.262673430344524,0.26382799652351585,30
regime_switch,delta,86,86,-2.5050092028430555,0.26115555357720044,29
regime_switch,delta,87,87,-0.06025414404174967,0.30085149528735616,30
regime_switch,delta,88,88,-0.7558312533789575,0.184263385281869,29
regime_switch,delta,89,89,-0.9980867439742553,0.206428172331633,30
regime_switch,delta,90,90,-0.23680416267436044,0.29199149540670083,30
regime_switch,delta,91,91,0.516328629922242,0.1559995041559513,25
regime_switch,delta,92,92,1.8717761458273863,0.2251935122434454,30
regime_switch,delta,93,93,-2.2989362704895484,0.1328163171906369,26
regime_switch,delta,94,94,-5.48689001427689,0.34012812573855766,29
regime_switch,delta,95,95,-4.389281081711317,0.33956946717062775,30
regime_switch,delta,96,96,0.7716117782693814,0.25820982171472007,30
regime_switch,delta,97,97,-0.6534255954074781,0.13893077583995944,27
regime_switch,delta,98,98,-2.3333461709924137,0.22250856667550936,30
regime_switch,delta,99,99,-0.6574419419888593,0.3548041135256431,30
regime_switch,delta,100,100,-0.9186873399455067,0.15535160762094669,29
regime_switch,delta,101,101,-1.1789236417131024,0.2712789755292352,30
regime_switch,delta,102,102,-1.6267664121827323,0.23287058503413524,30
regime_switch,delta,103,103,-3.5586535997936863,0.3268533088877418,30
regime_switch,delta,104,104,-0.568003882395061,0.127721169265078,27
regime_switch,delta,105,105,-6.998214779410233,0.48145003911730605,30
regime_switch,delta,106,106,1.104347068288746,0.2540221554438138,30
regime_switch,delta,107,107,-2.35203117440372,0.46984240329932003,30
regime_switch,delta,108,108,-3.9535294551184847,0.34383321519111787,30
regime_switch,delta,109,109,-2.0106151228195728,0.30427037063672846,30
regime_switch,delta,110,110,-2.1295659757905554,0.3173879923461481,29
regime_switch,delta,111,111,-1.2549167820766414,0.14429516800161551,28
regime_switch,delta,112,112,-2.1820554327326676,0.37758728581238665,30
regime_switch,delta,113,113,1.2582544382582768,0.22691930949610492,30
regime_switch,delta,114,114,-1.186695549811418,0.23695512249551767,30
regime_switch,delta,115,115,-0.0248288942714041,0.11937425122303211,30
regime_switch,delta,116,116,-3.283077745192685,0.30240771966508573,30
regime_switch,delta,117,117,0.6010589822212569,0.14214240138532158,30
regime_switch,delta,118,118,-0.7474434814266289,0.2712500883371002,30
regime_switch,delta,119,119,1.0260515197132944,0.2350428579168274,30
regime_switch,delta,120,120,0.34253104878830243,0.215869033977757,30
regime_switch,delta,121,121,-5.918033301526422,0.2315561068087576,30
regime_switch,delta,122,122,-0.460938754182086,0.11030739418971326,30
regime_switch,delta,123,123,-1.0257151141161671,0.14135857957143316,25
regime_switch,delta,124,124,0.4878398832839219,0.13989829927806569,30
regime_switch,delta,125,125,-1.4377691276750173,0.10082501606190561,26
regime_switch,delta,126,126,-0.23009719178445595,0.15790485606296042,28
regime_switch,delta,127,127,-3.7193280668314728,0.37876787553257757,30
regime_switch,delta,128,128,0.18292304367630408,0.331586142462372,30
regime_switch,delta,129,129,0.6680595031067611,0.18005810897648072,30
regime_switch,delta,130,130,-0.16831139956325103,0.42232251736784643,30
regime_switch,delta,131,131,0.7636861365786558,0.17007468537375275,22
regime_switch,delta,132,132,-0.03759452973713451,0.32499814887337736,30
regime_switch,delta,133,133,-0.611719000626465,0.32062046613397355,30
regime_switch,delta,134,134,-1.4478214836549312,0.14046567393910936,30
regime_switch,delta,135,135,-4.564134338841487,0.3613680935466726,28
regime_switch,delta,136,136,-4.737966126233559,0.32650543758691764,30
regime_switch,delta,137,137,-0.030539947881987127,0.16291696503121694,30
regime_switch,delta,138,138,-0.6062059229945402,0.20666062706000005,30
regime_switch,delta,139,139,-0.23378088676517983,0.29665404632268155,30
regime_switch,delta,140,140,-0.17533635131722747,0.26844486391602973,30
regime_switch,delta,141,141,-1.6659514129111026,0.19887946201276707,30
regime_switch,delta,142,142,-0.6361603312607826,0.15926744505376944,28
regime_switch,delta,143,143,0.22871553685317814,0.2187541880651884,30
regime_switch,delta,144,144,-1.65959095897566,0.3912465859878146,30
regime_switch,delta,145,145,0.5019584880506934,0.22015514579004775,28
regime_switch,delta,146,146,0.06412121285899275,0.2972622114309993,30
regime_switch,delta,147,147,1.2135860918702437,0.3077962104177026,30
regime_switch,delta,148,148,-6.371509049944943,0.3557777901831472,30
regime_switch,delta,149,149,2.0637326173958854,0.38289877561705066,30
regime_switch,delta,150,150,0.8464630677512162,0.22698428941740525,30
regime_switch,delta,151,151,0.5259008871400004,0.16509325740783118,30
regime_switch,delta,152,152,-0.00982876604648682,0.19395170035999468,30
regime_switch,delta,153,153,0.15097374930898866,0.2739179956202097,30
regime_switch,delta,154,154,0.5350288079504638,0.1977789172730681,30
regime_switch,delta,155,155,0.5840880182222636,0.18028493286177255,30
regime_switch,delta,156,156,-0.19189208276532435,0.19239332586409405,30
regime_switch,delta,157,157,-2.0977146150535315,0.11730649697711004,22
regime_switch,delta,158,158,-2.48523380188972,0.28060848233644653,27
regime_switch,delta,159,159,-2.7811216524577134,0.28552211914533127,30
regime_switch,delta,160,160,0.9352347463916288,0.1667180658863578,30
regime_switch,delta,161,161,-4.079916373240337,0.2962575032344585,29
regime_switch,delta,162,162,-0.6657998170326493,0.3342602728576937,30
regime_switch,delta,163,163,-0.13487266778145113,0.18321733302114887,30
regime_switch,delta,164,164,-0.21142663675448148,0.33866789322362456,30
regime_switch,delta,165,165,-0.7141423198313817,0.2607351184444295,30
regime_switch,delta,166,166,-2.786845916006385,0.22026666016711713,30
regime_switch,delta,167,167,-0.343421511598517,0.1541225425722914,28
regime_switch,delta,168,168,-1.1422906965813486,0.2547190518802626,30
regime_switch,delta,169,169,1.1639332294181202,0.24230579766852833,30
regime_switch,delta,170,170,-0.8899644341455257,0.28593523281597616,30
regime_switch,delta,171,171,-0.2676182458936438,0.31342703066795247,30
regime_switch,delta,172,172,0.4676327423866482,0.2893595697770454,30
regime_switch,delta,173,173,-0.6237312870421903,0.15814499145737942,30
regime_switch,delta,174,174,-0.5317027439097664,0.12828273280687177,30
regime_switch,delta,175,175,-4.3877603094667,0.3667859243334278,30
regime_switch,delta,176,176,-0.6164819244387345,0.14724136218352332,30
regime_switch,delta,177,177,0.1756947661513948,0.16662637138315392,29
regime_switch,delta,178,178,0.5337363149924244,0.23790721692785358,30
regime_switch,delta,179,179,-1.221083769108504,0.15442000616852236,29
regime_switch,delta,180,180,1.0750135327399448,0.306433480866152,30
regime_switch,delta,181,181,1.6202368111236538,0.23036447821732192,30
regime_switch,delta,182,182,-2.6856118117364787,0.3344570176212113,30
regime_switch,delta,183,183,-0.8072718219967427,0.2894909436200516,30
regime_switch,delta,184,184,0.01483480804965609,0.12925547307637777,28
regime_switch,delta,185,185,-0.4481697967671181,0.23462004271365428,30
regime_switch,delta,186,186,-6.305238328259584,0.28228638698706815,30
regime_switch,delta,187,187,-0.1259766320565774,0.175315710424284,30
regime_switch,delta,188,188,-2.0003768666632666,0.29805268038603544,30
regime_switch,delta,189,189,-2.583366953750587,0.1522529609966681,26
regime_switch,delta,190,190,-1.4806104537095022,0.12267327398759481,30
regime_switch,delta,191,191,-5.309800990853496,0.2984073054310655,27
regime_switch,delta,192,192,-0.367153304817208,0.1702399185583523,30
regime_switch,delta,193,193,-1.3558030612003051,0.12551802362435174,26
regime_switch,delta,194,194,0.9484605038778255,0.2842086234932222,30
regime_switch,delta,195,195,0.15253888885590072,0.16960819042506098,30
regime_switch,delta,196,196,-2.590334016030269,0.3121698490181926,30
regime_switch,delta,197,197,-1.892264768699398,0.3738903195228635,30
regime_switch,delta,198,198,-2.484623838556908,0.2293744259080971,30
regime_switch,delta,199,199,-2.5797025487560887,0.2943826003843269,30
regime_switch,delta,200,200,-0.9072936068468493,0.23919099559680843,30
regime_switch,delta,201,201,0.18073220546220028,0.32451585585223586,30
regime_switch,delta,202,202,1.0130766368338868,0.27114771538751886,30
regime_switch,delta,203,203,-2.882845817247207,0.31530903208283484,30
regime_switch,delta,204,204,-5.797931599443814,0.32523641067743875,30
regime_switch,delta,205,205,-3.939414145412288,0.20292181557778508,27
regime_switch,delta,206,206,-2.1454024465163997,0.29705276786754947,30
regime_switch,delta,207,207,-0.601432006587828,0.13812251526390523,29
regime_switch,delta,208,208,-1.2212758487848845,0.43269723749904404,30
regime_switch,delta,209,209,0.5531312074078041,0.2326017045694504,30
regime_switch,delta,210,210,-1.6873221650309063,0.21228193337289705,29
regime_switch,delta,211,211,0.4266201953195782,0.23209028484006802,30
regime_switch,delta,212,212,-6.592397958653532,0.30996885702044,30
regime_switch,delta,213,213,1.5837843740989541,0.2284110979092892,30
regime_switch,delta,214,214,-0.891914108191969,0.1359319380751108,29
regime_switch,delta,215,215,-1.2133875760069799,0.4028077362421445,30
regime_switch,delta,216,216,-3.5590513705272997,0.2199046446130212,27
regime_switch,delta,217,217,1.7706575229337045,0.15400782562420698,29
regime_switch,delta,218,218,-1.039744567872457,0.24042431517575477,29
regime_switch,delta,219,219,-1.2654318982630264,0.19918286096147092,29
regime_switch,delta,220,220,-3.6749781931144128,0.26782751937349697,30
regime_switch,delta,221,221,-1.5559047650199727,0.21489008315758443,30
regime_switch,delta,222,222,-0.28542853973733884,0.1985574934701954,27
regime_switch,delta,223,223,0.15145440045597525,0.3285464338727697,30
regime_switch,delta,224,224,-2.065610203157294,0.4184318671184829,30
regime_switch,delta,225,225,1.0840448882776725,0.11077323642280906,25
regime_switch,delta,226,226,-1.0398885397012236,0.40982069051776593,30
regime_switch,delta,227,227,0.8916778231270541,0.1826888062814157,30
regime_switch,delta,228,228,-3.3177323104377336,0.29014183354041584,30
regime_switch,delta,229,229,-1.208186916563747,0.1349212130979355,30
regime_switch,delta,230,230,-1.3703572520657048,0.2713952632606804,30
regime_switch,delta,231,231,-5.41961278879613,0.4076662476950574,30
regime_switch,delta,232,232,-2.1135991678106065,0.25443048678062197,30
regime_switch,delta,233,233,-1.7235255466361679,0.1406169141669519,30
regime_switch,delta,234,234,-1.3944128733387855,0.13753669002460284,30
regime_switch,delta,235,235,-3.5409349026703865,0.5296237360319389,30
regime_switch,delta,236,236,-0.1768474807923326,0.424149298627366,30
regime_switch,delta,237,237,0.24705862113539467,0.2219360834680907,30
regime_switch,delta,238,238,-0.7060014078292091,0.15698533315066412,26
regime_switch,delta,239,239,-1.1090508078321193,0.2224891345053717,30
regime_switch,delta,240,240,-1.7549496083562275,0.16160010034409947,30
regime_switch,delta,241,241,-0.47006527036216195,0.24324289361493054,30
regime_switch,delta,242,242,-2.236884791909503,0.1398924576691467,24
regime_switch,delta,243,243,-0.4555553716958798,0.1823723100047371,30
regime_switch,delta,244,244,-0.8446204397939425,0.20363510327465223,30
regime_switch,delta,245,245,-3.564512311792612,0.2385475177079284,29
regime_switch,delta,246,246,0.7970363379550797,0.20394635241462242,30
regime_switch,delta,247,247,-3.8193542471406117,0.31122677069987575,30
regime_switch,delta,248,248,2.081622406024323,0.26878943796468907,29
regime_switch,delta,249,249,1.420262340844971,0.2082627298507108,30
regime_switch,delta,250,250,-0.5134773998512827,0.15578950434036637,29
regime_switch,delta,251,251,-4.4156042761474055,0.29717547132001354,30
regime_switch,delta,252,252,-3.7735017352840146,0.31776915453906684,30
regime_switch,delta,253,253,1.5294837350980046,0.3338113732087915,30
regime_switch,delta,254,254,-0.48596271887801734,0.2528661138836387,30
regime_switch,delta,255,255,-4.269043083359728,0.2698492379669565,30
regime_switch,delta,256,256,-3.9545308446086267,0.1209299420807859,27
regime_switch,delta,257,257,0.08184546241929525,0.16298583989813903,30
regime_switch,delta,258,258,-0.8539804257870759,0.1490713359245044,25
regime_switch,delta,259,259,0.057773326270833536,0.16106550446204337,29
regime_switch,delta,260,260,-1.5167356163553833,0.30414730356139447,30
regime_switch,delta,261,261,0.35963189707462107,0.18169992257621076,29
regime_switch,delta,262,262,-1.571293933346567,0.11874319384724938,22
regime_switch,delta,263,263,-1.5983879740327607,0.22201184192285797,30
regime_switch,delta,264,264,-1.5734457356156497,0.2714819108673379,30
regime_switch,delta,265,265,0.5990491614399645,0.16484700741561287,30
regime_switch,delta,266,266,-1.554551417972535,0.32479565163114016,30
regime_switch,delta,267,267,-2.3741814509282335,0.222209803133145,30
regime_switch,delta,268,268,-0.269806089379486,0.2122445103953869,29
regime_switch,delta,269,269,-2.720174184428558,0.2963089542143289,30
regime_switch,delta,270,270,0.4147577809888503,0.2507923364906856,30
regime_switch,delta,271,271,-4.7576850574341,0.29844625794841906,30
regime_switch,delta,272,272,0.958240481761471,0.21374326804051894,30
regime_switch,delta,273,273,0.402899326552114,0.1190091445500942,30
regime_switch,delta,274,274,2.9727122371409536,0.39542629648790134,30
regime_switch,delta,275,275,-0.8541068839417818,0.26472468881294436,30
regime_switch,delta,276,276,0.8269393104186236,0.21575116869206365,30
regime_switch,delta,277,277,-1.5679315957479787,0.34836676653432475,30
regime_switch,delta,278,278,0.8316915376081369,0.22537273629096724,30
regime_switch,delta,279,279,-1.6624519974764098,0.2278473162797192,30
regime_switch,delta,280,280,-1.3421925797595935,0.19552097358850418,30
regime_switch,delta,281,281,-0.8511359097144906,0.16545673307565256,29
regime_switch,delta,282,282,0.3896996532596621,0.12078130046934997,28
regime_switch,delta,283,283,-1.1131204746556453,0.20085988459832216,29
regime_switch,delta,284,284,-0.06979898684045338,0.134285620109427,23
regime_switch,delta,285,285,-2.083180477062643,0.20961142846303737,30
regime_switch,delta,286,286,-1.4552891479993235,0.21351689462443452,29
regime_switch,delta,287,287,-0.41089359700190936,0.16106409275728817,29
regime_switch,delta,288,288,-1.339435521723317,0.1562837108325798,28
regime_switch,delta,289,289,0.7860157382098123,0.20114262163443175,30
regime_switch,delta,290,290,-1.7092871637559905,0.21905934583373732,30
regime_switch,delta,291,291,-1.6455543763255918,0.15842677675755,30
regime_switch,delta,292,292,-0.4356176553250336,0.22569281830699803,30
regime_switch,delta,293,293,-2.2185895302055485,0.33023371799393364,30
regime_switch,delta,294,294,-2.8927999983845183,0.293455964130596,30
regime_switch,delta,295,295,-3.906490836016258,0.17338103696362667,28
regime_switch,delta,296,296,2.4236299285200147,0.3608882099740278,30
regime_switch,delta,297,297,-1.5006666627787135,0.3427767450080067,30
regime_switch,delta,298,298,-1.2817131816538279,0.27490306507999424,30
regime_switch,delta,299,299,-2.676267391988734,0.27111589818183657,29
regime_switch,delta,300,300,-0.6280743381376865,0.30499111716147415,30
regime_switch,delta,301,301,-2.306939532728015,0.19370248066125964,30
regime_switch,delta,302,302,-1.2867623975252853,0.23905215409941444,28
regime_switch,delta,303,303,0.7682940332996528,0.17649681813811838,30
regime_switch,delta,304,304,1.712390332517117,0.3323981850256578,30
regime_switch,delta,305,305,-0.915123085671218,0.27769194117416074,30
regime_switch,delta,306,306,-1.6487363712929977,0.18569162699805766,25
regime_switch,delta,307,307,0.6757004663678392,0.3983798412142202,30
regime_switch,delta,308,308,1.6278664397822227,0.11594426662365266,30
regime_switch,delta,309,309,-3.137908102428215,0.34524389911703546,30
regime_switch,delta,310,310,-4.30582611252629,0.21790035708939667,27
regime_switch,delta,311,311,0.3539470821057904,0.3127922932446737,30
regime_switch,delta,312,312,-2.3798801120800306,0.228075113405175,30
regime_switch,delta,313,313,-4.143179766965103,0.4403889281662068,30
regime_switch,delta,314,314,0.3786119068128144,0.3153240118206608,30
regime_switch,delta,315,315,-0.18204698622316265,0.3018391648451704,26
regime_switch,delta,316,316,1.6486471970437435,0.25237383700149446,30
regime_switch,delta,317,317,-2.196731820965468,0.17679911495076792,30
regime_switch,delta,318,318,1.5055258963379572,0.18936406584444992,30
regime_switch,delta,319,319,-1.1984060622392554,0.18467183317128558,30
regime_switch,delta,320,320,-2.0832196480520366,0.15776974237464347,29
regime_switch,delta,321,321,-2.76245743343695,0.36459112882210654,30
regime_switch,delta,322,322,-2.664134351857669,0.32297044487294324,30
regime_switch,delta,323,323,-4.97386131362218,0.2823017947940342,30
regime_switch,delta,324,324,-0.9674550518284235,0.18970547557839726,30
regime_switch,delta,325,325,-0.6811792716080939,0.19105445727900647,30
regime_switch,delta,326,326,-2.912103929819394,0.2841705269102077,30
regime_switch,delta,327,327,-0.44141051259869357,0.2808219546031606,30
regime_switch,delta,328,328,0.49272675106203456,0.22777975470562434,30
regime_switch,delta,329,329,0.3348873300473961,0.14425940520802474,30
regime_switch,delta,330,330,-0.917339202296219,0.17497640687889232,30
regime_switch,delta,331,331,0.8039748913288366,0.213716523066285,30
regime_switch,delta,332,332,-0.10344463931670589,0.4073787820706809,30
regime_switch,delta,333,333,-1.1898922743754525,0.29520222087929765,29
regime_switch,delta,334,334,0.1845135449909977,0.14174498136151395,30
regime_switch,delta,335,335,-0.5698822366322958,0.18032913209773366,30
regime_switch,delta,336,336,-4.479521914963385,0.22109121645706387,28
regime_switch,delta,337,337,-0.22476436071946182,0.1271013770632531,30
regime_switch,delta,338,338,0.3885250145755208,0.33637513056392626,30
regime_switch,delta,339,339,0.5982215416998926,0.24824996344823588,30
regime_switch,delta,340,340,-0.2665890819947287,0.15074607475332033,28
regime_switch,delta,341,341,-0.8360097020788544,0.30971535177884213,30
regime_switch,delta,342,342,-0.3841448086334,0.16598589509335746,30
regime_switch,delta,343,343,-1.9834290851172653,0.15844712136128056,29
regime_switch,delta,344,344,1.1854377437918657,0.24003956788877695,30
regime_switch,delta,345,345,-0.7792691249606265,0.22678308287066415,30
regime_switch,delta,346,346,1.149032316199225,0.20231664957910933,30
regime_switch,delta,347,347,0.14350100561844298,0.15678447268737133,30
regime_switch,delta,348,348,-0.9822178904818596,0.20784912755700016,30
regime_switch,delta,349,349,0.48012318545492827,0.14800645780492588,30
regime_switch,delta,350,350,1.0936465471420718,0.2182328569648222,30
regime_switch,delta,351,351,-0.15644782809645766,0.14050652927763732,30
regime_switch,delta,352,352,0.5828273657992611,0.27079264073128456,30
regime_switch,delta,353,353,-4.157115461258925,0.24643575279247745,30
regime_switch,delta,354,354,-2.912097335736533,0.3575393936422935,30
regime_switch,delta,355,355,-1.2109514732964755,0.1964051822120276,27
regime_switch,delta,356,356,-2.1961210268464697,0.214232443723096,30
regime_switch,delta,357,357,0.2759565473911323,0.38520897972666723,30
regime_switch,delta,358,358,-3.324958221389565,0.2177870192672769,27
regime_switch,delta,359,359,-1.0095006597948384,0.10748599178885325,25
regime_switch,delta,360,360,-0.11270128106954072,0.10962122925511511,29
regime_switch,delta,361,361,-1.5036731673836625,0.16647957639869518,30
regime_switch,delta,362,362,-0.9413098270469789,0.2197298797910304,26
regime_switch,delta,363,363,-0.8773462699562748,0.26500438112255675,30
regime_switch,delta,364,364,-0.5962897129922027,0.12713518822500738,28
regime_switch,delta,365,365,-2.8061485239335155,0.29179248106381694,30
regime_switch,delta,366,366,1.4799825775922244,0.2679387053515546,30
regime_switch,delta,367,367,-0.3132913083851321,0.12532046361576019,30
regime_switch,delta,368,368,-3.078841523174688,0.18162607372646095,30
regime_switch,delta,369,369,-2.59117575256855,0.25568237061440824,30
regime_switch,delta,370,370,1.0556569464607932,0.1656759502871194,30
regime_switch,delta,371,371,0.7678328812194053,0.32985015190457956,30
regime_switch,delta,372,372,-1.9885884541915653,0.14609651824058595,29
regime_switch,delta,373,373,1.0171948103674051,0.2882351438335782,30
regime_switch,delta,374,374,-1.4904435911131948,0.3217251507273964,30
regime_switch,delta,375,375,-0.6891082092958527,0.15128388301583315,27
regime_switch,delta,376,376,-2.9372941250585143,0.28277553785658727,30
regime_switch,delta,377,377,0.4688579134819122,0.2786018951744401,30
regime_switch,delta,378,378,-0.3020660406680662,0.19224233036913815,30
regime_switch,delta,379,379,-2.22088026188311,0.1752959723764765,30
regime_switch,delta,380,380,-0.000296817249278547,0.2247623800951739,30
regime_switch,delta,381,381,-1.5436965571090209,0.2156414616133898,30
regime_switch,delta,382,382,-1.3547787689104354,0.16121101353518366,26
regime_switch,delta,383,383,-1.9175457250024692,0.26701156398902726,30
regime_switch,delta,384,384,-0.6396242247377586,0.13300465547214715,23
regime_switch,delta,385,385,0.22201951624198557,0.18037094709491805,29
regime_switch,delta,386,386,-1.0065431130098472,0.18771135118743953,29
regime_switch,delta,387,387,-0.07009882971689763,0.13044477556349401,30
regime_switch,delta,388,388,-0.8050476129180026,0.18088978958200458,27
regime_switch,delta,389,389,0.5902462801885662,0.2473114402593937,30
regime_switch,delta,390,390,-8.040860778205172,0.36401088975283363,30
regime_switch,delta,391,391,0.8087508405808741,0.28415701639434476,30
regime_switch,delta,392,392,-1.5368408735538708,0.24085633042297205,30
regime_switch,delta,393,393,-0.19828214549017187,0.22320927675570237,30
regime_switch,delta,394,394,-0.11735897949521658,0.17006455244941945,30
regime_switch,delta,395,395,-0.6804897658428928,0.33608847081856336,30
regime_switch,delta,396,396,-1.4461632379241445,0.3452196021533701,30
regime_switch,delta,397,397,1.1089015412066718,0.20564398026745037,30
regime_switch,delta,398,398,0.6805814618304484,0.10724112482679041,23
regime_switch,delta,399,399,-0.19552476087540072,0.28763165376295124,30
regime_switch,delta,400,400,-0.41359249300706447,0.2131166738818073,30
regime_switch,delta,401,401,-1.990648174410552,0.20794514043115303,30
regime_switch,delta,402,402,0.017949272674228394,0.16397328788463483,30
regime_switch,delta,403,403,-0.1486243116909236,0.1623005392312668,29
regime_switch,delta,404,404,0.787349618985175,0.2676050732939614,30
regime_switch,delta,405,405,-2.639455876997315,0.22404267817426435,28
regime_switch,delta,406,406,0.5501211809680626,0.31148693394556193,30
regime_switch,delta,407,407,-4.820245754616252,0.26497049266089023,27
regime_switch,delta,408,408,1.936610653734464,0.24326003158593013,30
regime_switch,delta,409,409,-0.9316291465358062,0.12259127165286712,29
regime_switch,delta,410,410,0.36922952146400334,0.21620339221092802,30
regime_switch,delta,411,411,-1.3726704847789648,0.20015077247265128,30
regime_switch,delta,412,412,1.018637580559826,0.21018181541098607,30
regime_switch,delta,413,413,-1.0882738828003653,0.23561883853271864,30
regime_switch,delta,414,414,-2.3399935132640053,0.14469455497107986,29
regime_switch,delta,415,415,1.2622962442544718,0.30255226156146225,30
regime_switch,delta,416,416,-1.0779557636954167,0.21348945780423992,30
regime_switch,delta,417,417,-3.9373520579118804,0.2824787451520835,30
regime_switch,delta,418,418,-0.20732695793955713,0.30562324510745204,30
regime_switch,delta,419,419,-2.99761941628641,0.16667318475348056,30
regime_switch,delta,420,420,-0.4145599566795113,0.15302024371738476,27
regime_switch,delta,421,421,0.3757452292875689,0.15009686801415942,30
regime_switch,delta,422,422,-1.8155284265542946,0.25171278455955737,29
regime_switch,delta,423,423,-2.2844294781996126,0.34483607489106693,30
regime_switch,delta,424,424,0.07952153338571877,0.2933584905029144,30
regime_switch,delta,425,425,-2.2397143107625084,0.2931890277634265,30
regime_switch,delta,426,426,-0.5853944826132107,0.20140689118215763,30
regime_switch,delta,427,427,-2.923494366049844,0.1923479485885877,30
regime_switch,delta,428,428,1.245628425999186,0.2694628046460837,30
regime_switch,delta,429,429,-0.0264632531730169,0.24992767596455193,30
regime_switch,delta,430,430,-1.5245973633997352,0.3151935531974789,30
regime_switch,delta,431,431,0.011012433553815981,0.2492244534904197,30
regime_switch,delta,432,432,-1.9718556946789079,0.3741624145481419,30
regime_switch,delta,433,433,-0.6535480491968534,0.17861407039303442,30
regime_switch,delta,434,434,0.7773859498109204,0.19649449100904176,29
regime_switch,delta,435,435,-1.307722254286901,0.14605349040300356,30
regime_switch,delta,436,436,-0.022578522205364493,0.15954102008827736,30
regime_switch,delta,437,437,0.23198272607167325,0.2075898783583426,30
regime_switch,delta,438,438,-2.74803981778856,0.21426580590184785,30
regime_switch,delta,439,439,-1.3056732577931172,0.21704539807495243,27
regime_switch,delta,440,440,-3.0946986312161044,0.1897713882181281,28
regime_switch,delta,441,441,-0.706879577874132,0.25795737949503234,30
regime_switch,delta,442,442,0.23985724945838172,0.22696072179327964,30
regime_switch,delta,443,443,-0.48834378608679824,0.21304892582222942,30
regime_switch,delta,444,444,-0.44623675638948324,0.20260872577959266,30
regime_switch,delta,445,445,-0.47520090943855564,0.10889726384212048,30
regime_switch,delta,446,446,-3.3742145971301483,0.2804039778753018,30
regime_switch,delta,447,447,-0.7364314003445287,0.17661451349996768,30
regime_switch,delta,448,448,0.8344525817688185,0.12808505063497208,30
regime_switch,delta,449,449,-2.7189735726473714,0.3650996193420651,30
regime_switch,random,0,0,0.6169587109393913,1.6987056921846775,30
regime_switch,random,1,1,0.8403206144809872,1.746350667955264,30
regime_switch,random,2,2,-2.7214986889894135,2.419364822252198,30
regime_switch,random,3,3,-2.6843960838616496,2.422544861092418,30
regime_switch,random,4,4,-0.26738731344219957,1.5600817934673148,30
regime_switch,random,5,5,-0.21463585699015653,2.29856274881342,30
regime_switch,random,6,6,4.6629206533742575,1.4853942293970062,30
regime_switch,random,7,7,-6.270837304173055,1.947860352558976,30
regime_switch,random,8,8,2.2234198773670073,1.9766092800825017,30
regime_switch,random,9,9,0.7652567011129037,2.0804623100406765,30
regime_switch,random,10,10,2.694428682347475,1.5782994410362614,30
regime_switch,random,11,11,6.282068601216267,2.1012926053755594,30
regime_switch,random,12,12,-4.175581476212731,1.9860812581857539,30
regime_switch,random,13,13,-10.609217512402452,2.2903005662758136,30
regime_switch,random,14,14,-4.62709027161992,2.015457787041931,30
regime_switch,random,15,15,1.122739971036589,2.1392152503276356,30
regime_switch,random,16,16,-19.80780734033521,1.800336589248878,30
regime_switch,random,17,17,0.257158296077165,1.700620204128784,30
regime_switch,random,18,18,1.9931438379323652,2.164481249067743,30
regime_switch,random,19,19,2.526282566042653,2.3100184336321243,30
regime_switch,random,20,20,2.526748797390937,1.5356382182974702,30
regime_switch,random,21,21,1.7164095422326966,1.8147413777098955,30
regime_switch,random,22,22,-20.564473552141735,1.9775063103614774,30
regime_switch,random,23,23,0.9500898827871325,1.6906269372796727,30
regime_switch,random,24,24,-0.17478404332426,2.082746153949396,30
regime_switch,random,25,25,-3.881659510393561,1.9161154209708462,30
regime_switch,random,26,26,-8.238623114089151,2.0182217221555323,30
regime_switch,random,27,27,2.1592028984452725,2.2107510196835736,30
regime_switch,random,28,28,-7.035869520113593,2.177710663569311,30
regime_switch,random,29,29,2.60316898236648,1.5122093364690268,30
regime_switch,random,30,30,-2.8022114949264747,2.479125337434387,30
regime_switch,random,31,31,-9.37109041555614,2.1611757037446324,30
regime_switch,random,32,32,-5.080330522856116,2.2276306775153953,30
regime_switch,random,33,33,2.0233861028376197,2.321448393637006,30
regime_switch,random,34,34,3.5630928564525846,2.0410721853397,30
regime_switch,random,35,35,-8.090310395924075,2.2079057812400897,30
regime_switch,random,36,36,-0.8564524786596319,2.51365906030131,30
regime_switch,random,37,37,-0.6266284690631423,2.0322180729807346,30
regime_switch,random,38,38,-2.1939852911790183,2.262560658305431,30
regime_switch,random,39,39,-12.319897599146667,1.5265937480116154,30
regime_switch,random,40,40,-1.66126128606175,2.284179517325764,30
regime_switch,random,41,41,6.2554885442801975,1.814367207165054,30
regime_switch,random,42,42,-3.0582263124763855,2.022919192399444,30
regime_switch,random,43,43,3.307049832452833,2.1536786806750845,30
regime_switch,random,44,44,-0.21138886697620762,1.7914404187805246,30
regime_switch,random,45,45,1.048923726902359,1.478638175077042,30
regime_switch,random,46,46,-6.195661654236636,1.9124466770922948,30
regime_switch,random,47,47,-2.505952043653352,1.4862802392644094,30
regime_switch,random,48,48,4.622210161669571,1.7564490981444205,30
regime_switch,random,49,49,-10.525982516014679,2.1805117375731924,30
regime_switch,random,50,50,-3.3846271332081557,1.8060551916728729,30
regime_switch,random,51,51,1.1117002041137454,2.025325382006522,30
regime_switch,random,52,52,4.137206424591412,1.528502031493876,30
regime_switch,random,53,53,-5.58626519860681,2.0171442002699673,30
regime_switch,random,54,54,-7.74245816838976,1.9398719734795462,30
regime_switch,random,55,55,-27.357021987656523,1.801214172886993,30
regime_switch,random,56,56,12.48785417404764,2.087535902541482,30
regime_switch,random,57,57,6.279260032608178,1.9554567758470371,30
regime_switch,random,58,58,-7.740686374881225,2.0767928741234623,30
regime_switch,random,59,59,3.350568294873767,2.3319654550997586,30
regime_switch,random,60,60,-5.182488894104248,1.8894265704418587,30
regime_switch,random,61,61,-17.308535553448706,2.1132477041878177,30
regime_switch,random,62,62,-2.149722407407623,2.0565506588607305,30
regime_switch,random,63,63,-1.298732439717142,1.663513211295958,30
regime_switch,random,64,64,-21.069659619347874,2.662337283916231,30
regime_switch,random,65,65,-29.0666228675596,2.4457249627207522,30
regime_switch,random,66,66,1.7006074952886259,1.8212843108704295,30
regime_switch,random,67,67,5.7702235026296975,1.8699694097826907,30
regime_switch,random,68,68,-1.6553711091809191,2.4794174814827685,30
regime_switch,random,69,69,-18.45726295252163,1.903289672905927,30
regime_switch,random,70,70,-4.994983028324629,1.7784902261924056,30
regime_switch,random,71,71,6.29953983179869,2.007300352934644,30
regime_switch,random,72,72,-0.6194675767973834,2.2136320724520226,30
regime_switch,random,73,73,-6.108909533702878,1.8359181747102185,30
regime_switch,random,74,74,0.23329622815866458,1.964548253774249,30
regime_switch,random,75,75,2.954171305012153,2.0208854528042357,30
regime_switch,random,76,76,-12.987800406278096,2.2941017111290583,30
regime_switch,random,77,77,8.760237498854906,2.1499149783009526,30
regime_switch,random,78,78,-11.083065757289297,1.874423889919299,30
regime_switch,random,79,79,-5.723329145188936,1.7390968614719107,30
regime_switch,random,80,80,-2.2907662120186103,2.4442297317810104,30
regime_switch,random,81,81,2.4342255732343645,2.5610430144750738,30
regime_switch,random,82,82,-1.698680098647813,2.1689013224562155,30
regime_switch,random,83,83,-11.969169608486347,1.8723540536230001,30
regime_switch,random,84,84,-2.829770820518128,1.932599162197875,30
regime_switch,random,85,85,8.202000194650495,1.9767576346376614,30
regime_switch,random,86,86,-12.70369145245833,1.9709584484323608,30
regime_switch,random,87,87,-2.2714957397046334,1.9864219154412768,30
regime_switch,random,88,88,-12.101318344372043,2.175350571120757,30
regime_switch,random,89,89,-3.6147150256822016,1.781456368344099,30
regime_switch,random,90,90,3.6323659728566344,1.7900470524974015,30
regime_switch,random,91,91,-9.852007055841543,2.618727210452331,30
regime_switch,random,92,92,4.867682954931681,1.911907778961456,30
regime_switch,random,93,93,-32.431635580397355,2.4242671424364337,30
regime_switch,random,94,94,4.845075382554967,2.0301713029316875,30
regime_switch,random,95,95,3.412457961417946,1.984506882016572,30
regime_switch,random,96,96,2.3430155152038594,2.1212347654865704,30
regime_switch,random,97,97,-6.528216419856273,1.8799035150388208,30
regime_switch,random,98,98,-8.44926558866122,2.637912106051702,30
regime_switch,random,99,99,-2.303815125269942,2.194496361134548,30
regime_switch,random,100,100,-5.983962332424042,2.1322050025781385,30
regime_switch,random,101,101,10.940244162042223,1.453655245045971,30
regime_switch,random,102,102,-4.456730803859826,2.188767521572207,30
regime_switch,random,103,103,3.5325329469475477,2.0328961347362635,30
regime_switch,random,104,104,-15.615614250269608,2.191936293838007,30
regime_switch,random,105,105,-7.052139154625422,1.457694015677462,30
regime_switch,random,106,106,-0.7187747547117596,1.557618245293647,30
regime_switch,random,107,107,-1.5847788091432733,1.960338218860482,30
regime_switch,random,108,108,-6.294259838946942,2.838580391913098,30
regime_switch,random,109,109,-10.034875347558764,1.7701470501362049,30
regime_switch,random,110,110,-17.33113933454284,2.1740126812312828,30
regime_switch,random,111,111,7.450166286867734,1.8037983051449478,30
regime_switch,random,112,112,-5.2138617412568244,1.9873221390364273,30
regime_switch,random,113,113,-1.1011455181673497,2.03272656148771,30
regime_switch,random,114,114,-8.172023063878953,1.794602953865365,30
regime_switch,random,115,115,-6.181776212715562,1.906011991814492,30
regime_switch,random,116,116,-7.14186757594161,2.05690350256966,30
regime_switch,random,117,117,-4.082465605237211,2.033958223317258,30
regime_switch,random,118,118,0.5320233400366732,1.9471480811814186,30
regime_switch,random,119,119,-8.733458211592009,1.9152666703779373,30
regime_switch,random,120,120,-16.49845167651678,2.0094513425602276,30
regime_switch,random,121,121,-5.3859374419454475,2.187427147077333,30
regime_switch,random,122,122,6.097929787287839,1.6002109982168453,30
regime_switch,random,123,123,-18.49014480158619,1.5604707449261035,30
regime_switch,random,124,124,-0.6698220814649396,2.0042003817159952,30
regime_switch,random,125,125,-4.388149309827334,1.833450211096937,30
regime_switch,random,126,126,1.7706788495389532,2.6522324770084795,30
regime_switch,random,127,127,-6.892185712147956,1.6698682188432348,30
regime_switch,random,128,128,3.2513589394907,1.959334773639481,30
regime_switch,random,129,129,-5.742500029338714,1.6202803779226351,30
regime_switch,random,130,130,2.7081634905337637,1.6987807390851677,30
regime_switch,random,131,131,-39.87390508363953,2.102419669162847,30
regime_switch,random,132,132,-4.763108222246245,2.2211630362342842,30
regime_switch,random,133,133,-6.213608703888596,1.8435664282224142,30
regime_switch,random,134,134,-4.824634376232247,1.7359297857788214,30
regime_switch,random,135,135,-7.924703360251945,1.9694356150917662,30
regime_switch,random,136,136,-5.295874845031812,2.150145472597989,30
regime_switch,random,137,137,8.073654463254051,2.0039999812132456,30
regime_switch,random,138,138,-0.2520196250386988,1.628542796644064,30
regime_switch,random,139,139,-2.2369216527997438,1.8461245478123345,30
regime_switch,random,140,140,5.760327473396309,1.9253545174308129,30
regime_switch,random,141,141,9.90880506228357,2.1248205122343413,30
regime_switch,random,142,142,-19.483889176680222,1.9795645840105132,30
regime_switch,random,143,143,0.9440013279198354,1.8722867015634796,30
regime_switch,random,144,144,-4.924398336920397,2.3473086742979614,30
regime_switch,random,145,145,5.891484253333559,1.9487579854824033,30
regime_switch,random,146,146,4.9145141771206795,1.6294359107454517,30
regime_switch,random,147,147,-5.606660549323294,2.5451956999189864,30
regime_switch,random,148,148,14.844959873268031,1.8754994542337151,30
regime_switch,random,149,149,8.752430122163204,1.9235158897675366,30
regime_switch,random,150,150,0.20953944788627155,2.0587387805393833,30
regime_switch,random,151,151,0.9250213957579874,1.6124777665169527,30
regime_switch,random,152,152,1.815265596951189,1.9759829553118013,30
regime_switch,random,153,153,-5.966423385557974,2.0281824670443727,30
regime_switch,random,154,154,-1.2393789301837046,1.8801626389716086,30
regime_switch,random,155,155,1.8535698030009229,1.8706987277615834,30
regime_switch,random,156,156,0.4561643757851215,2.3736046246333733,30
regime_switch,random,157,157,2.8681336102991963,1.491657521678706,30
regime_switch,random,158,158,-12.050895430477333,2.055852389310479,30
regime_switch,random,159,159,2.524588691461588,1.629581009611445,30
regime_switch,random,160,160,-4.435676331217188,2.247424393909275,30
regime_switch,random,161,161,-14.229214899733538,2.1443868885694966,30
regime_switch,random,162,162,-2.044450548186724,1.5606576247420132,30
regime_switch,random,163,163,-7.402716752361021,2.224904973095035,30
regime_switch,random,164,164,-8.010684801578776,2.19282405984634,30
regime_switch,random,165,165,-1.405728295353164,1.979765157231085,30
regime_switch,random,166,166,-4.955509985788034,1.8085484985552216,30
regime_switch,random,167,167,2.8333624540357807,1.3322113279634717,30
regime_switch,random,168,168,6.482931025859531,1.6732388691118956,30
regime_switch,random,169,169,1.8149906599995873,2.0628660559207783,30
regime_switch,random,170,170,-10.015813174849782,2.134210781066468,30
regime_switch,random,171,171,-2.8219528026232155,2.3942427244756233,30
regime_switch,random,172,172,3.3256994554101027,2.5995040925996857,30
regime_switch,random,173,173,-4.357625638462125,2.137044272480821,30
regime_switch,random,174,174,1.6835928796405355,1.7981803424886813,30
regime_switch,random,175,175,-2.032583062337281,2.068750941600925,30
regime_switch,random,176,176,2.3844949179881567,1.6716427169896433,30
regime_switch,random,177,177,-17.304601443100182,2.5853927737021736,30
regime_switch,random,178,178,1.707702568532163,1.9529827487686011,30
regime_switch,random,179,179,-0.15996364720573197,1.7459737513959896,30
regime_switch,random,180,180,-2.96038151263064,1.9679257489461797,30
regime_switch,random,181,181,-3.609973003824706,2.263966566330054,30
regime_switch,random,182,182,-11.68518013130192,1.6263696475150593,30
regime_switch,random,183,183,2.5985985214295013,2.142309595376526,30
regime_switch,random,184,184,-16.42749067737084,1.8945072229116866,30
regime_switch,random,185,185,-5.606452207210737,1.9680801987246395,30
regime_switch,random,186,186,8.416822196024249,2.2355438853162957,30
regime_switch,random,187,187,-1.7494146253696812,2.299207459319269,30
regime_switch,random,188,188,-1.0381912710201955,1.6716939236792219,30
regime_switch,random,189,189,5.781071388395546,1.5517282158608334,30
regime_switch,random,190,190,14.392194580544498,1.9693160463531332,30
regime_switch,random,191,191,-10.284386712900655,2.5643990902360962,30
regime_switch,random,192,192,4.186988741982432,2.6868337961443967,30
regime_switch,random,193,193,-19.383528414087728,1.7451326796172133,30
regime_switch,random,194,194,-1.2468791659921834,1.8457570112182853,30
regime_switch,random,195,195,-8.544400039371183,1.9177622685559628,30
regime_switch,random,196,196,-5.852928039167978,2.423484773738183,30
regime_switch,random,197,197,-6.655953007588366,2.32449651405348,30
regime_switch,random,198,198,-0.21031187595108491,1.7477602301155162,30
regime_switch,random,199,199,-6.370610009860886,1.7611759893763046,30
regime_switch,random,200,200,-2.220632428330518,1.9878081497426383,30
regime_switch,random,201,201,-3.3895718891607984,1.5084039666820046,30
regime_switch,random,202,202,1.7550416142128142,1.8390248654657526,30
regime_switch,random,203,203,-1.8979841998185947,2.606318359709411,30
regime_switch,random,204,204,5.1676551416778835,1.6272658904440596,30
regime_switch,random,205,205,-1.2736502868114066,1.8791451157923067,30
regime_switch,random,206,206,-10.588154136030134,2.386032866368534,30
regime_switch,random,207,207,-8.224454024310585,2.268859264392454,30
regime_switch,random,208,208,2.6698391713475687,1.6326421638429092,30
regime_switch,random,209,209,-1.7465015475458951,1.7682237986204923,30
regime_switch,random,210,210,-10.473383380916445,1.9042765641950976,30
regime_switch,random,211,211,2.7234563242376737,1.4936254012192112,30
regime_switch,random,212,212,-12.51682278502257,1.6828862545880183,30
regime_switch,random,213,213,-0.627188950608712,1.6222046756239035,30
regime_switch,random,214,214,-10.779769144286178,1.6612618805513697,30
regime_switch,random,215,215,2.204697906546926,1.9826528765821456,30
regime_switch,random,216,216,-31.43937035821445,2.8214143316566043,30
regime_switch,random,217,217,2.617502306402457,1.5534713380838916,30
regime_switch,random,218,218,-5.768349043421129,2.028759037403532,30
regime_switch,random,219,219,6.114652638481225,1.8195927968131533,30
regime_switch,random,220,220,0.9876402603146417,1.9223970316539876,30
regime_switch,random,221,221,5.270582957745745,2.300029417833421,30
regime_switch,random,222,222,-12.877743905844445,2.079754178304442,30
regime_switch,random,223,223,2.0005322666849565,2.3669007512018103,30
regime_switch,random,224,224,12.386823812889844,2.1755285159976174,30
regime_switch,random,225,225,-8.73846663398966,1.6592779036129104,30
regime_switch,random,226,226,11.867596686893307,2.197213274935652,30
regime_switch,random,227,227,-3.4102247513527146,2.3029262010099307,30
regime_switch,random,228,228,9.374865826935682,1.9676279106574694,30
regime_switch,random,229,229,-7.973027040818131,2.1534313863173504,30
regime_switch,random,230,230,3.5017617387588587,2.2135546234648555,30
regime_switch,random,231,231,-9.17790180804946,2.0659499815294877,30
regime_switch,random,232,232,-3.1889127016922743,1.769948336947057,30
regime_switch,random,233,233,-1.9191658865848442,2.2932911768077817,30
regime_switch,random,234,234,4.408319988562532,1.903200213003194,30
regime_switch,random,235,235,6.7718410278966985,1.7271353868226538,30
regime_switch,random,236,236,6.2732050377569735,2.1025933294532564,30
regime_switch,random,237,237,-2.8974770020419243,1.9446800967090083,30
regime_switch,random,238,238,1.1415475836656768,2.1393712875549746,30
regime_switch,random,239,239,10.115673729824707,2.191262766217967,30
regime_switch,random,240,240,10.01518345455581,2.1321748349887697,30
regime_switch,random,241,241,-0.06137954801778278,2.1456336269992065,30
regime_switch,random,242,242,-14.24536609482469,2.2611520875673636,30
regime_switch,random,243,243,-2.4009361659790684,2.133895131369605,30
regime_switch,random,244,244,-9.000321850128216,1.3382320848780003,30
regime_switch,random,245,245,-7.547482807225116,2.636636900802596,30
regime_switch,random,246,246,-3.383464840230751,1.613180719761953,30
regime_switch,random,247,247,2.811184408802063,2.116729474932923,30
regime_switch,random,248,248,-12.320499054172807,2.3849231577480405,30
regime_switch,random,249,249,3.358864420388656,2.4101687598742667,30
regime_switch,random,250,250,-17.129512454241194,2.551130473325649,30
regime_switch,random,251,251,-1.8539376745560077,2.1271127375435674,30
regime_switch,random,252,252,-19.773428609419753,2.210335474069067,30
regime_switch,random,253,253,5.174106411171323,1.9980221614554958,30
regime_switch,random,254,254,-4.793360751681732,2.0565446967515184,30
regime_switch,random,255,255,10.570241837199037,2.0029041531648284,30
regime_switch,random,256,256,-17.451486502540305,2.068013417166555,30
regime_switch,random,257,257,-3.2324014006777873,2.370260417122303,30
regime_switch,random,258,258,-5.915311666801159,1.9786604483009467,30
regime_switch,random,259,259,-14.496391443863857,2.5399919950561385,30
regime_switch,random,260,260,-6.316772208808942,1.954985493222232,30
regime_switch,random,261,261,-5.830431186879121,1.8070462413805972,30
regime_switch,random,262,262,-14.100201441518308,2.281032591595963,30
regime_switch,random,263,263,-4.49292083319512,2.0285427606578663,30
regime_switch,random,264,264,-8.5806501959446,2.7694538916051523,30
regime_switch,random,265,265,-5.324031548685312,1.982514301853403,30
regime_switch,random,266,266,-1.1697036473077276,1.7551214650213336,30
regime_switch,random,267,267,9.346008210872355,2.0805724829667223,30
regime_switch,random,268,268,-19.30081652803068,1.677930197955503,30
regime_switch,random,269,269,-6.3689325295725325,2.0735020998926275,30
regime_switch,random,270,270,-1.3536144484145183,1.9563259768379102,30
regime_switch,random,271,271,7.4538243244412214,2.1628461521619244,30
regime_switch,random,272,272,4.178270718145363,1.6339891944855607,30
regime_switch,random,273,273,5.14815073383059,1.9096529637924768,30
regime_switch,random,274,274,4.937213313743925,1.8656231536521615,30
regime_switch,random,275,275,4.89381780214633,2.178922076383313,30
regime_switch,random,276,276,-2.796197242588491,2.192456872467661,30
regime_switch,random,277,277,-18.824822284974775,1.6803960979781074,30
regime_switch,random,278,278,-2.282205050897886,1.8001806147979964,30
regime_switch,random,279,279,5.441235136539682,2.0332314476879385,30
regime_switch,random,280,280,1.7493917808515391,1.9349980065445476,30
regime_switch,random,281,281,-7.674850245018533,2.0551407264608317,30
regime_switch,random,282,282,-0.1738054976861676,1.7756995119027175,30
regime_switch,random,283,283,0.5978697057597753,1.9139112136794691,30
regime_switch,random,284,284,-25.88715276597933,2.2928525031943394,30
regime_switch,random,285,285,-7.81034799146491,1.388988793670495,30
regime_switch,random,286,286,-15.181460567530168,2.0726031511320766,30
regime_switch,random,287,287,2.2048420068893684,1.8723573639596363,30
regime_switch,random,288,288,-11.545039482832848,2.239278358177487,30
regime_switch,random,289,289,-7.0773778101052045,2.5234192335739993,30
regime_switch,random,290,290,-2.7826123104878207,2.1109831509905845,30
regime_switch,random,291,291,-7.974936384725694,2.4082985028532113,30
regime_switch,random,292,292,6.380030767658269,1.7408485137232315,30
regime_switch,random,293,293,6.646525130535007,2.4499410809852322,30
regime_switch,random,294,294,-0.7089839094218817,2.0148304828451886,30
regime_switch,random,295,295,-10.307910103177498,2.1973468265620135,30
regime_switch,random,296,296,-2.994095349905887,1.7284306568893193,30
regime_switch,random,297,297,9.977568782990929,2.1901444154315146,30
regime_switch,random,298,298,-7.332547309181237,1.6758214519237131,30
regime_switch,random,299,299,3.3779651135533015,1.7487424260941817,30
regime_switch,random,300,300,3.5156355342227528,2.290837617961593,30
regime_switch,random,301,301,-0.39909202099505736,2.159646426520527,30
regime_switch,random,302,302,-9.703900125366388,1.7476687773250246,30
regime_switch,random,303,303,-1.7403903264794707,1.7553029400882862,30
regime_switch,random,304,304,-10.777250909965971,2.2150063350921645,30
regime_switch,random,305,305,7.006561679752615,2.249191126806183,30
regime_switch,random,306,306,-26.878646274879713,1.722187278897904,30
regime_switch,random,307,307,7.268896779213041,2.257744167395036,30
regime_switch,random,308,308,0.5640923686780441,2.0730242552531206,30
regime_switch,random,309,309,-2.7824151292676156,2.0019089584340968,30
regime_switch,random,310,310,-7.441271616202954,2.029671811128998,30
regime_switch,random,311,311,-5.897379500526569,1.9902337956511207,30
regime_switch,random,312,312,-3.8489163045809605,1.9756420723582024,30
regime_switch,random,313,313,-7.011165473189422,1.7168908557640399,30
regime_switch,random,314,314,-5.240405458781801,1.6071037657552858,30
regime_switch,random,315,315,-3.8285489178388588,1.9179550928713291,30
regime_switch,random,316,316,-3.1716833485503457,2.0659821316349487,30
regime_switch,random,317,317,-9.299350320625841,2.0509590603102668,30
regime_switch,random,318,318,-3.8097537448332233,1.9565618162873817,30
regime_switch,random,319,319,-7.335341031356563,2.5367166248862585,30
regime_switch,random,320,320,-13.945915194012251,2.1025863093306105,30
regime_switch,random,321,321,-4.319044260067928,2.037039837084653,30
regime_switch,random,322,322,-13.110088286549606,2.1476514981242865,30
regime_switch,random,323,323,-1.2281037608949887,2.5162488780003343,30
regime_switch,random,324,324,-7.680208429061439,2.0300648025015606,30
regime_switch,random,325,325,2.709832485101905,1.6370238887653015,30
regime_switch,random,326,326,-1.0510609636117962,2.1526606759177542,30
regime_switch,random,327,327,-11.867564029496108,2.298496185993374,30
regime_switch,random,328,328,4.70721992903637,2.1740458278988655,30
regime_switch,random,329,329,-6.326915953390149,2.0121124531271497,30
regime_switch,random,330,330,2.4884312195041822,2.025651122169353,30
regime_switch,random,331,331,3.1425772577842537,1.9648303952508435,30
regime_switch,random,332,332,-3.866450807025174,2.2158167579781827,30
regime_switch,random,333,333,-8.755330145240237,2.6881172772305684,30
regime_switch,random,334,334,-5.346696520802421,2.2737214640316,30
regime_switch,random,335,335,-1.3748565581409622,2.019829403080228,30
regime_switch,random,336,336,-8.320399435066197,2.0165612513394815,30
regime_switch,random,337,337,-9.235477472196813,1.8239239674422225,30
regime_switch,random,338,338,-0.6629101928126389,1.5683758826102538,30
regime_switch,random,339,339,6.127308098025509,2.139438795280626,30
regime_switch,random,340,340,-0.6159839209443234,1.3951874919777623,30
regime_switch,random,341,341,1.5610244921924732,2.1717298076741782,30
regime_switch,random,342,342,-0.09848778650496115,2.206091006596329,30
regime_switch,random,343,343,-7.995832366246702,1.897653439743013,30
regime_switch,random,344,344,6.138757565081889,1.9391653549103975,30
regime_switch,random,345,345,3.073281834099525,1.7692850201964898,30
regime_switch,random,346,346,-1.6312702219950594,1.5533995033537484,30
regime_switch,random,347,347,3.1064738176130504,1.452985553596969,30
regime_switch,random,348,348,-3.61887875411621,2.2410522645138777,30
regime_switch,random,349,349,-1.1380521200147662,2.1754582459689975,30
regime_switch,random,350,350,2.3626856200295236,1.8920437244996902,30
regime_switch,random,351,351,1.5043527811833393,1.7419348699812618,30
regime_switch,random,352,352,-1.2233350275474635,1.9214980913324449,30
regime_switch,random,353,353,-8.169516299947468,2.1663911235985402,30
regime_switch,random,354,354,6.824076568673085,2.1783742664643606,30
regime_switch,random,355,355,-11.744130004422976,1.8843538998445584,30
regime_switch,random,356,356,2.788377897604498,2.289854743778035,30
regime_switch,random,357,357,-2.083082126025701,1.9296712837529555,30
regime_switch,random,358,358,-15.804981789347998,1.6362111537599202,30
regime_switch,random,359,359,-14.286660048168926,2.277513479738147,30
regime_switch,random,360,360,0.9063036363809118,1.652552747222157,30
regime_switch,random,361,361,1.1108849268208516,2.022517813830724,30
regime_switch,random,362,362,-17.54714444444626,2.6399040735512984,30
regime_switch,random,363,363,8.400638241367965,1.8801633450789044,30
regime_switch,random,364,364,-21.386656865938342,2.069224981840268,30
regime_switch,random,365,365,2.6292433231664063,1.5963116039960723,30
regime_switch,random,366,366,-1.228801093761163,1.8385546162806936,30
regime_switch,random,367,367,3.542051277366694,2.6722476564657023,30
regime_switch,random,368,368,-0.5793855249783135,1.672831650107752,30
regime_switch,random,369,369,-1.3732279927541526,1.7406775720777048,30
regime_switch,random,370,370,-8.068232587937246,2.180907276841472,30
regime_switch,random,371,371,-6.381799058285054,2.3522633180863637,30
regime_switch,random,372,372,3.2185968014151882,1.7817437961486575,30
regime_switch,random,373,373,-2.824341820530897,2.1692164369566136,30
regime_switch,random,374,374,-0.9420649446130938,1.9020150561108242,30
regime_switch,random,375,375,-22.763843405293716,2.1026108653975983,30
regime_switch,random,376,376,-7.690698117560586,1.6798614290164502,30
regime_switch,random,377,377,-2.4391111517169435,2.087836371075677,30
regime_switch,random,378,378,-7.757279737503907,1.9948269203997664,30
regime_switch,random,379,379,-9.820841877145437,2.2356695801711735,30
regime_switch,random,380,380,-4.702042373658898,2.40080141964091,30
regime_switch,random,381,381,-0.9342283975036025,1.99652884850984,30
regime_switch,random,382,382,-23.940635935998007,1.7709129791158869,30
regime_switch,random,383,383,3.7780997455911915,1.9824248965022866,30
regime_switch,random,384,384,-45.868451773058695,2.236994824373739,30
regime_switch,random,385,385,-9.553156137263983,1.686098899266236,30
regime_switch,random,386,386,1.8510008043021742,1.6374519525525328,30
regime_switch,random,387,387,-6.92093307288841,1.6992582679226127,30
regime_switch,random,388,388,-7.424938222495399,2.7396473552704554,30
regime_switch,random,389,389,1.344911648057817,1.4936168394735911,30
regime_switch,random,390,390,-15.5354597631604,1.4605156372702812,30
regime_switch,random,391,391,1.3020783934548272,1.9896691303252592,30
regime_switch,random,392,392,-1.5545744748578443,2.103894743555711,30
regime_switch,random,393,393,-11.830045402030631,2.146160010795322,30
regime_switch,random,394,394,-0.24327176635411973,1.6876893545925442,30
regime_switch,random,395,395,-0.5067743810750613,2.581820721719399,30
regime_switch,random,396,396,2.5152371080560165,2.171640919228817,30
regime_switch,random,397,397,5.4934525769558675,1.9854711790247943,30
regime_switch,random,398,398,1.3228226792523265,1.6709359435430131,30
regime_switch,random,399,399,-12.831740583180164,2.2655598854651853,30
regime_switch,random,400,400,-0.19557260753045824,1.7653956824122286,30
regime_switch,random,401,401,-6.569244234631846,2.1364679895153076,30
regime_switch,random,402,402,2.3776965017266924,2.200322798975543,30
regime_switch,random,403,403,-29.623396665389947,1.8955697416487882,30
regime_switch,random,404,404,1.9927830838602887,1.9862625584597735,30
regime_switch,random,405,405,8.800853354974194,1.944507992741115,30
regime_switch,random,406,406,0.7649194294290851,2.1466191134841854,30
regime_switch,random,407,407,-15.863910610135633,2.4237156941318894,30
regime_switch,random,408,408,1.1002746534888672,2.0256506293519325,30
regime_switch,random,409,409,2.9139567198765377,1.9520920757897153,30
regime_switch,random,410,410,-2.6845690456374154,2.2509293150564105,30
regime_switch,random,411,411,-17.9257916810408,2.6395618031702575,30
regime_switch,random,412,412,-4.677457159623799,2.0185657795684233,30
regime_switch,random,413,413,-2.2327527385645567,2.179160311996097,30
regime_switch,random,414,414,-10.120932863937128,2.5442728963221186,30
regime_switch,random,415,415,0.3446837427778817,2.0804996679768397,30
regime_switch,random,416,416,3.7195777385787316,1.7611955867551978,30
regime_switch,random,417,417,15.074591216063078,1.8464916665830302,30
regime_switch,random,418,418,-8.993562724561443,1.5212499026597746,30
regime_switch,random,419,419,-0.6227288093239185,1.6304973526184048,30
regime_switch,random,420,420,-9.448979422134272,2.168380391435779,30
regime_switch,random,421,421,1.1799595510651386,1.729803761492321,30
regime_switch,random,422,422,0.3293337315562681,1.8857660268644563,30
regime_switch,random,423,423,-11.938732487980008,2.3425556024771157,30
regime_switch,random,424,424,-1.2020600278380016,1.7341893460102078,30
regime_switch,random,425,425,-12.85663827158443,1.7642183020235216,30
regime_switch,random,426,426,-9.07183944645196,2.198947108007025,30
regime_switch,random,427,427,-3.54816967811081,2.046010056986366,30
regime_switch,random,428,428,4.369189032112359,1.9291652893077116,30
regime_switch,random,429,429,-2.5379069066968754,1.593274419390663,30
regime_switch,random,430,430,-9.21566823805739,2.4219665122638108,30
regime_switch,random,431,431,1.3537560590255566,1.9175516575658664,30
regime_switch,random,432,432,7.752917322669525,2.0601665859899154,30
regime_switch,random,433,433,7.9627560809119515,2.171115298457434,30
regime_switch,random,434,434,-15.255748764387533,1.9958858328632252,30
regime_switch,random,435,435,2.0637777940256115,2.3941851130295224,30
regime_switch,random,436,436,-13.7262128794556,2.2692903165935907,30
regime_switch,random,437,437,-1.7819405234640158,1.6674887659968416,30
regime_switch,random,438,438,-0.16544601423001382,1.769232365803303,30
regime_switch,random,439,439,-0.2841608094117589,2.315368315505002,30
regime_switch,random,440,440,-13.247898229310486,1.9249733791501118,30
regime_switch,random,441,441,0.7300010125724974,1.9506520601736925,30
regime_switch,random,442,442,-1.6124650956895934,1.9993238618493263,30
regime_switch,random,443,443,-0.22263272596105566,2.10382465067499,30
regime_switch,random,444,444,-6.8995900844144415,1.887492575938113,30
regime_switch,random,445,445,-9.470246047705459,2.0261803506167118,30
regime_switch,random,446,446,3.343699479992802,1.8653590646845501,30
regime_switch,random,447,447,-7.099347680404961,1.8808806356843069,30
regime_switch,random,448,448,3.6562613298591486,2.01216856118853,30
regime_switch,random,449,449,-4.238942302773405,1.9243188134186242,30
regime_switch,whalley_wilmott,0,0,0.5308114172157837,0.055846554297471054,9
regime_switch,whalley_wilmott,1,1,-0.12763556973976944,0.06352624364450703,7
regime_switch,whalley_wilmott,2,2,-2.2320071482374004,0.1036212027080993,13
regime_switch,whalley_wilmott,3,3,2.2735936270964263,0.01742360427827941,2
regime_switch,whalley_wilmott,4,4,-2.1869679864856644,0.07521515932782373,11
regime_switch,whalley_wilmott,5,5,0.4221114722465821,0.05197710088309959,11
regime_switch,whalley_wilmott,6,6,2.7092504578631207,0.028278243255612803,3
regime_switch,whalley_wilmott,7,7,0.6244592660722025,0.028133266692662015,16
regime_switch,whalley_wilmott,8,8,1.4284115288257906,0.028736621908522532,6
regime_switch,whalley_wilmott,9,9,1.789891989570908,0.02838975684983019,11
regime_switch,whalley_wilmott,10,10,1.5034185021450812,0.032991903219837644,11
regime_switch,whalley_wilmott,11,11,-2.3800262923730315,0.10242251848927848,9
regime_switch,whalley_wilmott,12,12,-1.3143329761089433,0.10379386659957972,6
regime_switch,whalley_wilmott,13,13,-5.616365887941399,0.108318439281526,14
regime_switch,whalley_wilmott,14,14,-0.976587411549005,0.09988390176777215,10
regime_switch,whalley_wilmott,15,15,2.0215380360174855,0.027460919923750868,2
regime_switch,whalley_wilmott,16,16,-4.1371683994870665,0.10684100473173812,17
regime_switch,whalley_wilmott,17,17,1.3270307187784973,0.0286593434220921,9
regime_switch,whalley_wilmott,18,18,-1.0994229391722286,0.08319689138355991,9
regime_switch,whalley_wilmott,19,19,-5.143605868429456,0.13856795475306552,17
regime_switch,whalley_wilmott,20,20,0.20913538766315654,0.049961072439095,9
regime_switch,whalley_wilmott,21,21,2.78210304807002,0.015095189763821593,2
regime_switch,whalley_wilmott,22,22,-5.005730101831261,0.10770869874007395,14
regime_switch,whalley_wilmott,23,23,0.3730728439399016,0.053397910009138315,5
regime_switch,whalley_wilmott,24,24,0.4567884386014862,0.05498529455523119,13
regime_switch,whalley_wilmott,25,25,-3.761185961556663,0.10646539790063878,12
regime_switch,whalley_wilmott,26,26,-2.0757303179333064,0.10478161957732517,13
regime_switch,whalley_wilmott,27,27,-3.0739240572023894,0.07529469684635426,7
regime_switch,whalley_wilmott,28,28,-3.589526739281851,0.10621342596602781,17
regime_switch,whalley_wilmott,29,29,-1.3269442209387705,0.09150045972008147,7
regime_switch,whalley_wilmott,30,30,0.5634211697951486,0.08547837665867043,3
regime_switch,whalley_wilmott,31,31,-3.0526684076745454,0.08889467978783565,7
regime_switch,whalley_wilmott,32,32,-4.807472133953638,0.10751063233226486,8
regime_switch,whalley_wilmott,33,33,1.1635019885020128,0.04982616636380652,6
regime_switch,whalley_wilmott,34,34,-1.3338224672609869,0.08628175212332594,11
regime_switch,whalley_wilmott,35,35,-4.688412891886543,0.13602740217039944,12
regime_switch,whalley_wilmott,36,36,0.05017825241450069,0.027472599706717175,4
regime_switch,whalley_wilmott,37,37,1.5999346637880203,0.02842239223918306,14
regime_switch,whalley_wilmott,38,38,1.5700874347431508,0.027562484612569226,4
regime_switch,whalley_wilmott,39,39,1.333503042827985,0.049203647762613587,4
regime_switch,whalley_wilmott,40,40,2.5563636204229008,0.02290599000930211,2
regime_switch,whalley_wilmott,41,41,2.190388624349376,0.025504105348682294,2
regime_switch,whalley_wilmott,42,42,-2.89024843875589,0.10558687663411676,14
regime_switch,whalley_wilmott,43,43,1.0620464837724763,0.028592823467517143,13
regime_switch,whalley_wilmott,44,44,-0.6068478651123492,0.08996714728488615,8
regime_switch,whalley_wilmott,45,45,0.14338031411223373,0.04009223500055097,14
regime_switch,whalley_wilmott,46,46,-2.836749990395319,0.10554188544193614,9
regime_switch,whalley_wilmott,47,47,0.13829607562336932,0.02902188036205968,4
regime_switch,whalley_wilmott,48,48,-1.9436949891120179,0.09610070472335659,12
regime_switch,whalley_wilmott,49,49,-4.064648853778465,0.10676855763312809,19
regime_switch,whalley_wilmott,50,50,-4.768289917580221,0.12224721118691767,17
regime_switch,whalley_wilmott,51,51,-1.170699141096975,0.10378813076821299,7
regime_switch,whalley_wilmott,52,52,-1.0243488287123057,0.10224402445486867,12
regime_switch,whalley_wilmott,53,53,-5.341180833667423,0.1657021880549341,14
regime_switch,whalley_wilmott,54,54,-2.0069716820989356,0.10471182893229493,8
regime_switch,whalley_wilmott,55,55,-3.5182160089487837,0.10622267067525627,15
regime_switch,whalley_wilmott,56,56,-3.6027757302256163,0.10628097340835908,11
regime_switch,whalley_wilmott,57,57,-2.0207858036422874,0.07907276071057578,14
regime_switch,whalley_wilmott,58,58,1.75308857480548,0.02885009898386825,5
regime_switch,whalley_wilmott,59,59,-4.515451977438303,0.10356232249331543,9
regime_switch,whalley_wilmott,60,60,-0.11616174605399365,0.14785330562222684,13
regime_switch,whalley_wilmott,61,61,-2.3461708921590656,0.10505179643270912,15
regime_switch,whalley_wilmott,62,62,1.02386158298264,0.021272056355433364,3
regime_switch,whalley_wilmott,63,63,-3.3823468790315587,0.10608691749441122,12
regime_switch,whalley_wilmott,64,64,-2.4440387082589297,0.10514736623492946,10
regime_switch,whalley_wilmott,65,65,-3.9507555200970756,0.10665477807900084,14
regime_switch,whalley_wilmott,66,66,2.252234169460415,0.03938769874975674,4
regime_switch,whalley_wilmott,67,67,0.7382570849336219,0.062024151281251855,7
regime_switch,whalley_wilmott,68,68,-0.3380171481307345,0.06912777556590124,14
regime_switch,whalley_wilmott,69,69,-4.852876099114951,0.10755599743865901,21
regime_switch,whalley_wilmott,70,70,-2.4909480867881086,0.10511500615288191,15
regime_switch,whalley_wilmott,71,71,2.142883612250509,0.04049440230037078,4
regime_switch,whalley_wilmott,72,72,-1.8311626053932741,0.09455922911261441,13
regime_switch,whalley_wilmott,73,73,2.1577981484907527,0.025041653678456493,4
regime_switch,whalley_wilmott,74,74,-2.053456245655525,0.10475924605109366,10
regime_switch,whalley_wilmott,75,75,-1.2711897219618606,0.10295399099648016,12
regime_switch,whalley_wilmott,76,76,-5.590593734502988,0.10829297809339235,15
regime_switch,whalley_wilmott,77,77,-5.552768138499056,0.1207996455519399,11
regime_switch,whalley_wilmott,78,78,-2.64310990838095,0.10534843880655721,20
regime_switch,whalley_wilmott,79,79,-1.3959714184751846,0.10410029858343704,8
regime_switch,whalley_wilmott,80,80,1.1261867684691147,0.018444582815207694,2
regime_switch,whalley_wilmott,81,81,-3.990394629333906,0.1485173210559334,12
regime_switch,whalley_wilmott,82,82,1.398407906916951,0.04409795938453921,5
regime_switch,whalley_wilmott,83,83,0.19978739152952585,0.0855560882939286,9
regime_switch,whalley_wilmott,84,84,1.5985651688684495,0.02774081745318296,9
regime_switch,whalley_wilmott,85,85,2.784890304755317,0.015107359569135984,1
regime_switch,whalley_wilmott,86,86,-3.467723583025503,0.10617222869131697,14
regime_switch,whalley_wilmott,87,87,0.7249816950326888,0.049385094487401165,4
regime_switch,whalley_wilmott,88,88,-2.8333485227167614,0.10553848737232722,16
regime_switch,whalley_wilmott,89,89,-0.8340838637075478,0.10057526635216446,11
regime_switch,whalley_wilmott,90,90,-1.9692527998430052,0.09020389072160166,12
regime_switch,whalley_wilmott,91,91,-3.1105675375332,0.10581542944507089,14
regime_switch,whalley_wilmott,92,92,2.856473633624976,0.015047458512185337,1
regime_switch,whalley_wilmott,93,93,-4.591244382064673,0.10729462709195546,21
regime_switch,whalley_wilmott,94,94,0.5086157593486273,0.055707170856397197,7
regime_switch,whalley_wilmott,95,95,-0.9347526778560749,0.0802238328450822,7
regime_switch,whalley_wilmott,96,96,2.804522440294905,0.014964271711705352,1
regime_switch,whalley_wilmott,97,97,1.0232723681945082,0.02843118766833421,12
regime_switch,whalley_wilmott,98,98,-3.309270739979482,0.10601393414281944,8
regime_switch,whalley_wilmott,99,99,1.2257253501101921,0.026490910539988484,3
regime_switch,whalley_wilmott,100,100,-2.8071504402559952,0.10551231546177701,17
regime_switch,whalley_wilmott,101,101,-1.3187560904239959,0.06357680423197955,5
regime_switch,whalley_wilmott,102,102,-4.241949095069472,0.10673008185400985,12
regime_switch,whalley_wilmott,103,103,-1.8043704145289752,0.09363913019562448,4
regime_switch,whalley_wilmott,104,104,-5.41969224431989,0.10812224733396866,18
regime_switch,whalley_wilmott,105,105,-4.7688139821010225,0.10906893074092647,8
regime_switch,whalley_wilmott,106,106,1.980775333225246,0.03947822758717529,6
regime_switch,whalley_wilmott,107,107,-0.6884600151318665,0.13988894124345677,6
regime_switch,whalley_wilmott,108,108,-1.1036985039075375,0.06845564304879953,5
regime_switch,whalley_wilmott,109,109,-1.369015358367193,0.1028457807100396,6
regime_switch,whalley_wilmott,110,110,-1.8749283425804464,0.10458102465490829,14
regime_switch,whalley_wilmott,111,111,0.6795911960203338,0.0351962578063488,13
regime_switch,whalley_wilmott,112,112,-0.41320128699733694,0.023483206487657733,2
regime_switch,whalley_wilmott,113,113,0.686347932359439,0.06555705249114371,7
regime_switch,whalley_wilmott,114,114,-3.7389031216507647,0.10644313090939876,16
regime_switch,whalley_wilmott,115,115,1.6639087467171518,0.028706655557426297,7
regime_switch,whalley_wilmott,116,116,-1.3347026913002509,0.10396426209120894,12
regime_switch,whalley_wilmott,117,117,1.3315254256833386,0.026198611797549676,5
regime_switch,whalley_wilmott,118,118,-2.053359211562025,0.0967168415722745,8
regime_switch,whalley_wilmott,119,119,2.6503190404356403,0.019844659379475243,3
regime_switch,whalley_wilmott,120,120,-1.4504500487451821,0.10346307327448938,8
regime_switch,whalley_wilmott,121,121,-9.30300257164731,0.17464542066057084,9
regime_switch,whalley_wilmott,122,122,1.0695495909667518,0.028777310030299586,9
regime_switch,whalley_wilmott,123,123,-3.952865934789216,0.10665688638538658,18
regime_switch,whalley_wilmott,124,124,1.6304682991126696,0.02858621964722058,13
regime_switch,whalley_wilmott,125,125,0.9133327797785479,0.028474004004647085,17
regime_switch,whalley_wilmott,126,126,0.29849644511904255,0.035742018806325555,8
regime_switch,whalley_wilmott,127,127,0.8351734230059193,0.07102910823644876,9
regime_switch,whalley_wilmott,128,128,0.46403084390798455,0.06424617953644018,6
regime_switch,whalley_wilmott,129,129,-1.2394708158187058,0.09479489024946032,13
regime_switch,whalley_wilmott,130,130,0.04197954612457977,0.10009986177100802,5
regime_switch,whalley_wilmott,131,131,-3.826022063060833,0.10653016923081281,16
regime_switch,whalley_wilmott,132,132,2.7594723549996445,0.04202624649058776,3
regime_switch,whalley_wilmott,133,133,-1.8186519487432236,0.10397730872438736,8
regime_switch,whalley_wilmott,134,134,0.8620378476651601,0.03955492847767812,12
regime_switch,whalley_wilmott,135,135,-6.46751620010819,0.14758917236971142,12
regime_switch,whalley_wilmott,136,136,-5.845464942707991,0.15240776812043424,10
regime_switch,whalley_wilmott,137,137,1.140585465886826,0.028414903673543056,10
regime_switch,whalley_wilmott,138,138,1.908429215788133,0.02572975598883313,6
regime_switch,whalley_wilmott,139,139,0.7744300507220316,0.05479628785334273,5
regime_switch,whalley_wilmott,140,140,-0.26744122423825445,0.09284699183199466,5
regime_switch,whalley_wilmott,141,141,1.621472474616534,0.02929982659556618,7
regime_switch,whalley_wilmott,142,142,-4.664564767927018,0.10736787423067909,16
regime_switch,whalley_wilmott,143,143,2.461011638352037,0.015247995147350627,1
regime_switch,whalley_wilmott,144,144,-0.5493710794417979,0.1450973038362442,7
regime_switch,whalley_wilmott,145,145,1.4881412250894406,0.027796410102399197,11
regime_switch,whalley_wilmott,146,146,1.934601477618905,0.05843158569214864,5
regime_switch,whalley_wilmott,147,147,1.246371709889932,0.05109730901348668,7
regime_switch,whalley_wilmott,148,148,-3.066670321114316,0.11432584606603481,8
regime_switch,whalley_wilmott,149,149,2.802250450090142,0.02294460631886689,3
regime_switch,whalley_wilmott,150,150,0.14458588061199862,0.08627033477180718,8
regime_switch,whalley_wilmott,151,151,0.681019150948995,0.03849965354581618,8
regime_switch,whalley_wilmott,152,152,2.067463244206973,0.029513216547418144,5
regime_switch,whalley_wilmott,153,153,-1.2998808680519431,0.10388612155899465,9
regime_switch,whalley_wilmott,154,154,1.908778532355793,0.04068738575429521,5
regime_switch,whalley_wilmott,155,155,0.06642880171008772,0.0685463430777732,9
regime_switch,whalley_wilmott,156,156,0.7927267953693149,0.050455031461072615,10
regime_switch,whalley_wilmott,157,157,0.25268745032369305,0.033981674951821916,17
regime_switch,whalley_wilmott,158,158,-3.4362930803270473,0.10614082958772209,14
regime_switch,whalley_wilmott,159,159,-1.5606976539987443,0.10423610291838137,8
regime_switch,whalley_wilmott,160,160,-1.0984516684220011,0.10255357176599952,12
regime_switch,whalley_wilmott,161,161,-3.2634065010169877,0.10596811572227749,15
regime_switch,whalley_wilmott,162,162,2.3498338361991102,0.037018883429424075,6
regime_switch,whalley_wilmott,163,163,-1.1766099560914398,0.09016178621189691,10
regime_switch,whalley_wilmott,164,164,0.19617317453975147,0.0817337799413691,8
regime_switch,whalley_wilmott,165,165,-1.6881550901938311,0.10439405637504241,11
regime_switch,whalley_wilmott,166,166,-1.3457278737419642,0.103747635347061,11
regime_switch,whalley_wilmott,167,167,0.21172384420005097,0.04268111525557094,7
regime_switch,whalley_wilmott,168,168,1.1864267308700918,0.05820009394749689,7
regime_switch,whalley_wilmott,169,169,1.5995725227143467,0.03396859966683377,7
regime_switch,whalley_wilmott,170,170,-1.0230806006207445,0.10171469431804334,13
regime_switch,whalley_wilmott,171,171,-0.5753925350833669,0.10115929874376181,9
regime_switch,whalley_wilmott,172,172,0.48995607958347875,0.0764340261133851,8
regime_switch,whalley_wilmott,173,173,-3.183944488047757,0.10579065204688021,13
regime_switch,whalley_wilmott,174,174,1.5404793451346745,0.02870643086900283,7
regime_switch,whalley_wilmott,175,175,-2.573828717560964,0.11631479272292639,8
regime_switch,whalley_wilmott,176,176,1.4112437110653606,0.028353539798693327,6
regime_switch,whalley_wilmott,177,177,-2.716389596477626,0.10542164528817223,20
regime_switch,whalley_wilmott,178,178,2.6008880913461994,0.022082736191056097,4
regime_switch,whalley_wilmott,179,179,1.4946263589279898,0.02868088553155107,9
regime_switch,whalley_wilmott,180,180,-1.22369589253762,0.10382351562345819,12
regime_switch,whalley_wilmott,181,181,2.7676681576198874,0.014795575171364695,1
regime_switch,whalley_wilmott,182,182,-3.4509859756496297,0.10615201521831588,6
regime_switch,whalley_wilmott,183,183,2.161413691981817,0.030151887695367148,2
regime_switch,whalley_wilmott,184,184,-3.0925826232082585,0.10579718715970085,21
regime_switch,whalley_wilmott,185,185,-3.009538020089778,0.10569509961018371,11
regime_switch,whalley_wilmott,186,186,-4.5825783184391184,0.10025897659372553,10
regime_switch,whalley_wilmott,187,187,-2.841265867664916,0.10554526077924109,12
regime_switch,whalley_wilmott,188,188,-0.317812329035144,0.06786397810994294,10
regime_switch,whalley_wilmott,189,189,-0.238006289167759,0.03951263511816927,12
regime_switch,whalley_wilmott,190,190,1.2041408906727071,0.028516384201823244,5
regime_switch,whalley_wilmott,191,191,-4.510617440111314,0.09906604018156735,11
regime_switch,whalley_wilmott,192,192,-2.21112837832122,0.1002398978115461,7
regime_switch,whalley_wilmott,193,193,-3.896625391457718,0.10660070202641406,19
regime_switch,whalley_wilmott,194,194,0.24529679517225134,0.0645323441541982,5
regime_switch,whalley_wilmott,195,195,-2.7608593977385,0.10546582705249183,15
regime_switch,whalley_wilmott,196,196,-1.152976406666582,0.08752256819237914,6
regime_switch,whalley_wilmott,197,197,0.9004182453496271,0.06668728667536461,6
regime_switch,whalley_wilmott,198,198,-3.278448204745599,0.13530223869914174,11
regime_switch,whalley_wilmott,199,199,-0.5342082297838999,0.10009984657360717,3
regime_switch,whalley_wilmott,200,200,-2.0145858766746443,0.10454080357344597,16
regime_switch,whalley_wilmott,201,201,2.261609466967886,0.02773201044016976,6
regime_switch,whalley_wilmott,202,202,2.157418553843769,0.024342007413022858,2
regime_switch,whalley_wilmott,203,203,1.4645712324098543,0.04326583911777811,3
regime_switch,whalley_wilmott,204,204,-1.6721236987235244,0.06277148041348979,4
regime_switch,whalley_wilmott,205,205,-5.9265676700862775,0.12954925883279014,19
regime_switch,whalley_wilmott,206,206,-0.38460322404657177,0.0757187393428394,7
regime_switch,whalley_wilmott,207,207,-3.8475391024308863,0.10655166477463902,19
regime_switch,whalley_wilmott,208,208,-0.41438041630826206,0.10299376901507486,6
regime_switch,whalley_wilmott,209,209,1.2102442270022051,0.040375805389735696,8
regime_switch,whalley_wilmott,210,210,-3.7536676273113585,0.1064578870772169,11
regime_switch,whalley_wilmott,211,211,1.7693160768272267,0.04477405254562044,6
regime_switch,whalley_wilmott,212,212,-11.860186605506598,0.18735942588689564,13
regime_switch,whalley_wilmott,213,213,2.068517455763562,0.0378078253783188,5
regime_switch,whalley_wilmott,214,214,-3.8030800426780615,0.10650725012953131,16
regime_switch,whalley_wilmott,215,215,2.478387963606128,0.015213049585178306,1
regime_switch,whalley_wilmott,216,216,-4.216178079669348,0.10691993548117097,9
regime_switch,whalley_wilmott,217,217,1.6236073884398918,0.03209181852641373,10
regime_switch,whalley_wilmott,218,218,-1.7548848497110503,0.07534747176033971,9
regime_switch,whalley_wilmott,219,219,0.09744695131401462,0.052816331907106856,9
regime_switch,whalley_wilmott,220,220,-2.8699938285370052,0.10487284361955844,11
regime_switch,whalley_wilmott,221,221,1.3714788103935638,0.033251637093984966,8
regime_switch,whalley_wilmott,222,222,-3.6828390898382395,0.10638712929752349,13
regime_switch,whalley_wilmott,223,223,-0.5057725232700534,0.10289191501043929,9
regime_switch,whalley_wilmott,224,224,-1.0055862477777922,0.08670589775015995,8
regime_switch,whalley_wilmott,225,225,1.1193872079657088,0.027742642124312634,8
regime_switch,whalley_wilmott,226,226,2.776592820288661,0.028843470040361675,4
regime_switch,whalley_wilmott,227,227,-0.5330330873764524,0.09812663188710688,13
regime_switch,whalley_wilmott,228,228,-3.7880442843981683,0.10649222939198895,5
regime_switch,whalley_wilmott,229,229,-5.293865327794833,0.10799647362031038,16
regime_switch,whalley_wilmott,230,230,-1.693333358003919,0.09521306205531048,9
regime_switch,whalley_wilmott,231,231,-2.165743827619636,0.1048711904977339,10
regime_switch,whalley_wilmott,232,232,1.7258405517117716,0.028874959182156764,6
regime_switch,whalley_wilmott,233,233,-4.261796182019978,0.10696550801099175,14
regime_switch,whalley_wilmott,234,234,-0.2774920732439806,0.04091046946674463,14
regime_switch,whalley_wilmott,235,235,0.8970997753046035,0.05954797628886975,6
regime_switch,whalley_wilmott,236,236,1.660621923316107,0.04284824388230435,3
regime_switch,whalley_wilmott,237,237,-0.5508764356669928,0.08144142209975085,13
regime_switch,whalley_wilmott,238,238,-0.2576702198961186,0.04944143893203642,9
regime_switch,whalley_wilmott,239,239,-3.302534690210365,0.10600692929293529,17
regime_switch,whalley_wilmott,240,240,-5.29329592676585,0.10333034616553054,13
regime_switch,whalley_wilmott,241,241,1.8931636355233437,0.03129229349514483,4
regime_switch,whalley_wilmott,242,242,-8.158182484582724,0.11085800181974577,20
regime_switch,whalley_wilmott,243,243,-1.3907782630065952,0.10230156246727036,10
regime_switch,whalley_wilmott,244,244,-2.4792562888826524,0.1051847359603955,14
regime_switch,whalley_wilmott,245,245,-5.980762466354392,0.108682699112794,10
regime_switch,whalley_wilmott,246,246,-0.16700593122485233,0.058287079751270975,6
regime_switch,whalley_wilmott,247,247,-5.117175641666989,0.1532174361002227,12
regime_switch,whalley_wilmott,248,248,-2.4911317402113866,0.10519661246472944,15
regime_switch,whalley_wilmott,249,249,0.7213508741663048,0.059694191768721094,9
regime_switch,whalley_wilmott,250,250,-4.189794089682749,0.10689357784881671,17
regime_switch,whalley_wilmott,251,251,-0.8280509050675917,0.06722641043223626,6
regime_switch,whalley_wilmott,252,252,-1.9277563488775087,0.10462119095384076,9
regime_switch,whalley_wilmott,253,253,2.115387479369627,0.021962203576973677,4
regime_switch,whalley_wilmott,254,254,1.2990436501347737,0.028024044569907255,7
regime_switch,whalley_wilmott,255,255,-9.952918074800087,0.1916156607738,15
regime_switch,whalley_wilmott,256,256,-6.609938455505471,0.10931130448800024,17
regime_switch,whalley_wilmott,257,257,-1.5329184823720112,0.104057557967719,9
regime_switch,whalley_wilmott,258,258,-0.36988735115726223,0.04718425814655737,14
regime_switch,whalley_wilmott,259,259,-2.234751222617362,0.10494048807152859,18
regime_switch,whalley_wilmott,260,260,0.874474362054336,0.04955085251044218,7
regime_switch,whalley_wilmott,261,261,-1.8818638847767915,0.10458795326849109,13
regime_switch,whalley_wilmott,262,262,-5.997827128480608,0.10869980466080258,24
regime_switch,whalley_wilmott,263,263,0.6301100727827068,0.04269461377385537,7
regime_switch,whalley_wilmott,264,264,-0.9985832350421333,0.10356017940207413,10
regime_switch,whalley_wilmott,265,265,-1.7803289089540897,0.10448651972621065,19
regime_switch,whalley_wilmott,266,266,0.5204366511999865,0.08411167837079447,4
regime_switch,whalley_wilmott,267,267,-2.5437200416578207,0.10524259151384766,8
regime_switch,whalley_wilmott,268,268,-2.5449449479148285,0.10525037191298461,14
regime_switch,whalley_wilmott,269,269,-2.7694525146159705,0.0950917295249112,12
regime_switch,whalley_wilmott,270,270,-0.19142705746257604,0.09886567227317854,9
regime_switch,whalley_wilmott,271,271,-1.3362496865302766,0.0849414671049891,7
regime_switch,whalley_wilmott,272,272,2.194893862693686,0.028826496622984983,5
regime_switch,whalley_wilmott,273,273,1.7969005869392203,0.029289565910181437,5
regime_switch,whalley_wilmott,274,274,2.350818314457115,0.06998698956540272,6
regime_switch,whalley_wilmott,275,275,0.7869743437888417,0.05027418173227331,9
regime_switch,whalley_wilmott,276,276,-0.9921398379928092,0.10369016464021902,9
regime_switch,whalley_wilmott,277,277,-2.049014557977955,0.10434930483548124,6
regime_switch,whalley_wilmott,278,278,0.2490600010456916,0.09774129832549465,10
regime_switch,whalley_wilmott,279,279,1.662385408913784,0.02868380496745781,8
regime_switch,whalley_wilmott,280,280,1.3799627624704995,0.02893127487868127,6
regime_switch,whalley_wilmott,281,281,0.0978871854350544,0.049567580176517245,16
regime_switch,whalley_wilmott,282,282,1.3336370474955304,0.027789724224857405,13
regime_switch,whalley_wilmott,283,283,-0.6950575687273834,0.06327802068648784,10
regime_switch,whalley_wilmott,284,284,-3.697508893189209,0.10640178444572627,21
regime_switch,whalley_wilmott,285,285,-1.1903460433187596,0.07929001590644745,11
regime_switch,whalley_wilmott,286,286,-3.1691383539250637,0.10587394174915868,15
regime_switch,whalley_wilmott,287,287,0.2481355466046987,0.040113382830810916,17
regime_switch,whalley_wilmott,288,288,-4.222055706751334,0.10692580723649758,16
regime_switch,whalley_wilmott,289,289,-2.253360451736995,0.1049445907988794,15
regime_switch,whalley_wilmott,290,290,-0.7595896947415304,0.07907398919351342,10
regime_switch,whalley_wilmott,291,291,-4.326525480184586,0.10702970940179724,16
regime_switch,whalley_wilmott,292,292,-0.6106427429880593,0.0729371285358012,12
regime_switch,whalley_wilmott,293,293,-0.723924835156164,0.09142642253780305,7
regime_switch,whalley_wilmott,294,294,-2.959039402998897,0.10566404627546565,13
regime_switch,whalley_wilmott,295,295,-4.376730732549808,0.09993229250001247,18
regime_switch,whalley_wilmott,296,296,2.9845095782387077,0.030370773022669495,3
regime_switch,whalley_wilmott,297,297,1.7381417686679121,0.02233943995783337,2
regime_switch,whalley_wilmott,298,298,-0.23832261978459712,0.07142457806186045,8
regime_switch,whalley_wilmott,299,299,0.16499813206720437,0.04111849527328672,9
regime_switch,whalley_wilmott,300,300,1.4244153766990593,0.0356852607924193,6
regime_switch,whalley_wilmott,301,301,1.3403203871450182,0.028514690905419214,11
regime_switch,whalley_wilmott,302,302,-0.2521149117467248,0.06745600129292155,15
regime_switch,whalley_wilmott,303,303,2.1060125769197944,0.02895546213892727,4
regime_switch,whalley_wilmott,304,304,1.0696407493226445,0.06564561468220921,10
regime_switch,whalley_wilmott,305,305,0.2516991465255316,0.0726920540134024,7
regime_switch,whalley_wilmott,306,306,-5.5378880941350985,0.10824032510601184,15
regime_switch,whalley_wilmott,307,307,2.3075975159181947,0.03325070395978206,6
regime_switch,whalley_wilmott,308,308,2.1359312352609265,0.028847328000834616,9
regime_switch,whalley_wilmott,309,309,-0.40832025564292324,0.07964565471674784,8
regime_switch,whalley_wilmott,310,310,-3.578578489731484,0.1062829728538604,15
regime_switch,whalley_wilmott,311,311,-0.3596691439053643,0.08180997985646503,8
regime_switch,whalley_wilmott,312,312,-2.3535512598739814,0.10505913733395,12
regime_switch,whalley_wilmott,313,313,-1.6482360248031487,0.12943333774097315,5
regime_switch,whalley_wilmott,314,314,2.5978376033119215,0.016604881123846584,3
regime_switch,whalley_wilmott,315,315,-0.2908262402143524,0.046237135792779445,9
regime_switch,whalley_wilmott,316,316,0.31853833640376195,0.0939851640972285,3
regime_switch,whalley_wilmott,317,317,-3.377867289853185,0.10607923549154966,10
regime_switch,whalley_wilmott,318,318,-1.1854267048046978,0.10328611629118085,10
regime_switch,whalley_wilmott,319,319,0.9871325953164115,0.0348473707847241,7
regime_switch,whalley_wilmott,320,320,-3.1891721866140017,0.1058939555680287,16
regime_switch,whalley_wilmott,321,321,-2.196830698915875,0.1366608613132671,11
regime_switch,whalley_wilmott,322,322,-1.9837032809108877,0.10466998622639834,9
regime_switch,whalley_wilmott,323,323,-3.857818454986216,0.12593300946942587,12
regime_switch,whalley_wilmott,324,324,-2.5320069531115195,0.10088756724318468,12
regime_switch,whalley_wilmott,325,325,-1.5945638837695328,0.07307847068265887,13
regime_switch,whalley_wilmott,326,326,1.1861650766560772,0.038576910247022665,9
regime_switch,whalley_wilmott,327,327,-1.8252477534576599,0.1045302441068474,11
regime_switch,whalley_wilmott,328,328,1.2275461138117028,0.049325831334558,6
regime_switch,whalley_wilmott,329,329,1.4209490088637164,0.02884792551160861,7
regime_switch,whalley_wilmott,330,330,-2.340347053966596,0.1049522780044276,15
regime_switch,whalley_wilmott,331,331,1.658597902689145,0.037852473751050664,5
regime_switch,whalley_wilmott,332,332,0.7651728014170658,0.07944951997069372,6
regime_switch,whalley_wilmott,333,333,-4.177232259676302,0.106881028568091,12
regime_switch,whalley_wilmott,334,334,1.6801363032788394,0.02908200002741669,6
regime_switch,whalley_wilmott,335,335,-2.1119909909105132,0.10481776303730742,14
regime_switch,whalley_wilmott,336,336,-3.6934156889351613,0.09870171772542782,14
regime_switch,whalley_wilmott,337,337,-3.3116053086201873,0.10597277468025071,15
regime_switch,whalley_wilmott,338,338,-0.3665045013148358,0.09993952755806648,5
regime_switch,whalley_wilmott,339,339,2.264909356744088,0.02747726777547698,4
regime_switch,whalley_wilmott,340,340,1.1802719867853015,0.028661273630980175,12
regime_switch,whalley_wilmott,341,341,-4.15764740781254,0.11302830203469831,11
regime_switch,whalley_wilmott,342,342,1.4245637251901777,0.03517373547438016,7
regime_switch,whalley_wilmott,343,343,-4.4156547483434,0.10711921287245377,18
regime_switch,whalley_wilmott,344,344,2.682885121934806,0.02802506370057605,3
regime_switch,whalley_wilmott,345,345,1.2429266865398003,0.05677719410045082,6
regime_switch,whalley_wilmott,346,346,-0.5123718292192905,0.10260163067347905,10
regime_switch,whalley_wilmott,347,347,1.7714772834619743,0.02887069020405268,7
regime_switch,whalley_wilmott,348,348,1.2091903639195272,0.047284516525945175,7
regime_switch,whalley_wilmott,349,349,1.8512326142506403,0.029443078060646694,7
regime_switch,whalley_wilmott,350,350,0.45194531262998794,0.08176592718152177,10
regime_switch,whalley_wilmott,351,351,1.52238199519738,0.029049695682407974,10
regime_switch,whalley_wilmott,352,352,2.5890763603103295,0.01639069050802422,2
regime_switch,whalley_wilmott,353,353,-2.8549215542410167,0.10556003231290566,15
regime_switch,whalley_wilmott,354,354,1.3691227576079967,0.09910702652583452,4
regime_switch,whalley_wilmott,355,355,-3.706984923138762,0.1064112510091124,16
regime_switch,whalley_wilmott,356,356,-3.5299846932771857,0.09328866053279221,13
regime_switch,whalley_wilmott,357,357,2.0643792295506316,0.03815601459828044,6
regime_switch,whalley_wilmott,358,358,-4.807701077717752,0.10751086754715336,15
regime_switch,whalley_wilmott,359,359,-4.821855600996145,0.10752500793004888,26
regime_switch,whalley_wilmott,360,360,0.9424034403923665,0.028418835529318245,15
regime_switch,whalley_wilmott,361,361,0.6471216135246167,0.048335126978047316,14
regime_switch,whalley_wilmott,362,362,-2.892773578185583,0.10559785306210626,14
regime_switch,whalley_wilmott,363,363,2.1624731800249926,0.032886135891695534,3
regime_switch,whalley_wilmott,364,364,-3.99889561680952,0.10670287008370856,20
regime_switch,whalley_wilmott,365,365,-0.9773258357047467,0.10368324590065328,8
regime_switch,whalley_wilmott,366,366,1.2151639421318663,0.06873553797113024,9
regime_switch,whalley_wilmott,367,367,-2.6711313206563005,0.1048473329236521,19
regime_switch,whalley_wilmott,368,368,-5.962173679414306,0.10846919628209363,10
regime_switch,whalley_wilmott,369,369,-0.32990663535201664,0.0713529494862889,7
regime_switch,whalley_wilmott,370,370,1.924101414136626,0.028634836993307475,5
regime_switch,whalley_wilmott,371,371,1.4522313719549729,0.058293678061719145,6
regime_switch,whalley_wilmott,372,372,-1.6617286181154098,0.055856947123270675,15
regime_switch,whalley_wilmott,373,373,2.0082484212893164,0.036335552279125605,5
regime_switch,whalley_wilmott,374,374,0.6804514180200272,0.06499479701000245,4
regime_switch,whalley_wilmott,375,375,-4.150289916319295,0.10685411314016191,16
regime_switch,whalley_wilmott,376,376,-1.2850517265410706,0.09646173639386035,16
regime_switch,whalley_wilmott,377,377,1.9518751126494251,0.03592225583016519,5
regime_switch,whalley_wilmott,378,378,-2.257716255533097,0.10496316355741209,14
regime_switch,whalley_wilmott,379,379,-2.5365008504516595,0.10524167436323255,13
regime_switch,whalley_wilmott,380,380,0.14304024788120273,0.04850407685389334,7
regime_switch,whalley_wilmott,381,381,-0.35215004458749877,0.0751353497906744,8
regime_switch,whalley_wilmott,382,382,-3.732181497566515,0.10643642241213717,16
regime_switch,whalley_wilmott,383,383,-2.6381893049206866,0.10530525434497492,6
regime_switch,whalley_wilmott,384,384,-4.326034852098033,0.10702968250657423,20
regime_switch,whalley_wilmott,385,385,-2.5999867278261917,0.10530535870610284,15
regime_switch,whalley_wilmott,386,386,-1.3046389331477317,0.06772914412699087,15
regime_switch,whalley_wilmott,387,387,-2.471899466040057,0.10517664359422957,17
regime_switch,whalley_wilmott,388,388,-4.202026973061038,0.10690579851153224,15
regime_switch,whalley_wilmott,389,389,-0.4820538318472103,0.09770264244779177,14
regime_switch,whalley_wilmott,390,390,-4.105909717050167,0.15042647166708922,15
regime_switch,whalley_wilmott,391,391,2.323985450095943,0.02273784310809035,2
regime_switch,whalley_wilmott,392,392,-2.3081596830365356,0.10479455386898712,14
regime_switch,whalley_wilmott,393,393,0.8715355993119833,0.040085158387532654,11
regime_switch,whalley_wilmott,394,394,0.022528385891090998,0.06665009423626081,9
regime_switch,whalley_wilmott,395,395,0.5187859841322648,0.09901785257175806,9
regime_switch,whalley_wilmott,396,396,0.9172721936336998,0.06701511712285163,8
regime_switch,whalley_wilmott,397,397,2.559314813878112,0.017621529090615172,3
regime_switch,whalley_wilmott,398,398,0.6652915048271617,0.027456006401791893,13
regime_switch,whalley_wilmott,399,399,-2.481866711301066,0.10509382208213981,14
regime_switch,whalley_wilmott,400,400,1.6980540963501731,0.037126483315911264,3
regime_switch,whalley_wilmott,401,401,-3.3515358851479107,0.10605615706506563,10
regime_switch,whalley_wilmott,402,402,1.901617718881313,0.028988765779715427,6
regime_switch,whalley_wilmott,403,403,-4.129276382991989,0.1068331205993754,12
regime_switch,whalley_wilmott,404,404,0.9376593428521289,0.07143199193068686,6
regime_switch,whalley_wilmott,405,405,-1.1618181821461084,0.050514777874211145,14
regime_switch,whalley_wilmott,406,406,-1.029834298511446,0.10364848643338635,8
regime_switch,whalley_wilmott,407,407,-4.652840003793969,0.10735616117959715,14
regime_switch,whalley_wilmott,408,408,2.831124161761254,0.028942602513992215,3
regime_switch,whalley_wilmott,409,409,0.874687692015786,0.03487613491199138,13
regime_switch,whalley_wilmott,410,410,2.1281009134392868,0.031473215944688285,4
regime_switch,whalley_wilmott,411,411,-2.335155253930921,0.1050396632974957,12
regime_switch,whalley_wilmott,412,412,1.2266725591347551,0.055320000847008964,6
regime_switch,whalley_wilmott,413,413,-2.0939028841032012,0.10479977404780155,7
regime_switch,whalley_wilmott,414,414,-4.73644158345823,0.10743967924119985,20
regime_switch,whalley_wilmott,415,415,2.4727887470764944,0.016794763291815666,2
regime_switch,whalley_wilmott,416,416,-0.4584839306435428,0.07751280306901209,7
regime_switch,whalley_wilmott,417,417,-0.5843318861490379,0.06250183546304966,7
regime_switch,whalley_wilmott,418,418,-2.1132564746587263,0.10470303627691903,6
regime_switch,whalley_wilmott,419,419,-1.4496137244044633,0.07237917470572423,12
regime_switch,whalley_wilmott,420,420,-4.932580976450339,0.10763562269074237,19
regime_switch,whalley_wilmott,421,421,1.4537781812153527,0.02905428751221608,8
regime_switch,whalley_wilmott,422,422,-2.6429269100903525,0.10534824969324005,12
regime_switch,whalley_wilmott,423,423,-0.8538231590694636,0.12365357003804746,6
regime_switch,whalley_wilmott,424,424,0.02854068762775608,0.08668053018148786,7
regime_switch,whalley_wilmott,425,425,-2.5178984791464813,0.10471221840107074,3
regime_switch,whalley_wilmott,426,426,-1.90017404798364,0.10430067618858521,9
regime_switch,whalley_wilmott,427,427,0.07762005314182298,0.04720498869448275,13
regime_switch,whalley_wilmott,428,428,0.3967919078938138,0.10024339588663114,6
regime_switch,whalley_wilmott,429,429,-0.39880830601054384,0.08138790626180076,7
regime_switch,whalley_wilmott,430,430,-0.8735158825510041,0.10256895033559629,7
regime_switch,whalley_wilmott,431,431,1.0853314366463849,0.05793548009085474,4
regime_switch,whalley_wilmott,432,432,-1.474581468264958,0.10297749992894223,4
regime_switch,whalley_wilmott,433,433,1.439801483456194,0.03296825914032159,9
regime_switch,whalley_wilmott,434,434,-2.590006317474206,0.1052953882661908,15
regime_switch,whalley_wilmott,435,435,-3.350158905622763,0.10605478146114437,15
regime_switch,whalley_wilmott,436,436,-1.9769570355867074,0.10468294477758512,12
regime_switch,whalley_wilmott,437,437,1.8392434434583578,0.029411847607848426,4
regime_switch,whalley_wilmott,438,438,-3.208906437433406,0.11233252681737284,11
regime_switch,whalley_wilmott,439,439,-3.4242690378147387,0.10612871598051417,15
regime_switch,whalley_wilmott,440,440,-4.377879117395395,0.1070814749793988,22
regime_switch,whalley_wilmott,441,441,0.05308725768866283,0.06588171915118851,9
regime_switch,whalley_wilmott,442,442,-2.2534535484103344,0.10495899936713042,13
regime_switch,whalley_wilmott,443,443,1.4923993285091288,0.040752947240443704,5
regime_switch,whalley_wilmott,444,444,1.8030741646196309,0.028955430240203806,5
regime_switch,whalley_wilmott,445,445,-3.3731535025304,0.10607751233949095,20
regime_switch,whalley_wilmott,446,446,-2.564081959141473,0.11437244680375226,12
regime_switch,whalley_wilmott,447,447,-2.334427888026312,0.08724898984583049,7
regime_switch,whalley_wilmott,448,448,1.7876625772255381,0.029196575461732918,7
regime_switch,whalley_wilmott,449,449,-2.071398378530631,0.10477640716064801,6
regime_switch,ppo,0,0,-1.8240684584165585,0.1378803163408395,30
regime_switch,ppo,1,1,-0.8471442573914203,0.20711792390039202,30
regime_switch,ppo,2,2,-0.771211230893087,0.2651102882985865,30
regime_switch,ppo,3,3,0.5813741005135924,0.15699896052866277,30
regime_switch,ppo,4,4,-3.0547429414359577,0.15152183346711365,30
regime_switch,ppo,5,5,0.3665293784332775,0.13400696287291156,30
regime_switch,ppo,6,6,0.07990148027075605,0.23299506368416814,30
regime_switch,ppo,7,7,-1.5373868570343312,0.09876841368431952,30
regime_switch,ppo,8,8,0.9424813155975063,0.11005904471497421,30
regime_switch,ppo,9,9,0.8957360272378345,0.11805606726495324,30
regime_switch,ppo,10,10,0.1836525361498893,0.11972244207416156,30
regime_switch,ppo,11,11,-5.27213223874837,0.4038178479314683,30
regime_switch,ppo,12,12,0.5444176400580716,0.20582908600064015,30
regime_switch,ppo,13,13,-3.556280897782216,0.14299800547989563,30
regime_switch,ppo,14,14,-1.208148762712753,0.22822030231746854,30
regime_switch,ppo,15,15,2.5964243724670837,0.2423104506757155,30
regime_switch,ppo,16,16,-1.6978826675482992,0.2085341799352125,30
regime_switch,ppo,17,17,-0.23166944377677634,0.1502563505421871,30
regime_switch,ppo,18,18,-3.0587019210468327,0.2917068800792905,30
regime_switch,ppo,19,19,-3.7292770918704257,0.2412641117977715,30
regime_switch,ppo,20,20,-1.0181917922512014,0.1344101907751291,30
regime_switch,ppo,21,21,1.8925775042381474,0.17752039687520463,30
regime_switch,ppo,22,22,-1.2327909259308,0.1956701678975495,30
regime_switch,ppo,23,23,-1.2081371841991526,0.3039515653298124,30
regime_switch,ppo,24,24,-1.3893085664685785,0.13251260471481552,30
regime_switch,ppo,25,25,-0.8114145437268974,0.20328235189340396,30
regime_switch,ppo,26,26,-1.214742069591324,0.25882268785846413,30
regime_switch,ppo,27,27,-3.5812702763122815,0.26048136616940376,30
regime_switch,ppo,28,28,-1.3433928014685819,0.14661107930146514,30
regime_switch,ppo,29,29,-2.59091449613868,0.4022631595136471,30
regime_switch,ppo,30,30,0.9424816625910637,0.2238937572615796,30
regime_switch,ppo,31,31,-2.7136219640940737,0.2336546327196851,30
regime_switch,ppo,32,32,-2.376343631708451,0.27643267360185575,30
regime_switch,ppo,33,33,-0.17631436761922004,0.3714747295940572,30
regime_switch,ppo,34,34,-1.3279636060816955,0.2442613168124031,30
regime_switch,ppo,35,35,-5.498569280373204,0.2549495952875802,30
regime_switch,ppo,36,36,1.6270353273338714,0.23865108147760752,30
regime_switch,ppo,37,37,0.8631326155442052,0.1014963364014772,30
regime_switch,ppo,38,38,-0.3382752515190788,0.23896833129522657,30
regime_switch,ppo,39,39,-3.3398364816068558,0.36157693654371004,30
regime_switch,ppo,40,40,1.3966085551948808,0.19038182676030588,30
regime_switch,ppo,41,41,0.38093930344338034,0.1773066770517438,30
regime_switch,ppo,42,42,-1.6289191046162443,0.2102053377911162,30
regime_switch,ppo,43,43,-0.09072796353083667,0.11716330167100363,30
regime_switch,ppo,44,44,-3.765029923400469,0.35660575602224087,30
regime_switch,ppo,45,45,-0.44814806296550724,0.11969287983138437,30
regime_switch,ppo,46,46,0.46196907796768016,0.25009779355534956,30
regime_switch,ppo,47,47,0.4588638056879404,0.320345217672773,30
regime_switch,ppo,48,48,-2.7592046752866963,0.2792414737347104,30
regime_switch,ppo,49,49,-1.3357149652979672,0.17042708395076842,30
regime_switch,ppo,50,50,-5.553926476019848,0.228643522385666,30
regime_switch,ppo,51,51,-2.1963201621314568,0.2606176566489088,30
regime_switch,ppo,52,52,-0.4120172879442663,0.255304110358446,30
regime_switch,ppo,53,53,-3.4523867336236407,0.40141126015958906,30
regime_switch,ppo,54,54,-1.059048613176941,0.2545056831915251,30
regime_switch,ppo,55,55,3.505794060892512,0.23681994674301626,30
regime_switch,ppo,56,56,-5.509166467552305,0.2588507040414059,30
regime_switch,ppo,57,57,-4.121349575734337,0.3319773100358786,30
regime_switch,ppo,58,58,0.33676519480980716,0.13365397455318667,30
regime_switch,ppo,59,59,-4.878855742467692,0.20693192744276095,30
regime_switch,ppo,60,60,-0.7116364694318662,0.3922487273960909,30
regime_switch,ppo,61,61,1.1491060927711914,0.18910903323083555,30
regime_switch,ppo,62,62,-0.36080264833812237,0.20046483652110195,30
regime_switch,ppo,63,63,-2.0375798399344234,0.24559417911693032,30
regime_switch,ppo,64,64,-0.9099471318124444,0.2651257107288309,30
regime_switch,ppo,65,65,0.9166157516608706,0.18782357500173744,30
regime_switch,ppo,66,66,-0.5330037559956899,0.3128357459115904,30
regime_switch,ppo,67,67,-1.952405080712758,0.38886780904163115,30
regime_switch,ppo,68,68,-1.5992047171500587,0.1877930289338414,30
regime_switch,ppo,69,69,-1.6921905932579335,0.16797548376063223,30
regime_switch,ppo,70,70,-2.36534357353041,0.2597997458523023,30
regime_switch,ppo,71,71,0.3457338406029944,0.18768549514324687,30
regime_switch,ppo,72,72,-0.9524893829137824,0.22187696243080743,30
regime_switch,ppo,73,73,0.1763658786257185,0.1498946464578101,30
regime_switch,ppo,74,74,-1.2776447399421613,0.2464497932732434,30
regime_switch,ppo,75,75,-1.4395212899920864,0.24881666139842504,30
regime_switch,ppo,76,76,-2.533526373850961,0.160375330332642,30
regime_switch,ppo,77,77,-5.861255942560293,0.24041531171284672,30
regime_switch,ppo,78,78,1.1677770765069369,0.14603557560416935,30
regime_switch,ppo,79,79,1.806545966823137,0.22077248429488108,30
regime_switch,ppo,80,80,1.7368713420223116,0.2434797949047335,30
regime_switch,ppo,81,81,-3.182215606073701,0.319211327839675,30
regime_switch,ppo,82,82,-0.7394380715280846,0.2843244940175402,30
regime_switch,ppo,83,83,-2.0525711910268427,0.5226802019292597,30
regime_switch,ppo,84,84,0.8798052678566775,0.09188673638769448,30
regime_switch,ppo,85,85,1.5694347365390904,0.19962864831570143,30
regime_switch,ppo,86,86,-2.332122614376374,0.3002471371489668,30
regime_switch,ppo,87,87,-0.12016087838463818,0.3189023071395364,30
regime_switch,ppo,88,88,1.0442770994665693,0.19764364103890278,30
regime_switch,ppo,89,89,-1.810581130159349,0.24492362347274557,30
regime_switch,ppo,90,90,-1.7650661717424043,0.3415812082162508,30
regime_switch,ppo,91,91,2.576940787415836,0.172070095345802,30
regime_switch,ppo,92,92,2.2365094456598413,0.1620104522041938,30
regime_switch,ppo,93,93,0.16373802686270267,0.16722929561710442,30
regime_switch,ppo,94,94,-6.57829841994597,0.2970939166511182,30
regime_switch,ppo,95,95,-4.983904678914044,0.36034362478323817,30
regime_switch,ppo,96,96,1.1898628853135413,0.21529179680635438,30
regime_switch,ppo,97,97,-0.704529609301253,0.1083509089020216,30
regime_switch,ppo,98,98,-0.8828586030495273,0.24731533501450134,30
regime_switch,ppo,99,99,-0.503573994003343,0.28920947759259735,30
regime_switch,ppo,100,100,-1.2244069450668889,0.1886048751248319,30
regime_switch,ppo,101,101,-1.5778624844568032,0.2465770797984771,30
regime_switch,ppo,102,102,-2.9251432461404505,0.26677717181173705,30
regime_switch,ppo,103,103,-2.8066506956719053,0.29911705526723514,30
regime_switch,ppo,104,104,-0.37934989810918296,0.14097121006112492,30
regime_switch,ppo,105,105,-9.115682818575024,0.5416717617097299,30
regime_switch,ppo,106,106,0.8025862993771113,0.252745700923707,30
regime_switch,ppo,107,107,-2.958876127515552,0.44591477347610825,30
regime_switch,ppo,108,108,-4.935985546678083,0.3769634752546907,30
regime_switch,ppo,109,109,-1.5647455012600915,0.28389190914097095,30
regime_switch,ppo,110,110,0.4926264209635036,0.3548490600557243,30
regime_switch,ppo,111,111,-1.44493495480795,0.12483008789010198,30
regime_switch,ppo,112,112,-1.1236256397859137,0.2995456415357181,30
regime_switch,ppo,113,113,0.7951398656791753,0.24106800205627826,30
regime_switch,ppo,114,114,-1.6927885701754377,0.22701979498497904,30
regime_switch,ppo,115,115,0.5207753500260157,0.08962072487574602,30
regime_switch,ppo,116,116,-3.2039529986810464,0.3289253875968756,30
regime_switch,ppo,117,117,1.4925842650707217,0.10372717953475129,30
regime_switch,ppo,118,118,-1.6120472850695649,0.3064322445933519,30
regime_switch,ppo,119,119,1.219955297806571,0.1763722496204413,30
regime_switch,ppo,120,120,0.2946282534467741,0.23092543889976622,30
regime_switch,ppo,121,121,-9.787257102072719,0.28047307913037095,30
regime_switch,ppo,122,122,0.05473689237196311,0.09690604813699567,30
regime_switch,ppo,123,123,1.4580945206477196,0.1740054815780835,30
regime_switch,ppo,124,124,0.7217985404578542,0.10412946916494897,30
regime_switch,ppo,125,125,-1.0194732950614824,0.08780032226371044,30
regime_switch,ppo,126,126,-0.6618570980366592,0.12948223106341103,30
regime_switch,ppo,127,127,-3.2172419213680996,0.35543222160355187,30
regime_switch,ppo,128,128,-0.48508721802628685,0.31094457639752054,30
regime_switch,ppo,129,129,0.9725660562765484,0.20926034095338722,30
regime_switch,ppo,130,130,-0.3907092472024516,0.3768428658062329,30
regime_switch,ppo,131,131,7.072380499783236,0.18204580993097305,30
regime_switch,ppo,132,132,0.20113282918426023,0.29143008682997174,30
regime_switch,ppo,133,133,-1.7000118302724445,0.3614873419677508,30
regime_switch,ppo,134,134,-0.8266027565618401,0.11685712950004676,30
regime_switch,ppo,135,135,-5.952511945925783,0.3229799827541322,30
regime_switch,ppo,136,136,-4.71853898978452,0.326466450706066,30
regime_switch,ppo,137,137,0.5001280318938779,0.12374744037393082,30
regime_switch,ppo,138,138,0.6083146102932968,0.1412345119234962,30
regime_switch,ppo,139,139,-1.1636003725372248,0.3098822958694668,30
regime_switch,ppo,140,140,0.7496581712125874,0.2472085878329842,30
regime_switch,ppo,141,141,-1.3122253433033038,0.16104362289084873,30
regime_switch,ppo,142,142,1.1454273092908238,0.18211714513013436,30
regime_switch,ppo,143,143,0.7210851927142485,0.17763424467587485,30
regime_switch,ppo,144,144,-1.7193380130353546,0.38356688458380467,30
regime_switch,ppo,145,145,0.5940379813823036,0.16508764914598661,30
regime_switch,ppo,146,146,-0.06241247857826693,0.2797325403108343,30
regime_switch,ppo,147,147,1.1507707120588258,0.2556492908962675,30
regime_switch,ppo,148,148,-7.149079957664979,0.3758498635344706,30
regime_switch,ppo,149,149,2.254631101171789,0.2903546744491639,30
regime_switch,ppo,150,150,1.1336537067854948,0.2373952189862143,30
regime_switch,ppo,151,151,0.516370798472872,0.1404217840239757,30
regime_switch,ppo,152,152,0.2979146119261742,0.15165694511511424,30
regime_switch,ppo,153,153,0.3717675700820422,0.26942249035585114,30
regime_switch,ppo,154,154,0.5130834076148734,0.17688277097783175,30
regime_switch,ppo,155,155,0.08047093457322241,0.1531071862943542,30
regime_switch,ppo,156,156,-1.1580535668939582,0.17060979931086123,30
regime_switch,ppo,157,157,-2.1186197245993146,0.10516327745572748,30
regime_switch,ppo,158,158,-2.9351909141983583,0.3041664676021217,30
regime_switch,ppo,159,159,-3.0920954980465183,0.31038111961787496,30
regime_switch,ppo,160,160,0.5133570794458251,0.1897218904972474,30
regime_switch,ppo,161,161,-3.736861565322215,0.36007405403102666,30
regime_switch,ppo,162,162,-0.46990893678237455,0.3227234613668877,30
regime_switch,ppo,163,163,-0.6429239711562929,0.2204716087886754,30
regime_switch,ppo,164,164,-0.4604604126199092,0.3601473275469198,30
regime_switch,ppo,165,165,0.0004264607745909643,0.2766246529505062,30
regime_switch,ppo,166,166,-3.2201628576722783,0.26597320468916374,30
regime_switch,ppo,167,167,-0.6257082377223,0.13378729748718218,30
regime_switch,ppo,168,168,-1.07723218042109,0.21285126361803725,30
regime_switch,ppo,169,169,0.9040330119746898,0.21576575804315182,30
regime_switch,ppo,170,170,-1.922918678210138,0.30507036267023024,30
regime_switch,ppo,171,171,-0.5735196083726493,0.3292256810940924,30
regime_switch,ppo,172,172,-0.2808138058551819,0.3361820949250775,30
regime_switch,ppo,173,173,-1.5362344391585623,0.18844192883965413,30
regime_switch,ppo,174,174,0.2991486447908631,0.09362459250749476,30
regime_switch,ppo,175,175,-5.526354671527381,0.3646686342704954,30
regime_switch,ppo,176,176,0.8087213153714536,0.10986757162729305,30
regime_switch,ppo,177,177,1.8604963665929262,0.18706029034449825,30
regime_switch,ppo,178,178,0.40776876283762675,0.22927009172721596,30
regime_switch,ppo,179,179,-0.8407441087818963,0.11460953859024117,30
regime_switch,ppo,180,180,0.3308576149609337,0.32151083809019976,30
regime_switch,ppo,181,181,1.785849107010126,0.17385892757081606,30
regime_switch,ppo,182,182,-1.5752517644037027,0.3352036940526602,30
regime_switch,ppo,183,183,-0.5651585897904354,0.2699279348443446,30
regime_switch,ppo,184,184,0.5805622075570085,0.15853651182144338,30
regime_switch,ppo,185,185,0.9263343468827827,0.2515128836089045,30
regime_switch,ppo,186,186,-6.272140719144263,0.25628200146413715,30
regime_switch,ppo,187,187,0.20412933046237924,0.2093186108725673,30
regime_switch,ppo,188,188,-2.005248539448921,0.25950146163879656,30
regime_switch,ppo,189,189,-2.6282035231290832,0.14121159941073783,30
regime_switch,ppo,190,190,-0.8068163606196048,0.09273537198986954,30
regime_switch,ppo,191,191,-7.311395605288214,0.29464002248140786,30
regime_switch,ppo,192,192,-1.6471520890415974,0.20512087019414896,30
regime_switch,ppo,193,193,-0.35254667998985667,0.1508640585036986,30
regime_switch,ppo,194,194,-0.010041183605480342,0.2979001406049906,30
regime_switch,ppo,195,195,0.272308671168787,0.20481521699074873,30
regime_switch,ppo,196,196,-2.933241461712157,0.33350495229485105,30
regime_switch,ppo,197,197,-2.1004803751317063,0.3189086716787555,30
regime_switch,ppo,198,198,-3.3984240636675818,0.2395946421541194,30
regime_switch,ppo,199,199,-1.5810560048686426,0.2740382910263041,30
regime_switch,ppo,200,200,-1.8429220069030094,0.2670029732182769,30
regime_switch,ppo,201,201,0.9133770367398899,0.2579310427776328,30
regime_switch,ppo,202,202,0.8572694368020777,0.2382384630155677,30
regime_switch,ppo,203,203,-2.523623712204108,0.27135846406983355,30
regime_switch,ppo,204,204,-5.898364058737272,0.34520158501447024,30
regime_switch,ppo,205,205,-5.409460997587785,0.21181074933479624,30
regime_switch,ppo,206,206,-2.164589854372892,0.339397504906056,30
regime_switch,ppo,207,207,-0.012573881237770479,0.16464372420711418,30
regime_switch,ppo,208,208,-2.2259286493111574,0.4631905691093483,30
regime_switch,ppo,209,209,0.27399783580632153,0.18079317586466642,30
regime_switch,ppo,210,210,-0.3958708030093874,0.23181876955893718,30
regime_switch,ppo,211,211,0.10719336758035958,0.20035248708198838,30
regime_switch,ppo,212,212,-9.221069945184203,0.3702192709278693,30
regime_switch,ppo,213,213,1.259433156631225,0.22711080682518914,30
regime_switch,ppo,214,214,0.370625431810069,0.16773589518691265,30
regime_switch,ppo,215,215,-0.31453542080554797,0.3244456413440152,30
regime_switch,ppo,216,216,0.005454403180181089,0.2764854252073694,30
regime_switch,ppo,217,217,0.9357789638068761,0.11722987763204079,30
regime_switch,ppo,218,218,-1.5081867035690273,0.21068167325567705,30
regime_switch,ppo,219,219,-1.1899140775028911,0.16402005664439948,30
regime_switch,ppo,220,220,-5.776685640027637,0.33284974854305655,30
regime_switch,ppo,221,221,-1.298311071223365,0.18201890136283003,30
regime_switch,ppo,222,222,1.0408972590192462,0.22040116996338568,30
regime_switch,ppo,223,223,-0.6167471620347982,0.36560134674523004,30
regime_switch,ppo,224,224,-2.9049529827533576,0.40188634923149896,30
regime_switch,ppo,225,225,0.6610267173224322,0.08582293694060965,30
regime_switch,ppo,226,226,0.29086967075560466,0.32165607373064725,30
regime_switch,ppo,227,227,0.8173957067758835,0.19277793380148447,30
regime_switch,ppo,228,228,-3.9462357564808173,0.2992536887580387,30
regime_switch,ppo,229,229,-1.904131800438435,0.17018538636780758,30
regime_switch,ppo,230,230,-1.7792756348069165,0.2541740788304496,30
regime_switch,ppo,231,231,-6.250207241796701,0.4555368625610953,30
regime_switch,ppo,232,232,-1.9436239926008874,0.19806355499342101,30
regime_switch,ppo,233,233,-1.6086640275121908,0.1683493289522226,30
regime_switch,ppo,234,234,-0.5822550699026987,0.1269654181846741,30
regime_switch,ppo,235,235,-3.5228891587433964,0.5172971151946477,30
regime_switch,ppo,236,236,-0.28151351891308707,0.3785324224225971,30
regime_switch,ppo,237,237,-0.7235553565955399,0.26518785153065644,30
regime_switch,ppo,238,238,-1.779918034314215,0.1408508600021223,30
regime_switch,ppo,239,239,-1.025460560009705,0.2879067497210161,30
regime_switch,ppo,240,240,-4.431792887820691,0.21465998993600374,30
regime_switch,ppo,241,241,-0.524618942109008,0.2208554307270547,30
regime_switch,ppo,242,242,-0.9298617038935788,0.171288180670812,30
regime_switch,ppo,243,243,-0.6810301607973628,0.2051013011731069,30
regime_switch,ppo,244,244,-1.2931107269013609,0.2501258422889667,30
regime_switch,ppo,245,245,-4.562478772300821,0.2661729117924388,30
regime_switch,ppo,246,246,0.2559248766891482,0.16814814598968114,30
regime_switch,ppo,247,247,-5.505146227908607,0.3338189154494858,30
regime_switch,ppo,248,248,3.845881620186887,0.27305632598731844,30
regime_switch,ppo,249,249,0.7342387900958869,0.2370445092486519,30
regime_switch,ppo,250,250,-0.03545064525316377,0.1766302089361934,30
regime_switch,ppo,251,251,-4.75752130626951,0.2999664992596863,30
regime_switch,ppo,252,252,-4.249516603856264,0.3644120488259222,30
regime_switch,ppo,253,253,1.45670798598632,0.25649605715816287,30
regime_switch,ppo,254,254,0.32375944479704444,0.19525753730140047,30
regime_switch,ppo,255,255,-7.685823728709453,0.3066418208189879,30
regime_switch,ppo,256,256,-3.05148036478289,0.15257045421966708,30
regime_switch,ppo,257,257,0.582922469761499,0.18399281072255055,30
regime_switch,ppo,258,258,-1.4180213063554206,0.13487792827243306,30
regime_switch,ppo,259,259,1.943550975740223,0.19070728627814698,30
regime_switch,ppo,260,260,-1.3873702255539229,0.32627216686015437,30
regime_switch,ppo,261,261,2.5082373031169,0.20759876560944002,30
regime_switch,ppo,262,262,0.2398960028281607,0.15815252953534645,30
regime_switch,ppo,263,263,-2.1044640120269023,0.18498892055298838,30
regime_switch,ppo,264,264,-1.2901333181313817,0.2942530352872794,30
regime_switch,ppo,265,265,1.1033797492964226,0.187099334605729,30
regime_switch,ppo,266,266,-2.3129151310751563,0.3254806917235031,30
regime_switch,ppo,267,267,-2.8286648966116275,0.2576911848973921,30
regime_switch,ppo,268,268,1.4635477205133327,0.2470646016382525,30
regime_switch,ppo,269,269,-4.3264330796065025,0.322971426764919,30
regime_switch,ppo,270,270,0.32588184158431943,0.2538962254381053,30
regime_switch,ppo,271,271,-5.056000832893561,0.27424864643861824,30
regime_switch,ppo,272,272,0.964736442851569,0.17765291719259468,30
regime_switch,ppo,273,273,0.7702537049470042,0.08939364194104145,30
regime_switch,ppo,274,274,2.495133446352689,0.39580254201758525,30
regime_switch,ppo,275,275,-1.4545140895968558,0.26574241778050645,30
regime_switch,ppo,276,276,1.5543885230603394,0.21781078481169874,30
regime_switch,ppo,277,277,-2.545895927183608,0.3377274395372394,30
regime_switch,ppo,278,278,0.935751029371616,0.21946637821585774,30
regime_switch,ppo,279,279,-1.2189885734474668,0.18610880901905147,30
regime_switch,ppo,280,280,-0.87318984656347,0.14267000110020958,30
regime_switch,ppo,281,281,-0.9972439381038516,0.1435336927253807,30
regime_switch,ppo,282,282,0.4107001552582936,0.09485588627160049,30
regime_switch,ppo,283,283,-1.7680799071862854,0.18384037047765905,30
regime_switch,ppo,284,284,4.1194283065131,0.16180759353193833,30
regime_switch,ppo,285,285,-2.6379596115387827,0.18090491171646927,30
regime_switch,ppo,286,286,0.24959716590855408,0.25079660228214873,30
regime_switch,ppo,287,287,-0.1123946298884313,0.14717605587780164,30
regime_switch,ppo,288,288,-0.8521321517891352,0.20594538737958185,30
regime_switch,ppo,289,289,0.8440730882339977,0.2445943757539383,30
regime_switch,ppo,290,290,-2.0773734766155894,0.19590695620030843,30
regime_switch,ppo,291,291,-1.7783201223561633,0.18230449151266587,30
regime_switch,ppo,292,292,-0.339099339583786,0.18766095617133408,30
regime_switch,ppo,293,293,-1.6231450137861572,0.27028774433503,30
regime_switch,ppo,294,294,-4.630528666751317,0.358210845026502,30
regime_switch,ppo,295,295,-4.160416013971043,0.17428859841990388,30
regime_switch,ppo,296,296,2.296442011420595,0.3424352475488825,30
regime_switch,ppo,297,297,-0.8357351040899559,0.3136724617249636,30
regime_switch,ppo,298,298,-2.4997141886259726,0.3133919267656779,30
regime_switch,ppo,299,299,-3.1573727031297585,0.22458087844977595,30
regime_switch,ppo,300,300,-0.6604649370086122,0.28404379196823465,30
regime_switch,ppo,301,301,-1.5420134564887498,0.14980773117616356,30
regime_switch,ppo,302,302,-1.8760314525920823,0.20634384764829672,30
regime_switch,ppo,303,303,0.9471889034188301,0.12599360502131168,30
regime_switch,ppo,304,304,1.5971722237289612,0.3277177055234215,30
regime_switch,ppo,305,305,-1.5501355213750898,0.28850130385754613,30
regime_switch,ppo,306,306,2.146941026796924,0.2139262588880519,30
regime_switch,ppo,307,307,0.897929316142859,0.322942465739148,30
regime_switch,ppo,308,308,1.5951042331621679,0.0827117091406247,30
regime_switch,ppo,309,309,-3.3577165063977663,0.2854548951397171,30
regime_switch,ppo,310,310,-3.4841353972023654,0.2749019299578726,30
regime_switch,ppo,311,311,-0.23364436074254513,0.33675041733068367,30
regime_switch,ppo,312,312,-2.862894473293508,0.28578567252077475,30
regime_switch,ppo,313,313,-5.200201830939726,0.4154837690145989,30
regime_switch,ppo,314,314,0.7647617512361826,0.2633712948099991,30
regime_switch,ppo,315,315,-0.911130912379039,0.24150700729741587,30
regime_switch,ppo,316,316,1.817001522092852,0.23418079316617435,30
regime_switch,ppo,317,317,-1.9149597762779962,0.22708328464516314,30
regime_switch,ppo,318,318,1.0142230481512655,0.2152448499425668,30
regime_switch,ppo,319,319,-0.12700244258137872,0.1510707539804577,30
regime_switch,ppo,320,320,-0.7534945305535103,0.1959643599569796,30
regime_switch,ppo,321,321,-3.736968738091349,0.38163162310737103,30
regime_switch,ppo,322,322,-3.5970126869600563,0.3473688261099778,30
regime_switch,ppo,323,323,-8.129338554270348,0.35206265246852053,30
regime_switch,ppo,324,324,-2.003437342679746,0.23789739875442473,30
regime_switch,ppo,325,325,-0.9411220767094353,0.17060711602121414,30
regime_switch,ppo,326,326,-2.5665463834604445,0.23363555747301248,30
regime_switch,ppo,327,327,-1.168861423544584,0.320648676233401,30
regime_switch,ppo,328,328,0.5810671350823711,0.16733671070927966,30
regime_switch,ppo,329,329,0.2069677420584295,0.10689246198738393,30
regime_switch,ppo,330,330,-1.6323365162590022,0.2137175361859153,30
regime_switch,ppo,331,331,0.6895638247300795,0.19194063426833963,30
regime_switch,ppo,332,332,-0.06824531337623796,0.4097315106209046,30
regime_switch,ppo,333,333,-0.43360348739757626,0.29116318412022574,30
regime_switch,ppo,334,334,0.5585644883704308,0.10662983285922668,30
regime_switch,ppo,335,335,-1.1083343922410762,0.21578031816956575,30
regime_switch,ppo,336,336,-5.1430239902521535,0.2051588937116358,30
regime_switch,ppo,337,337,-1.1016173083279313,0.15004576698757924,30
regime_switch,ppo,338,338,0.949112874468824,0.3170439633652796,30
regime_switch,ppo,339,339,0.7342665671260278,0.21509869688734004,30
regime_switch,ppo,340,340,-0.15466510620264984,0.11361509304941071,30
regime_switch,ppo,341,341,-2.452654909206423,0.2970001933569926,30
regime_switch,ppo,342,342,0.11405022813433696,0.14242917786980444,30
regime_switch,ppo,343,343,-1.0560744231554082,0.18629433432959505,30
regime_switch,ppo,344,344,1.3895808114656134,0.20730584363174842,30
regime_switch,ppo,345,345,-0.893314206902744,0.20841240398914895,30
regime_switch,ppo,346,346,1.4820038242410192,0.20937189578969512,30
regime_switch,ppo,347,347,0.22253346032103138,0.11383992968394695,30
regime_switch,ppo,348,348,-0.48779173434989254,0.16277308234265264,30
regime_switch,ppo,349,349,0.7709804546744845,0.11524880228672434,30
regime_switch,ppo,350,350,0.22552503368254406,0.2615505361304208,30
regime_switch,ppo,351,351,0.399423627138523,0.10943408093808,30
regime_switch,ppo,352,352,0.8703005825076389,0.24174932877254723,30
regime_switch,ppo,353,353,-4.11315705034103,0.2959692808196794,30
regime_switch,ppo,354,354,-1.6681214449249495,0.3131363561058996,30
regime_switch,ppo,355,355,-0.7084405093736876,0.2193854791537007,30
regime_switch,ppo,356,356,-4.178957078047766,0.24243743420000097,30
regime_switch,ppo,357,357,-0.01191382502834415,0.36923186877450437,30
regime_switch,ppo,358,358,-3.6590466121058682,0.26152764010044915,30
regime_switch,ppo,359,359,0.8806277362689912,0.13714550787461083,30
regime_switch,ppo,360,360,0.213150260521612,0.0885423796612837,30
regime_switch,ppo,361,361,-1.527368677006221,0.14695852824152858,30
regime_switch,ppo,362,362,2.8028133366818366,0.2672267114771556,30
regime_switch,ppo,363,363,-0.28874591876455824,0.20637427156952046,30
regime_switch,ppo,364,364,0.5413464067823952,0.16018751623454816,30
regime_switch,ppo,365,365,-1.539523295657716,0.2890700335612854,30
regime_switch,ppo,366,366,1.2549782318617702,0.28795137449245933,30
regime_switch,ppo,367,367,-2.445647431179296,0.1578564449238111,30
regime_switch,ppo,368,368,-6.081886554779842,0.2306190230818669,30
regime_switch,ppo,369,369,-2.740277985261585,0.21815505943158434,30
regime_switch,ppo,370,370,1.2715245617245259,0.11518677750053721,30
regime_switch,ppo,371,371,0.7798803101415643,0.3018550624013341,30
regime_switch,ppo,372,372,-2.403025205557828,0.13824439943565228,30
regime_switch,ppo,373,373,0.7198096582470725,0.27309681489802806,30
regime_switch,ppo,374,374,-2.021720739401349,0.2981972276783022,30
regime_switch,ppo,375,375,0.294305668883581,0.19392483711844907,30
regime_switch,ppo,376,376,-3.035398818245163,0.25230442216739346,30
regime_switch,ppo,377,377,0.3068761349786797,0.26777853780479355,30
regime_switch,ppo,378,378,0.1392435992911345,0.2259369440813491,30
regime_switch,ppo,379,379,-1.0527928219487848,0.20478931883968615,30
regime_switch,ppo,380,380,0.018732147602747773,0.24529505818398553,30
regime_switch,ppo,381,381,-1.964969953848513,0.1812042733917558,30
regime_switch,ppo,382,382,1.4076309465439039,0.2062623758015229,30
regime_switch,ppo,383,383,-1.607219804419529,0.25921612509106,30
regime_switch,ppo,384,384,5.752366228437296,0.16006160325684535,30
regime_switch,ppo,385,385,3.2118705866854924,0.20091206391081265,30
regime_switch,ppo,386,386,-1.4662636199445895,0.1773069154568794,30
regime_switch,ppo,387,387,0.4853967877944285,0.15579552217447354,30
regime_switch,ppo,388,388,1.4180797212407015,0.21003055356956593,30
regime_switch,ppo,389,389,-0.5823143696939326,0.2982201528786235,30
regime_switch,ppo,390,390,-7.184579566834216,0.3944243331772319,30
regime_switch,ppo,391,391,0.8104392220774521,0.2506104091236126,30
regime_switch,ppo,392,392,-2.328077919190676,0.2982352919752913,30
regime_switch,ppo,393,393,-0.16913426863624714,0.1787281695296396,30
regime_switch,ppo,394,394,-0.19884124995200203,0.14989447955735827,30
regime_switch,ppo,395,395,-0.49579253883355534,0.35692750098698245,30
regime_switch,ppo,396,396,-1.5167981970097966,0.3067839915856376,30
regime_switch,ppo,397,397,1.2688036222908217,0.17133577051434465,30
regime_switch,ppo,398,398,0.3152270625954734,0.08300837309086624,30
regime_switch,ppo,399,399,-1.014495955626316,0.31358332472647654,30
regime_switch,ppo,400,400,-0.006210822773184077,0.17280185765205056,30
regime_switch,ppo,401,401,-1.3706301878091551,0.2609276810353098,30
regime_switch,ppo,402,402,0.27075807520259687,0.11877036962675591,30
regime_switch,ppo,403,403,3.0009639834902657,0.19489490681336905,30
regime_switch,ppo,404,404,0.9867772038362403,0.264017358699812,30
regime_switch,ppo,405,405,-2.129948952045604,0.19249883853487226,30
regime_switch,ppo,406,406,0.952995863313177,0.3290799924405893,30
regime_switch,ppo,407,407,-4.456789655708832,0.27644298725947736,30
regime_switch,ppo,408,408,1.5920148381272252,0.19563075307733788,30
regime_switch,ppo,409,409,-0.6755599100436722,0.10550827963034708,30
regime_switch,ppo,410,410,0.6597656580484745,0.18368704359941807,30
regime_switch,ppo,411,411,-1.5511950444456204,0.25284708260220345,30
regime_switch,ppo,412,412,0.5372086803860299,0.24120166926183245,30
regime_switch,ppo,413,413,-1.3720042085575272,0.2754073992484303,30
regime_switch,ppo,414,414,-2.1726157849982144,0.17519522209396815,30
regime_switch,ppo,415,415,1.797906737728809,0.24890807450482733,30
regime_switch,ppo,416,416,-2.080015733765986,0.21854653063576063,30
regime_switch,ppo,417,417,-2.8081767691092168,0.2186587399793287,30
regime_switch,ppo,418,418,0.4817137273250154,0.281847583084551,30
regime_switch,ppo,419,419,-3.2166991608123325,0.1574234418472812,30
regime_switch,ppo,420,420,0.07303937953570028,0.16407977874730595,30
regime_switch,ppo,421,421,0.23238350366231408,0.12110426832816877,30
regime_switch,ppo,422,422,-1.7559737056699731,0.2669001981693777,30
regime_switch,ppo,423,423,-1.6491305200054,0.30738515252052456,30
regime_switch,ppo,424,424,-0.39230802313491964,0.24949242851040893,30
regime_switch,ppo,425,425,-1.5009291929581678,0.2807602793562073,30
regime_switch,ppo,426,426,0.40925232746189977,0.23304505308483967,30
regime_switch,ppo,427,427,-2.4126643243607777,0.18137886418217575,30
regime_switch,ppo,428,428,1.7338121815903804,0.2613078550290983,30
regime_switch,ppo,429,429,-0.2491282553264753,0.2147495586603289,30
regime_switch,ppo,430,430,-0.9431637540920264,0.34410180876245966,30
regime_switch,ppo,431,431,0.22322869685190483,0.24087339696827192,30
regime_switch,ppo,432,432,-2.0303246021583163,0.3446581630305462,30
regime_switch,ppo,433,433,-0.7193932178842992,0.15278317868988897,30
regime_switch,ppo,434,434,1.7091829629940491,0.1981311954560001,30
regime_switch,ppo,435,435,-0.8057284467062829,0.1753593733229594,30
regime_switch,ppo,436,436,1.7547491133558566,0.18047168693176469,30
regime_switch,ppo,437,437,0.3820703885926342,0.16316466995018605,30
regime_switch,ppo,438,438,-3.0030108601190886,0.20851106883280093,30
regime_switch,ppo,439,439,-1.8975317050446705,0.2509041400952337,30
regime_switch,ppo,440,440,-1.7782685307847572,0.22247435488026218,30
regime_switch,ppo,441,441,-1.079886015174246,0.22151157703442023,30
regime_switch,ppo,442,442,0.01416980385627653,0.2623657969539759,30
regime_switch,ppo,443,443,-0.30013519051991366,0.17411073199712557,30
regime_switch,ppo,444,444,-0.05333366914516091,0.14934408571496174,30
regime_switch,ppo,445,445,-0.3361235331518486,0.14159342594368626,30
regime_switch,ppo,446,446,-3.586196384837459,0.2598124753218249,30
regime_switch,ppo,447,447,-1.8723954762421045,0.21320364367180614,30
regime_switch,ppo,448,448,0.9121624958007768,0.09421896505812528,30
regime_switch,ppo,449,449,-2.5103217592539835,0.37656076251906223,30
regime_switch,sac,0,0,-1.879164810890856,0.2074422897585508,30
regime_switch,sac,1,1,-0.8975770152701834,0.28139175962149054,30
regime_switch,sac,2,2,1.1909186908458906,0.5342014562113571,29
regime_switch,sac,3,3,1.6313509542304487,0.1420522864495151,30
regime_switch,sac,4,4,-5.241883926443858,0.3770408078571404,30
regime_switch,sac,5,5,1.5681688109381753,0.22401959027583823,30
regime_switch,sac,6,6,0.8392486650768554,0.23377139001143385,30
regime_switch,sac,7,7,-1.4171442406308685,0.16659683111239684,30
regime_switch,sac,8,8,2.20959445857984,0.15835409135929945,30
regime_switch,sac,9,9,0.9697530730695512,0.13810090505619457,30
regime_switch,sac,10,10,-0.2666404216739586,0.17382857047863298,30
regime_switch,sac,11,11,-6.576504152396623,0.4995286235730464,29
regime_switch,sac,12,12,0.18663053753628844,0.2611872379096569,29
regime_switch,sac,13,13,-0.18632538631896978,0.4000746781315736,27
regime_switch,sac,14,14,-0.8122572316086547,0.41962828044480066,28
regime_switch,sac,15,15,2.882788003398005,0.1649661100207193,30
regime_switch,sac,16,16,-3.973319808623529,0.38706695472461544,26
regime_switch,sac,17,17,0.00010507289824346344,0.24605062610869682,30
regime_switch,sac,18,18,-0.981518603016724,0.3826659132851297,30
regime_switch,sac,19,19,-5.9112161719319865,0.357688819501212,30
regime_switch,sac,20,20,-0.736383414898981,0.21292471267576005,30
regime_switch,sac,21,21,1.424262087223969,0.2681010738032467,30
regime_switch,sac,22,22,-4.665559384710235,0.5604450625934984,26
regime_switch,sac,23,23,-2.0421213805981857,0.37707915811504933,30
regime_switch,sac,24,24,-1.9552046638432259,0.22249098674907072,30
regime_switch,sac,25,25,-0.5468352118544146,0.325312050609061,27
regime_switch,sac,26,26,-3.381712880443189,0.5216063968479725,27
regime_switch,sac,27,27,-3.525845525679074,0.30862615838864343,30
regime_switch,sac,28,28,2.305330098986957,0.36913616896773527,28
regime_switch,sac,29,29,-1.6204101896863676,0.5610406524641194,30
regime_switch,sac,30,30,1.1677740833448098,0.23513574489153305,30
regime_switch,sac,31,31,-0.4949213259332339,0.3629082274754852,30
regime_switch,sac,32,32,-1.071692448584102,0.29195918473848687,27
regime_switch,sac,33,33,-1.2726561484282257,0.42482342626574754,30
regime_switch,sac,34,34,1.278278156706861,0.3502012586603061,30
regime_switch,sac,35,35,-5.132157737787537,0.37448748946423466,28
regime_switch,sac,36,36,1.6211742964776903,0.26699633340571266,30
regime_switch,sac,37,37,-1.28805766605295,0.14356310560068986,30
regime_switch,sac,38,38,0.11751463614108104,0.24251821863875336,30
regime_switch,sac,39,39,-2.431972562893513,0.4027806832975113,30
regime_switch,sac,40,40,2.2739499152207685,0.2595298500061879,30
regime_switch,sac,41,41,0.7181430549744885,0.2009408948228865,30
regime_switch,sac,42,42,-0.4397974779838023,0.4088608630906873,27
regime_switch,sac,43,43,0.22138628163746077,0.15578907772445053,30
regime_switch,sac,44,44,-2.854931434936887,0.3736860864863946,30
regime_switch,sac,45,45,1.0659900457517608,0.19869875150132707,30
regime_switch,sac,46,46,-4.898054946122059,0.3857139582632562,26
regime_switch,sac,47,47,0.5568535368948915,0.29882375416596896,30
regime_switch,sac,48,48,-4.792098324452354,0.4421371488420325,28
regime_switch,sac,49,49,-3.460860226022362,0.38676641777562354,26
regime_switch,sac,50,50,-8.662803697169764,0.33766390096962384,30
regime_switch,sac,51,51,1.3647142456279369,0.2861336802144768,28
regime_switch,sac,52,52,-1.1011664767111569,0.4001885803721917,28
regime_switch,sac,53,53,-2.2617930784101077,0.5705429360863086,30
regime_switch,sac,54,54,-3.3450659212318214,0.4857090573049906,29
regime_switch,sac,55,55,-5.519872989971319,0.5121749035377817,23
regime_switch,sac,56,56,-11.719836223416351,0.41988282679740774,25
regime_switch,sac,57,57,-5.40286928773504,0.48802172308283703,30
regime_switch,sac,58,58,-0.2865548730601617,0.14999067608740635,30
regime_switch,sac,59,59,-1.302825207041792,0.5089825411414358,28
regime_switch,sac,60,60,3.3130444594760213,0.4101914416068671,30
regime_switch,sac,61,61,-1.134111014699684,0.2837879044005314,28
regime_switch,sac,62,62,-1.0812208501986973,0.2666906794153687,30
regime_switch,sac,63,63,-1.2665944862847454,0.4868543410966632,27
regime_switch,sac,64,64,-1.1324856905309417,0.35646298602051213,27
regime_switch,sac,65,65,2.195165655540464,0.41346989746428986,27
regime_switch,sac,66,66,0.7946811249469201,0.2904732053147958,30
regime_switch,sac,67,67,-2.5424732867153637,0.6057987646575584,30
regime_switch,sac,68,68,-3.2931268973011356,0.40215986272315724,30
regime_switch,sac,69,69,-2.918955164774374,0.47401871289333924,24
regime_switch,sac,70,70,-2.6068416047779266,0.3729258874406343,27
regime_switch,sac,71,71,0.7696429918713612,0.22599228941534757,30
regime_switch,sac,72,72,0.09333665509446121,0.38405397425340415,30
regime_switch,sac,73,73,1.4447270615000924,0.20431275854363898,30
regime_switch,sac,74,74,0.43767250707765015,0.3154337085770847,29
regime_switch,sac,75,75,-0.7448008710018428,0.5058472070450041,29
regime_switch,sac,76,76,-0.785887075380785,0.5705639969195853,25
regime_switch,sac,77,77,-6.065602310198951,0.3871906471881363,30
regime_switch,sac,78,78,-0.4189852483222438,0.24662038956320678,27
regime_switch,sac,79,79,3.5870598550874746,0.3757338271611806,28
regime_switch,sac,80,80,2.156646139345696,0.19098775579756508,30
regime_switch,sac,81,81,-2.5185603791999043,0.5821160326315742,30
regime_switch,sac,82,82,-2.0863519396512302,0.39689642963707766,30
regime_switch,sac,83,83,-0.49240424132725025,0.5724295147113779,30
regime_switch,sac,84,84,-0.19611272846708871,0.15903233325624472,30
regime_switch,sac,85,85,1.8429122338226733,0.2129658825251103,30
regime_switch,sac,86,86,0.4656100518249673,0.589804638211043,26
regime_switch,sac,87,87,-2.529395270865095,0.5449315215924693,30
regime_switch,sac,88,88,1.1670941059446136,0.3766612167891222,27
regime_switch,sac,89,89,-2.20426917773959,0.39196476565616567,29
regime_switch,sac,90,90,-0.12346728369703897,0.4013244694442515,30
regime_switch,sac,91,91,-8.289999970217323,0.4033071635091866,25
regime_switch,sac,92,92,1.6028661130820936,0.2738223533402871,30
regime_switch,sac,93,93,-6.333826045371168,0.45738712897139744,23
regime_switch,sac,94,94,-6.065853744121572,0.33753407941345226,30
regime_switch,sac,95,95,-5.093216306512886,0.540607772678383,30
regime_switch,sac,96,96,2.0042419167449737,0.1976042090960588,30
regime_switch,sac,97,97,-0.355491846059488,0.15512185797521613,30
regime_switch,sac,98,98,1.128914791771109,0.4049703482787226,27
regime_switch,sac,99,99,0.8446953038036185,0.3315979802351042,30
regime_switch,sac,100,100,-4.162365493491265,0.3624361654844133,27
regime_switch,sac,101,101,-3.050845437743604,0.42400537041665015,30
regime_switch,sac,102,102,-5.032968213586386,0.5557223262309272,27
regime_switch,sac,103,103,-4.131421998645578,0.41358178641203064,30
regime_switch,sac,104,104,-2.0489201096527268,1.2869316862530222,23
regime_switch,sac,105,105,-8.744194118031558,0.6860149462480419,29
regime_switch,sac,106,106,-0.7560221329776908,0.39082359708358944,30
regime_switch,sac,107,107,-1.246820750052592,0.4927511579428161,30
regime_switch,sac,108,108,-7.474826253976147,0.527242697927737,30
regime_switch,sac,109,109,-2.209255297927001,0.3208098468213221,28
regime_switch,sac,110,110,1.777221034684473,0.7192949232137316,28
regime_switch,sac,111,111,-1.8717127434075138,0.21769415738026549,30
regime_switch,sac,112,112,-3.306027413234908,0.3155104081488031,30
regime_switch,sac,113,113,-0.9408381366106511,0.5542406361332952,29
regime_switch,sac,114,114,-2.23994331072889,0.3520800831473012,27
regime_switch,sac,115,115,0.036062051143250784,0.16838121902938535,30
regime_switch,sac,116,116,-3.1380677137416058,0.4168106107054559,28
regime_switch,sac,117,117,0.23557204575826063,0.24245563366894227,30
regime_switch,sac,118,118,0.3906629536663644,0.2794537545896976,30
regime_switch,sac,119,119,1.3931831319204804,0.313335609432574,30
regime_switch,sac,120,120,-0.2899216294989486,0.28521734460161385,28
regime_switch,sac,121,121,-7.717123713908112,0.4431771001632901,30
regime_switch,sac,122,122,0.38133051013688046,0.1379191201370426,30
regime_switch,sac,123,123,-5.554241442718379,0.481643312903988,22
regime_switch,sac,124,124,1.0573286305924334,0.2389172704729502,30
regime_switch,sac,125,125,-1.3885082795617354,0.24289195760785354,30
regime_switch,sac,126,126,-1.1765543614375957,0.1749035288011328,30
regime_switch,sac,127,127,-2.3466356396058643,0.3175702780176949,30
regime_switch,sac,128,128,-0.3801750468497289,0.3957655901090451,30
regime_switch,sac,129,129,1.2665180276968044,0.3292055018407773,30
regime_switch,sac,130,130,-0.7813998898003405,0.28053994819006384,29
regime_switch,sac,131,131,-2.147446227551171,0.6264852616889114,21
regime_switch,sac,132,132,1.1526322635110517,0.3345412282649122,30
regime_switch,sac,133,133,-5.817632786270963,0.5558139529021404,28
regime_switch,sac,134,134,0.7643925597203456,0.17885863493790916,30
regime_switch,sac,135,135,-8.954126483292718,0.4315759086828434,30
regime_switch,sac,136,136,-6.990928105323093,0.45034411694915577,27
regime_switch,sac,137,137,1.0307706275271649,0.18964660933347405,30
regime_switch,sac,138,138,-1.1455955439632781,0.3407013696336101,30
regime_switch,sac,139,139,-2.574877822198914,0.6093784968013413,30
regime_switch,sac,140,140,2.406737623965512,0.2678897040324871,30
regime_switch,sac,141,141,-2.5852108959371307,0.25319812723874474,30
regime_switch,sac,142,142,-6.155740441416015,0.5438598967464079,23
regime_switch,sac,143,143,1.3017011563786411,0.39027558281080005,30
regime_switch,sac,144,144,-1.3845160396331373,0.3269308734271098,30
regime_switch,sac,145,145,0.3352939192400335,0.20214233146006513,30
regime_switch,sac,146,146,-0.1414766279308992,0.2560839190036909,30
regime_switch,sac,147,147,0.2955369044276104,0.3056488142971417,30
regime_switch,sac,148,148,-7.760314824364055,0.48403775648491376,30
regime_switch,sac,149,149,2.3198031501026506,0.38452098493103665,30
regime_switch,sac,150,150,1.25564624773574,0.2180769237104131,29
regime_switch,sac,151,151,1.7382730532380855,0.14257436402464493,30
regime_switch,sac,152,152,0.4711077866424027,0.1903106255003478,30
regime_switch,sac,153,153,0.9162102534034346,0.34365611925267314,29
regime_switch,sac,154,154,1.1954368499890506,0.14111376967778014,30
regime_switch,sac,155,155,-0.942735279625353,0.25654068790634477,30
regime_switch,sac,156,156,-1.482669762595684,0.17635171904998784,30
regime_switch,sac,157,157,-2.6896518629963637,0.24453241389563665,30
regime_switch,sac,158,158,-7.8909204335797085,0.5711111136934028,26
regime_switch,sac,159,159,-4.019431993978543,0.5362122432085258,29
regime_switch,sac,160,160,1.7779243860411498,0.27005915425309446,29
regime_switch,sac,161,161,-6.607875018328883,0.6016064680231318,26
regime_switch,sac,162,162,-0.1691581513413638,0.32857386613838985,30
regime_switch,sac,163,163,-1.4214972971205384,0.5064993927594903,29
regime_switch,sac,164,164,0.7084148978801892,0.47485562965319617,30
regime_switch,sac,165,165,-0.5612817628385898,0.3084103346756779,28
regime_switch,sac,166,166,-6.434192608594088,0.478710727748289,27
regime_switch,sac,167,167,-0.39095427471951893,0.15999064881677177,30
regime_switch,sac,168,168,-0.8077596259062716,0.22389318302652367,30
regime_switch,sac,169,169,0.715746779433502,0.38362492003302584,30
regime_switch,sac,170,170,-4.97888409429477,0.507171798259031,27
regime_switch,sac,171,171,-1.5070299231037012,0.4369033771423455,29
regime_switch,sac,172,172,-1.4889405361576848,0.4661814787765869,30
regime_switch,sac,173,173,-7.523498321568326,0.4298658256204527,25
regime_switch,sac,174,174,0.10807434945509087,0.1821050292309056,30
regime_switch,sac,175,175,-5.377745978038405,0.4795764067733296,30
regime_switch,sac,176,176,2.6211760423845547,0.17618589437991986,30
regime_switch,sac,177,177,-1.0289281145232536,0.470166776191934,27
regime_switch,sac,178,178,2.659288874988178,0.2122038825898736,30
regime_switch,sac,179,179,-1.6325370870657174,0.2253595990362218,30
regime_switch,sac,180,180,3.7221193542666384,0.45352835880652814,30
regime_switch,sac,181,181,2.126661950712055,0.18297796318679418,30
regime_switch,sac,182,182,-1.0244599891618975,0.356666254895436,30
regime_switch,sac,183,183,0.24421736185063025,0.2557589608507345,30
regime_switch,sac,184,184,-2.4028961768240293,0.4479861061079202,27
regime_switch,sac,185,185,1.6575319815077307,0.3745344738390276,28
regime_switch,sac,186,186,-8.403823688471636,0.35325164805291254,30
regime_switch,sac,187,187,0.4607731729531821,0.30525013982008525,28
regime_switch,sac,188,188,-0.5103179613214639,0.3353616465186681,30
regime_switch,sac,189,189,-1.2554731040365663,0.16467132201770787,30
regime_switch,sac,190,190,-2.3263425935749993,0.24399945084534927,30
regime_switch,sac,191,191,-9.331238275227589,0.2757138687196031,30
regime_switch,sac,192,192,0.2089915302031784,0.3439502182824038,29
regime_switch,sac,193,193,-8.233604365685167,0.415020344085453,26
regime_switch,sac,194,194,-0.17969092352534943,0.391329025325931,30
regime_switch,sac,195,195,0.03212335919758402,0.4469102174040378,27
regime_switch,sac,196,196,-1.5613532159024288,0.4652625359667739,30
regime_switch,sac,197,197,-2.230531225648228,0.36827039004689266,30
regime_switch,sac,198,198,-2.346125727902855,0.33097408909823167,30
regime_switch,sac,199,199,-1.4009706291181772,0.3478115824591681,30
regime_switch,sac,200,200,-5.423201601053265,0.46680396600122853,27
regime_switch,sac,201,201,0.8352016708767245,0.23504462397468334,30
regime_switch,sac,202,202,0.8206547853700954,0.2526001407539306,30
regime_switch,sac,203,203,0.0740882196086976,0.39063644065507697,30
regime_switch,sac,204,204,-6.3866549173550595,0.4391700389777807,30
regime_switch,sac,205,205,-6.0212746159925885,0.3612615555135183,30
regime_switch,sac,206,206,-2.5981772263239407,0.6370059433589126,29
regime_switch,sac,207,207,-0.2708254596561659,0.43226803951934784,26
regime_switch,sac,208,208,-0.3115958466235469,0.7983234906806193,30
regime_switch,sac,209,209,0.13580794224075632,0.21422313284135164,30
regime_switch,sac,210,210,-0.30036450891893196,0.32013570426507426,27
regime_switch,sac,211,211,1.3534532448565564,0.18642145280988878,30
regime_switch,sac,212,212,-4.818996149541871,0.6241512748671466,30
regime_switch,sac,213,213,0.8422993069215039,0.46495029109060915,30
regime_switch,sac,214,214,0.545758103237219,0.4473171244836377,27
regime_switch,sac,215,215,0.6769059899821315,0.3679107592610474,30
regime_switch,sac,216,216,-4.02804256229652,0.47467677581399104,27
regime_switch,sac,217,217,-1.0942775732592196,0.16164702257001137,30
regime_switch,sac,218,218,-2.1633457038903146,0.42514115603490316,30
regime_switch,sac,219,219,-2.0316394765884276,0.21757832396795043,30
regime_switch,sac,220,220,-11.51664452774574,0.6152251556534172,27
regime_switch,sac,221,221,1.0069425115477806,0.17516445158152688,30
regime_switch,sac,222,222,-1.9987913084019198,0.5762763714358299,26
regime_switch,sac,223,223,-0.8053961217642467,0.47865447875826,28
regime_switch,sac,224,224,-3.6503180260040438,0.6368489742763056,30
regime_switch,sac,225,225,-1.3850217535229348,0.24455853077245485,30
regime_switch,sac,226,226,0.990216253759499,0.31298804018877363,30
regime_switch,sac,227,227,0.7334487861818815,0.20317791288752005,29
regime_switch,sac,228,228,-5.207893175019805,0.36126092957359796,29
regime_switch,sac,229,229,6.207941247227225,0.5124024335821897,28
regime_switch,sac,230,230,-1.32414898856144,0.4969431363760686,30
regime_switch,sac,231,231,-6.614977676074787,0.5608388664424845,28
regime_switch,sac,232,232,-3.5925469942084725,0.3192747896181664,30
regime_switch,sac,233,233,-0.8275109646276917,0.3593747045620445,27
regime_switch,sac,234,234,0.7594900990966273,0.1729272391823042,30
regime_switch,sac,235,235,-1.4893154813804372,0.7953304884682819,30
regime_switch,sac,236,236,2.5254686948404412,0.48268516389645244,30
regime_switch,sac,237,237,0.9447582478742689,0.43185126567737037,30
regime_switch,sac,238,238,-2.668772489282242,0.2326968459704554,30
regime_switch,sac,239,239,-1.9136067389581655,0.4168551934857691,27
regime_switch,sac,240,240,1.466504894515623,0.366737398402723,29
regime_switch,sac,241,241,0.8978596986594738,0.39244066395162036,30
regime_switch,sac,242,242,-2.6266511966298935,0.818566722389609,21
regime_switch,sac,243,243,-0.845392254575458,0.28071340622825236,29
regime_switch,sac,244,244,-4.352192672406559,0.4840346787551595,27
regime_switch,sac,245,245,-5.520460040032802,0.42801945341702113,26
regime_switch,sac,246,246,-0.785665291408101,0.2993105268211652,30
regime_switch,sac,247,247,-2.6743960334622567,0.4439628148919927,30
regime_switch,sac,248,248,1.8464683304780323,0.4612033511335235,27
regime_switch,sac,249,249,-0.8153978230445915,0.4440654980552675,30
regime_switch,sac,250,250,-4.115116745808891,0.4716485558521541,26
regime_switch,sac,251,251,-5.4572094036947405,0.32660259616867793,30
regime_switch,sac,252,252,-4.2180915735137745,0.554784129957319,29
regime_switch,sac,253,253,2.372226220620419,0.29260835680378716,30
regime_switch,sac,254,254,-0.5688434939642235,0.3690175328081434,30
regime_switch,sac,255,255,-0.5386351643076566,0.5207352211340713,30
regime_switch,sac,256,256,-5.587427784946982,0.461508727411248,24
regime_switch,sac,257,257,-1.923900769376857,0.364076415793623,28
regime_switch,sac,258,258,-1.6312738455094102,0.21203285699840238,30
regime_switch,sac,259,259,-0.0022591672671836704,0.3497425697220815,27
regime_switch,sac,260,260,-0.19894738610311435,0.34328207615927553,30
regime_switch,sac,261,261,1.5179723111980508,0.48045642995419136,28
regime_switch,sac,262,262,-4.250046852509158,0.9659107314066676,21
regime_switch,sac,263,263,-1.9184573670299443,0.24012942186863984,30
regime_switch,sac,264,264,-2.306323478626723,0.4696172798512867,28
regime_switch,sac,265,265,-1.2593852921903732,0.429139224114566,27
regime_switch,sac,266,266,-1.6277605749647286,0.33054223266159355,30
regime_switch,sac,267,267,-3.50831571970528,0.5161199894212586,28
regime_switch,sac,268,268,-1.0471805152763238,0.4323508317851401,27
regime_switch,sac,269,269,-0.162856196189324,0.4289742931096819,30
regime_switch,sac,270,270,-0.7564822705420937,0.3692719442378935,29
regime_switch,sac,271,271,-4.903934567003208,0.2776844171088428,30
regime_switch,sac,272,272,1.338530359603718,0.2281440076711068,30
regime_switch,sac,273,273,0.4204568450813291,0.13813066004427496,30
regime_switch,sac,274,274,3.5233153570016214,0.40387479520805614,30
regime_switch,sac,275,275,-1.305897165903943,0.3221196242889704,30
regime_switch,sac,276,276,1.323090861748284,0.24020603990618,29
regime_switch,sac,277,277,-0.9786900886374781,0.5421085420651364,28
regime_switch,sac,278,278,1.4024309169984974,0.2177708053621069,29
regime_switch,sac,279,279,-0.416772699883456,0.21452535504067077,30
regime_switch,sac,280,280,-0.26448197799336626,0.2734572637917166,30
regime_switch,sac,281,281,-1.2455575842968294,0.23021063229522254,30
regime_switch,sac,282,282,-0.09323290108394033,0.17329395731624872,30
regime_switch,sac,283,283,-2.7852238166044536,0.19662491763087422,30
regime_switch,sac,284,284,-7.297519707542165,0.45574517564643113,23
regime_switch,sac,285,285,-4.76468189825999,0.29462347752188967,30
regime_switch,sac,286,286,-2.064130778246252,0.6008176059865691,26
regime_switch,sac,287,287,-0.7193181631293903,0.18154539242238057,30
regime_switch,sac,288,288,-2.2022883833961373,0.3000838818450691,26
regime_switch,sac,289,289,0.8872584018811409,0.36281124453898206,28
regime_switch,sac,290,290,-1.2364928022177963,0.2732112453288076,30
regime_switch,sac,291,291,-2.740320706513117,0.4583925465220449,27
regime_switch,sac,292,292,-0.2199078495813751,0.2833490457531653,30
regime_switch,sac,293,293,-1.8130493705005506,0.35198368889344916,30
regime_switch,sac,294,294,-0.6944626259777777,0.6033481436974758,27
regime_switch,sac,295,295,-4.507761287263051,0.2788395446517249,30
regime_switch,sac,296,296,2.742089060687647,0.40555572488070424,30
regime_switch,sac,297,297,1.4930032936930786,0.4024602765478996,30
regime_switch,sac,298,298,-2.285373854446391,0.3806995939462829,30
regime_switch,sac,299,299,-4.242048951104602,0.23007920620694222,30
regime_switch,sac,300,300,-0.49779023565213265,0.387558519814371,30
regime_switch,sac,301,301,-1.6362396009127131,0.23475325671083963,30
regime_switch,sac,302,302,-3.4434784888715253,0.2525966936457245,30
regime_switch,sac,303,303,1.1437444757095037,0.21863778189135985,30
regime_switch,sac,304,304,1.4397692161134472,0.37904053701635815,30
regime_switch,sac,305,305,-1.7001213122492906,0.4444856178569803,30
regime_switch,sac,306,306,-4.3304193977101875,0.4852962893643711,23
regime_switch,sac,307,307,0.859701679310616,0.22059245576199316,30
regime_switch,sac,308,308,0.6095522958173554,0.1530920281267113,30
regime_switch,sac,309,309,-4.092505290587415,0.5346041114666499,30
regime_switch,sac,310,310,-8.312971415759236,0.4559379744362892,25
regime_switch,sac,311,311,-0.35925469117542264,0.3175265780997185,30
regime_switch,sac,312,312,-0.8521207253254914,0.40670321253043307,28
regime_switch,sac,313,313,-4.488809229057861,0.4474759129941932,30
regime_switch,sac,314,314,2.2951786534055145,0.30708228536023785,30
regime_switch,sac,315,315,-1.1934963429288672,0.23484232522592388,30
regime_switch,sac,316,316,1.9923442280262122,0.22187174042299868,30
regime_switch,sac,317,317,-1.955612901899073,0.334730096123932,28
regime_switch,sac,318,318,0.8127294127830851,0.24107231868808365,29
regime_switch,sac,319,319,1.4019728082520562,0.21741416327546306,30
regime_switch,sac,320,320,-3.8943879643511394,0.44350171770335856,26
regime_switch,sac,321,321,-4.065403361060476,0.45035530754027464,29
regime_switch,sac,322,322,-5.003316898018454,0.3469324411875392,28
regime_switch,sac,323,323,-8.960977883955252,0.47184633438455764,30
regime_switch,sac,324,324,0.7394615387260046,0.41204726949188625,29
regime_switch,sac,325,325,-1.4439294159571823,0.3385819799344791,30
regime_switch,sac,326,326,-1.961729994766209,0.22166505326877659,30
regime_switch,sac,327,327,-0.6878001875484614,0.5168046339848399,28
regime_switch,sac,328,328,1.2431917391274432,0.25428398869808666,30
regime_switch,sac,329,329,-1.3046420598394661,0.17266951325482444,30
regime_switch,sac,330,330,-0.24203791518654327,0.446128263477276,28
regime_switch,sac,331,331,1.3898293273488571,0.1858736870341695,30
regime_switch,sac,332,332,-0.05438508742366821,0.4932498538039751,30
regime_switch,sac,333,333,-1.228827383544953,0.4560319558896536,26
regime_switch,sac,334,334,1.2616330976783559,0.18135161088815274,30
regime_switch,sac,335,335,-3.84325754392556,0.399358000306516,27
regime_switch,sac,336,336,-7.8487288028616575,0.40134658226007586,30
regime_switch,sac,337,337,-2.755225263573365,0.41571347543169307,27
regime_switch,sac,338,338,1.1204950310608979,0.3192102544440271,30
regime_switch,sac,339,339,1.355880340779251,0.2875348150987318,30
regime_switch,sac,340,340,0.4504917765669987,0.17185253608194276,30
regime_switch,sac,341,341,-3.699631904257636,0.43124795112396214,30
regime_switch,sac,342,342,2.017325576737523,0.15262109026800114,30
regime_switch,sac,343,343,-1.4665059517989931,0.34666963412146623,26
regime_switch,sac,344,344,2.0854352369326534,0.2566670908166164,30
regime_switch,sac,345,345,-0.5008135347571852,0.1902657689802822,30
regime_switch,sac,346,346,1.196133834966588,0.23763983651009812,29
regime_switch,sac,347,347,-1.4749727844119782,0.19843955314700704,30
regime_switch,sac,348,348,-0.2753952918568636,0.2586279109989355,30
regime_switch,sac,349,349,1.4549593348672047,0.16797297547242868,30
regime_switch,sac,350,350,-0.23402230101214627,0.41792429634293077,30
regime_switch,sac,351,351,0.8105629361763569,0.1460542875670184,30
regime_switch,sac,352,352,1.470424682171938,0.19329975389013154,30
regime_switch,sac,353,353,-5.260413661673724,0.5808355782176213,27
regime_switch,sac,354,354,-0.24695332027900463,0.36558770570774834,30
regime_switch,sac,355,355,-5.092341424013583,0.49768302132551007,26
regime_switch,sac,356,356,-5.11358688856555,0.3330814812508746,30
regime_switch,sac,357,357,1.6743539785391235,0.5671537921290554,30
regime_switch,sac,358,358,-5.771308637843731,0.45051674412507886,24
regime_switch,sac,359,359,-3.68994318442995,0.5563557842074061,23
regime_switch,sac,360,360,0.050119793100765975,0.15447412643103253,30
regime_switch,sac,361,361,0.21854542498204665,0.20213467822433576,30
regime_switch,sac,362,362,-5.147922652076701,0.6534682005130554,25
regime_switch,sac,363,363,0.4669977101758569,0.31019825657053635,30
regime_switch,sac,364,364,-0.7979683573707064,0.3936835208163753,26
regime_switch,sac,365,365,-3.1845102709474418,0.3474670908086119,27
regime_switch,sac,366,366,0.3924198842078681,0.4454158807374762,30
regime_switch,sac,367,367,-4.617840083070362,0.33280104794033355,27
regime_switch,sac,368,368,-8.773937691863225,0.5029620806073509,26
regime_switch,sac,369,369,-5.27836015048868,0.296685657340832,30
regime_switch,sac,370,370,1.187843986754146,0.2499898775598536,30
regime_switch,sac,371,371,1.2454007777988636,0.4534477279396542,30
regime_switch,sac,372,372,-4.4100219419232225,0.23187430367970654,30
regime_switch,sac,373,373,0.866485598363397,0.48994598146853907,30
regime_switch,sac,374,374,-0.42628848006520315,0.2948901441197066,30
regime_switch,sac,375,375,-3.5841529847083535,0.6167821866347395,24
regime_switch,sac,376,376,-5.8983091854611125,0.45039743648811725,30
regime_switch,sac,377,377,0.7049894805787957,0.4671522245152399,30
regime_switch,sac,378,378,-0.8724233287711769,0.5551626642942816,27
regime_switch,sac,379,379,-0.07480528700391176,0.36598137975693135,28
regime_switch,sac,380,380,-0.13505649651699514,0.3649726413708259,30
regime_switch,sac,381,381,-3.9220633068537296,0.29413845797494453,30
regime_switch,sac,382,382,-1.0391684218611914,0.440627263355384,25
regime_switch,sac,383,383,-1.9904067074325127,0.2862242935613562,29
regime_switch,sac,384,384,-2.801931045852399,0.4768195298297292,21
regime_switch,sac,385,385,2.7619963046595757,0.319069932973632,27
regime_switch,sac,386,386,-2.9154064789519722,0.2526747306610672,30
regime_switch,sac,387,387,-2.4338561083932007,0.3078638816489437,27
regime_switch,sac,388,388,-1.6728015283663922,0.48624548808163903,25
regime_switch,sac,389,389,0.0008228747023366623,0.5060593912833903,30
regime_switch,sac,390,390,-8.580729906080322,0.607380146857581,27
regime_switch,sac,391,391,1.5515850375290867,0.18269445332786904,30
regime_switch,sac,392,392,-2.5186228410012035,0.36423462511623783,28
regime_switch,sac,393,393,0.1124669569318435,0.17354753342243046,30
regime_switch,sac,394,394,-0.47542762706166997,0.24890149331966432,30
regime_switch,sac,395,395,-0.05998084835687223,0.39371844255337946,30
regime_switch,sac,396,396,-2.0170036626607875,0.4127203053898495,30
regime_switch,sac,397,397,2.063990594582009,0.29011355398046285,30
regime_switch,sac,398,398,1.1996556421662774,0.24334441679249552,30
regime_switch,sac,399,399,-2.2273242204431227,0.5937352518017753,27
regime_switch,sac,400,400,0.7994282098766838,0.2103291572748176,30
regime_switch,sac,401,401,1.952988941851487,0.3945129340946342,29
regime_switch,sac,402,402,0.22568460944755486,0.19785468444547186,30
regime_switch,sac,403,403,8.20686415628768,0.5618638132467796,27
regime_switch,sac,404,404,1.733832108044652,0.2866708917519492,30
regime_switch,sac,405,405,-1.1241772605816003,0.2435646500935153,30
regime_switch,sac,406,406,0.5029753114692284,0.6037988116508652,29
regime_switch,sac,407,407,-4.885913552460011,0.4318580492808041,26
regime_switch,sac,408,408,1.5733019805110011,0.17892185619940756,30
regime_switch,sac,409,409,0.3862200014738377,0.15624853015059695,30
regime_switch,sac,410,410,0.28755359958124416,0.30633296391880005,30
regime_switch,sac,411,411,4.25202752553318,0.509046725054129,28
regime_switch,sac,412,412,-0.8442223736698935,0.40916011757176485,30
regime_switch,sac,413,413,-5.609854255192161,0.47828377345880324,29
regime_switch,sac,414,414,-4.092109148358048,0.46830647887292415,25
regime_switch,sac,415,415,2.2392130188609087,0.29304615894425423,30
regime_switch,sac,416,416,-3.124728300719948,0.33324873311450376,30
regime_switch,sac,417,417,-5.966951351917302,0.4318321326813895,30
regime_switch,sac,418,418,0.7205839518611725,0.4122406179002408,30
regime_switch,sac,419,419,-5.030487834922575,0.23741705965369636,30
regime_switch,sac,420,420,0.025313306159759463,0.4153654150230085,25
regime_switch,sac,421,421,0.2597603515627718,0.14381670672008073,30
regime_switch,sac,422,422,-5.261156885739197,0.39763914874097,27
regime_switch,sac,423,423,-2.2039924688940005,0.46087470075569226,30
regime_switch,sac,424,424,-0.06230445889684333,0.38022013855064163,30
regime_switch,sac,425,425,-0.6508072638260671,0.31647265460337304,30
regime_switch,sac,426,426,2.2660258135818196,0.4811331791118139,29
regime_switch,sac,427,427,0.7227763802929523,0.19455058849839726,30
regime_switch,sac,428,428,3.2173663087505844,0.30475373687973034,29
regime_switch,sac,429,429,-0.23350973225973348,0.4118552600036104,30
regime_switch,sac,430,430,-0.3614729832662391,0.5689834465010136,29
regime_switch,sac,431,431,0.4895714271038685,0.25065814632832534,30
regime_switch,sac,432,432,-1.1307696448086801,0.284061415128201,29
regime_switch,sac,433,433,0.21763342605741443,0.16209651473430683,30
regime_switch,sac,434,434,-1.6968724244494808,0.4427314771050414,26
regime_switch,sac,435,435,-1.4585985178458856,0.3837931908819616,27
regime_switch,sac,436,436,1.316597273430844,0.29876048167140395,27
regime_switch,sac,437,437,0.49110284833017204,0.15362879660094772,30
regime_switch,sac,438,438,-3.2667950517897992,0.3543102567411146,30
regime_switch,sac,439,439,-6.65785047466845,0.5460416218283579,25
regime_switch,sac,440,440,-7.145884387604198,0.47037777832694994,25
regime_switch,sac,441,441,-1.6393196981408593,0.31163494498271777,30
regime_switch,sac,442,442,-2.499439295842137,0.5092083343295073,28
regime_switch,sac,443,443,-0.2808547541980957,0.18356259653648074,30
regime_switch,sac,444,444,-0.9294183242209364,0.22249177827925498,30
regime_switch,sac,445,445,-0.20547860827049647,0.347940607762892,27
regime_switch,sac,446,446,-4.716678199415483,0.3383706425948686,30
regime_switch,sac,447,447,-3.6518103730212914,0.27969713251925593,28
regime_switch,sac,448,448,0.5784724808891895,0.16663842298656067,30
regime_switch,sac,449,449,-3.34972131572421,0.610872024844765,28
